source_id,doi,source_path,source_sha256,pdf_page,printed_page,table,source_row,source_column,energy_token,energy_unit,velocity_token,velocity_unit,energy_frame,isotope,projectile,target_initial_state,final_state,observable,value_token,cross_section_unit,method,uncertainty_token,uncertainty_kind,evidence_status,transcription_status,benchmark_admission,interpolation,frame_conversion,new_shell_sum
P03,10.1103/PhysRevA.67.052705,papers/published/P03/PhysRevA.67.052705.pdf,d111275b1225e8d128f80c1188daf9b7eef9bddf8dad350db44a25c989dba81b,9,052705-9,II,20,HSCC,20,eV,,,center_of_mass;PDF8 SectionIV,NOT_EXPLICITLY_ASSIGNED,He2+,H(1s),He+(n=2);four-channel model native charge-transfer total,electron_capture_cross_section,7.1[-9],10^-16 cm^2,HSCC;fully quantum nuclear dynamics;four asymptotic channels,,NO_PER_CELL_UNCERTAINTY;finite-channel convergence not demonstrated by table,LITERATURE_SUPPORTED,VISUAL_TABLE_TRANSCRIPTION;PDF9,SOURCE_NATIVE_CELL_ONLY;G1_NOT_AUTHORIZED,NOT_RUN,NOT_RUN,NOT_RUN
P03,10.1103/PhysRevA.67.052705,papers/published/P03/PhysRevA.67.052705.pdf,d111275b1225e8d128f80c1188daf9b7eef9bddf8dad350db44a25c989dba81b,9,052705-9,II,50,HSCC,50,eV,,,center_of_mass;PDF8 SectionIV,NOT_EXPLICITLY_ASSIGNED,He2+,H(1s),He+(n=2);four-channel model native charge-transfer total,electron_capture_cross_section,8.0[-5],10^-16 cm^2,HSCC;fully quantum nuclear dynamics;four asymptotic channels,,NO_PER_CELL_UNCERTAINTY;finite-channel convergence not demonstrated by table,LITERATURE_SUPPORTED,VISUAL_TABLE_TRANSCRIPTION;PDF9,SOURCE_NATIVE_CELL_ONLY;G1_NOT_AUTHORIZED,NOT_RUN,NOT_RUN,NOT_RUN
P03,10.1103/PhysRevA.67.052705,papers/published/P03/PhysRevA.67.052705.pdf,d111275b1225e8d128f80c1188daf9b7eef9bddf8dad350db44a25c989dba81b,9,052705-9,II,100,HSCC,100,eV,,,center_of_mass;PDF8 SectionIV,NOT_EXPLICITLY_ASSIGNED,He2+,H(1s),He+(n=2);four-channel model native charge-transfer total,electron_capture_cross_section,3.4[-2],10^-16 cm^2,HSCC;fully quantum nuclear dynamics;four asymptotic channels,,NO_PER_CELL_UNCERTAINTY;finite-channel convergence not demonstrated by table,LITERATURE_SUPPORTED,VISUAL_TABLE_TRANSCRIPTION;PDF9,SOURCE_NATIVE_CELL_ONLY;G1_NOT_AUTHORIZED,NOT_RUN,NOT_RUN,NOT_RUN
P03,10.1103/PhysRevA.67.052705,papers/published/P03/PhysRevA.67.052705.pdf,d111275b1225e8d128f80c1188daf9b7eef9bddf8dad350db44a25c989dba81b,9,052705-9,II,200,HSCC,200,eV,,,center_of_mass;PDF8 SectionIV,NOT_EXPLICITLY_ASSIGNED,He2+,H(1s),He+(n=2);four-channel model native charge-transfer total,electron_capture_cross_section,2.4[-1],10^-16 cm^2,HSCC;fully quantum nuclear dynamics;four asymptotic channels,,NO_PER_CELL_UNCERTAINTY;finite-channel convergence not demonstrated by table,LITERATURE_SUPPORTED,VISUAL_TABLE_TRANSCRIPTION;PDF9,SOURCE_NATIVE_CELL_ONLY;G1_NOT_AUTHORIZED,NOT_RUN,NOT_RUN,NOT_RUN
P03,10.1103/PhysRevA.67.052705,papers/published/P03/PhysRevA.67.052705.pdf,d111275b1225e8d128f80c1188daf9b7eef9bddf8dad350db44a25c989dba81b,9,052705-9,II,600,HSCC,600,eV,,,center_of_mass;PDF8 SectionIV,NOT_EXPLICITLY_ASSIGNED,He2+,H(1s),He+(n=2);four-channel model native charge-transfer total,electron_capture_cross_section,1.74,10^-16 cm^2,HSCC;fully quantum nuclear dynamics;four asymptotic channels,,NO_PER_CELL_UNCERTAINTY;finite-channel convergence not demonstrated by table,LITERATURE_SUPPORTED,VISUAL_TABLE_TRANSCRIPTION;PDF9,SOURCE_NATIVE_CELL_ONLY;G1_NOT_AUTHORIZED,NOT_RUN,NOT_RUN,NOT_RUN
P03,10.1103/PhysRevA.67.052705,papers/published/P03/PhysRevA.67.052705.pdf,d111275b1225e8d128f80c1188daf9b7eef9bddf8dad350db44a25c989dba81b,9,052705-9,II,1000,HSCC,1000,eV,,,center_of_mass;PDF8 SectionIV,NOT_EXPLICITLY_ASSIGNED,He2+,H(1s),He+(n=2);four-channel model native charge-transfer total,electron_capture_cross_section,4.42,10^-16 cm^2,HSCC;fully quantum nuclear dynamics;four asymptotic channels,,NO_PER_CELL_UNCERTAINTY;finite-channel convergence not demonstrated by table,LITERATURE_SUPPORTED,VISUAL_TABLE_TRANSCRIPTION;PDF9,SOURCE_NATIVE_CELL_ONLY;G1_NOT_AUTHORIZED,NOT_RUN,NOT_RUN,NOT_RUN
P03,10.1103/PhysRevA.67.052705,papers/published/P03/PhysRevA.67.052705.pdf,d111275b1225e8d128f80c1188daf9b7eef9bddf8dad350db44a25c989dba81b,9,052705-9,II,1600,HSCC,1600,eV,,,center_of_mass;PDF8 SectionIV,NOT_EXPLICITLY_ASSIGNED,He2+,H(1s),He+(n=2);four-channel model native charge-transfer total,electron_capture_cross_section,7.56,10^-16 cm^2,HSCC;fully quantum nuclear dynamics;four asymptotic channels,,NO_PER_CELL_UNCERTAINTY;finite-channel convergence not demonstrated by table,LITERATURE_SUPPORTED,VISUAL_TABLE_TRANSCRIPTION;PDF9,SOURCE_NATIVE_CELL_ONLY;G1_NOT_AUTHORIZED,NOT_RUN,NOT_RUN,NOT_RUN
P03,10.1103/PhysRevA.67.052705,papers/published/P03/PhysRevA.67.052705.pdf,d111275b1225e8d128f80c1188daf9b7eef9bddf8dad350db44a25c989dba81b,9,052705-9,II,2000,HSCC,2000,eV,,,center_of_mass;PDF8 SectionIV,NOT_EXPLICITLY_ASSIGNED,He2+,H(1s),He+(n=2);four-channel model native charge-transfer total,electron_capture_cross_section,9.86,10^-16 cm^2,HSCC;fully quantum nuclear dynamics;four asymptotic channels,,NO_PER_CELL_UNCERTAINTY;finite-channel convergence not demonstrated by table,LITERATURE_SUPPORTED,VISUAL_TABLE_TRANSCRIPTION;PDF9,SOURCE_NATIVE_CELL_ONLY;G1_NOT_AUTHORIZED,NOT_RUN,NOT_RUN,NOT_RUN
P03,10.1103/PhysRevA.67.052705,papers/published/P03/PhysRevA.67.052705.pdf,d111275b1225e8d128f80c1188daf9b7eef9bddf8dad350db44a25c989dba81b,9,052705-9,II,4000,HSCC,4000,eV,,,center_of_mass;PDF8 SectionIV,NOT_EXPLICITLY_ASSIGNED,He2+,H(1s),He+(n=2);four-channel model native charge-transfer total,electron_capture_cross_section,16.2,10^-16 cm^2,HSCC;fully quantum nuclear dynamics;four asymptotic channels,,NO_PER_CELL_UNCERTAINTY;finite-channel convergence not demonstrated by table,LITERATURE_SUPPORTED,VISUAL_TABLE_TRANSCRIPTION;PDF9,SOURCE_NATIVE_CELL_ONLY;G1_NOT_AUTHORIZED,NOT_RUN,NOT_RUN,NOT_RUN
P09,10.1016/j.adt.2019.05.002,papers/published/P09/1-s2.0-S0092640X19300191-main.pdf,a1d662ab0f5689eb99fa3046047139bcf679ab5b512616bcc3790f92f90a9fbf,10,10,25,0.2,1s,,,0.2,atomic_unit_of_velocity,relative_projectile_target_velocity;target-rest electronic representation;no_energy_adapter,NOT_EXPLICITLY_ASSIGNED,He2+,H(1s),He+(1s),electron_capture_cross_section,4.428e−05,10^-16 cm^2,AOCC;author average of B1/B2 GTO bases,1.5e+00,epsilon=abs(sigma_B1-sigma_B2)/sigma_average;dimensionless convergence diagnostic;not Gaussian uncertainty,LITERATURE_SUPPORTED,PDF10_11_VISUAL_PLUS_TWO_TEXT_PARSERS_ALL_TOKENS_MATCH,NATIVE_VELOCITY_ONLY;NO_EXACT_KEVU_ROW_ASSERTED;G1_NOT_AUTHORIZED,NOT_RUN,NOT_RUN,NOT_RUN
P09,10.1016/j.adt.2019.05.002,papers/published/P09/1-s2.0-S0092640X19300191-main.pdf,a1d662ab0f5689eb99fa3046047139bcf679ab5b512616bcc3790f92f90a9fbf,10,10,25,0.2,2s,,,0.2,atomic_unit_of_velocity,relative_projectile_target_velocity;target-rest electronic representation;no_energy_adapter,NOT_EXPLICITLY_ASSIGNED,He2+,H(1s),He+(2s),electron_capture_cross_section,5.939e−01,10^-16 cm^2,AOCC;author average of B1/B2 GTO bases,3.6e−02,epsilon=abs(sigma_B1-sigma_B2)/sigma_average;dimensionless convergence diagnostic;not Gaussian uncertainty,LITERATURE_SUPPORTED,PDF10_11_VISUAL_PLUS_TWO_TEXT_PARSERS_ALL_TOKENS_MATCH,NATIVE_VELOCITY_ONLY;NO_EXACT_KEVU_ROW_ASSERTED;G1_NOT_AUTHORIZED,NOT_RUN,NOT_RUN,NOT_RUN
P09,10.1016/j.adt.2019.05.002,papers/published/P09/1-s2.0-S0092640X19300191-main.pdf,a1d662ab0f5689eb99fa3046047139bcf679ab5b512616bcc3790f92f90a9fbf,10,10,25,0.2,3s,,,0.2,atomic_unit_of_velocity,relative_projectile_target_velocity;target-rest electronic representation;no_energy_adapter,NOT_EXPLICITLY_ASSIGNED,He2+,H(1s),He+(3s),electron_capture_cross_section,1.606e−02,10^-16 cm^2,AOCC;author average of B1/B2 GTO bases,1.2e+00,epsilon=abs(sigma_B1-sigma_B2)/sigma_average;dimensionless convergence diagnostic;not Gaussian uncertainty,LITERATURE_SUPPORTED,PDF10_11_VISUAL_PLUS_TWO_TEXT_PARSERS_ALL_TOKENS_MATCH,NATIVE_VELOCITY_ONLY;NO_EXACT_KEVU_ROW_ASSERTED;G1_NOT_AUTHORIZED,NOT_RUN,NOT_RUN,NOT_RUN
P09,10.1016/j.adt.2019.05.002,papers/published/P09/1-s2.0-S0092640X19300191-main.pdf,a1d662ab0f5689eb99fa3046047139bcf679ab5b512616bcc3790f92f90a9fbf,10,10,25,0.2,4s,,,0.2,atomic_unit_of_velocity,relative_projectile_target_velocity;target-rest electronic representation;no_energy_adapter,NOT_EXPLICITLY_ASSIGNED,He2+,H(1s),He+(4s),electron_capture_cross_section,1.447e−03,10^-16 cm^2,AOCC;author average of B1/B2 GTO bases,5.8e−01,epsilon=abs(sigma_B1-sigma_B2)/sigma_average;dimensionless convergence diagnostic;not Gaussian uncertainty,LITERATURE_SUPPORTED,PDF10_11_VISUAL_PLUS_TWO_TEXT_PARSERS_ALL_TOKENS_MATCH,NATIVE_VELOCITY_ONLY;NO_EXACT_KEVU_ROW_ASSERTED;G1_NOT_AUTHORIZED,NOT_RUN,NOT_RUN,NOT_RUN
P09,10.1016/j.adt.2019.05.002,papers/published/P09/1-s2.0-S0092640X19300191-main.pdf,a1d662ab0f5689eb99fa3046047139bcf679ab5b512616bcc3790f92f90a9fbf,10,10,25,0.2,5s,,,0.2,atomic_unit_of_velocity,relative_projectile_target_velocity;target-rest electronic representation;no_energy_adapter,NOT_EXPLICITLY_ASSIGNED,He2+,H(1s),He+(5s),electron_capture_cross_section,4.632e−04,10^-16 cm^2,AOCC;author average of B1/B2 GTO bases,1.2e+00,epsilon=abs(sigma_B1-sigma_B2)/sigma_average;dimensionless convergence diagnostic;not Gaussian uncertainty,LITERATURE_SUPPORTED,PDF10_11_VISUAL_PLUS_TWO_TEXT_PARSERS_ALL_TOKENS_MATCH,NATIVE_VELOCITY_ONLY;NO_EXACT_KEVU_ROW_ASSERTED;G1_NOT_AUTHORIZED,NOT_RUN,NOT_RUN,NOT_RUN
P09,10.1016/j.adt.2019.05.002,papers/published/P09/1-s2.0-S0092640X19300191-main.pdf,a1d662ab0f5689eb99fa3046047139bcf679ab5b512616bcc3790f92f90a9fbf,10,10,25,0.4,1s,,,0.4,atomic_unit_of_velocity,relative_projectile_target_velocity;target-rest electronic representation;no_energy_adapter,NOT_EXPLICITLY_ASSIGNED,He2+,H(1s),He+(1s),electron_capture_cross_section,1.600e−03,10^-16 cm^2,AOCC;author average of B1/B2 GTO bases,3.0e−01,epsilon=abs(sigma_B1-sigma_B2)/sigma_average;dimensionless convergence diagnostic;not Gaussian uncertainty,LITERATURE_SUPPORTED,PDF10_11_VISUAL_PLUS_TWO_TEXT_PARSERS_ALL_TOKENS_MATCH,NATIVE_VELOCITY_ONLY;NO_EXACT_KEVU_ROW_ASSERTED;G1_NOT_AUTHORIZED,NOT_RUN,NOT_RUN,NOT_RUN
P09,10.1016/j.adt.2019.05.002,papers/published/P09/1-s2.0-S0092640X19300191-main.pdf,a1d662ab0f5689eb99fa3046047139bcf679ab5b512616bcc3790f92f90a9fbf,10,10,25,0.4,2s,,,0.4,atomic_unit_of_velocity,relative_projectile_target_velocity;target-rest electronic representation;no_energy_adapter,NOT_EXPLICITLY_ASSIGNED,He2+,H(1s),He+(2s),electron_capture_cross_section,1.935e+00,10^-16 cm^2,AOCC;author average of B1/B2 GTO bases,1.0e−02,epsilon=abs(sigma_B1-sigma_B2)/sigma_average;dimensionless convergence diagnostic;not Gaussian uncertainty,LITERATURE_SUPPORTED,PDF10_11_VISUAL_PLUS_TWO_TEXT_PARSERS_ALL_TOKENS_MATCH,NATIVE_VELOCITY_ONLY;NO_EXACT_KEVU_ROW_ASSERTED;G1_NOT_AUTHORIZED,NOT_RUN,NOT_RUN,NOT_RUN
P09,10.1016/j.adt.2019.05.002,papers/published/P09/1-s2.0-S0092640X19300191-main.pdf,a1d662ab0f5689eb99fa3046047139bcf679ab5b512616bcc3790f92f90a9fbf,10,10,25,0.4,3s,,,0.4,atomic_unit_of_velocity,relative_projectile_target_velocity;target-rest electronic representation;no_energy_adapter,NOT_EXPLICITLY_ASSIGNED,He2+,H(1s),He+(3s),electron_capture_cross_section,1.208e−01,10^-16 cm^2,AOCC;author average of B1/B2 GTO bases,6.2e−02,epsilon=abs(sigma_B1-sigma_B2)/sigma_average;dimensionless convergence diagnostic;not Gaussian uncertainty,LITERATURE_SUPPORTED,PDF10_11_VISUAL_PLUS_TWO_TEXT_PARSERS_ALL_TOKENS_MATCH,NATIVE_VELOCITY_ONLY;NO_EXACT_KEVU_ROW_ASSERTED;G1_NOT_AUTHORIZED,NOT_RUN,NOT_RUN,NOT_RUN
P09,10.1016/j.adt.2019.05.002,papers/published/P09/1-s2.0-S0092640X19300191-main.pdf,a1d662ab0f5689eb99fa3046047139bcf679ab5b512616bcc3790f92f90a9fbf,10,10,25,0.4,4s,,,0.4,atomic_unit_of_velocity,relative_projectile_target_velocity;target-rest electronic representation;no_energy_adapter,NOT_EXPLICITLY_ASSIGNED,He2+,H(1s),He+(4s),electron_capture_cross_section,5.421e−03,10^-16 cm^2,AOCC;author average of B1/B2 GTO bases,1.6e−01,epsilon=abs(sigma_B1-sigma_B2)/sigma_average;dimensionless convergence diagnostic;not Gaussian uncertainty,LITERATURE_SUPPORTED,PDF10_11_VISUAL_PLUS_TWO_TEXT_PARSERS_ALL_TOKENS_MATCH,NATIVE_VELOCITY_ONLY;NO_EXACT_KEVU_ROW_ASSERTED;G1_NOT_AUTHORIZED,NOT_RUN,NOT_RUN,NOT_RUN
P09,10.1016/j.adt.2019.05.002,papers/published/P09/1-s2.0-S0092640X19300191-main.pdf,a1d662ab0f5689eb99fa3046047139bcf679ab5b512616bcc3790f92f90a9fbf,10,10,25,0.4,5s,,,0.4,atomic_unit_of_velocity,relative_projectile_target_velocity;target-rest electronic representation;no_energy_adapter,NOT_EXPLICITLY_ASSIGNED,He2+,H(1s),He+(5s),electron_capture_cross_section,9.113e−04,10^-16 cm^2,AOCC;author average of B1/B2 GTO bases,5.0e−01,epsilon=abs(sigma_B1-sigma_B2)/sigma_average;dimensionless convergence diagnostic;not Gaussian uncertainty,LITERATURE_SUPPORTED,PDF10_11_VISUAL_PLUS_TWO_TEXT_PARSERS_ALL_TOKENS_MATCH,NATIVE_VELOCITY_ONLY;NO_EXACT_KEVU_ROW_ASSERTED;G1_NOT_AUTHORIZED,NOT_RUN,NOT_RUN,NOT_RUN
P09,10.1016/j.adt.2019.05.002,papers/published/P09/1-s2.0-S0092640X19300191-main.pdf,a1d662ab0f5689eb99fa3046047139bcf679ab5b512616bcc3790f92f90a9fbf,10,10,25,0.6,1s,,,0.6,atomic_unit_of_velocity,relative_projectile_target_velocity;target-rest electronic representation;no_energy_adapter,NOT_EXPLICITLY_ASSIGNED,He2+,H(1s),He+(1s),electron_capture_cross_section,1.106e−02,10^-16 cm^2,AOCC;author average of B1/B2 GTO bases,1.6e−01,epsilon=abs(sigma_B1-sigma_B2)/sigma_average;dimensionless convergence diagnostic;not Gaussian uncertainty,LITERATURE_SUPPORTED,PDF10_11_VISUAL_PLUS_TWO_TEXT_PARSERS_ALL_TOKENS_MATCH,NATIVE_VELOCITY_ONLY;NO_EXACT_KEVU_ROW_ASSERTED;G1_NOT_AUTHORIZED,NOT_RUN,NOT_RUN,NOT_RUN
P09,10.1016/j.adt.2019.05.002,papers/published/P09/1-s2.0-S0092640X19300191-main.pdf,a1d662ab0f5689eb99fa3046047139bcf679ab5b512616bcc3790f92f90a9fbf,10,10,25,0.6,2s,,,0.6,atomic_unit_of_velocity,relative_projectile_target_velocity;target-rest electronic representation;no_energy_adapter,NOT_EXPLICITLY_ASSIGNED,He2+,H(1s),He+(2s),electron_capture_cross_section,2.300e+00,10^-16 cm^2,AOCC;author average of B1/B2 GTO bases,3.4e−02,epsilon=abs(sigma_B1-sigma_B2)/sigma_average;dimensionless convergence diagnostic;not Gaussian uncertainty,LITERATURE_SUPPORTED,PDF10_11_VISUAL_PLUS_TWO_TEXT_PARSERS_ALL_TOKENS_MATCH,NATIVE_VELOCITY_ONLY;NO_EXACT_KEVU_ROW_ASSERTED;G1_NOT_AUTHORIZED,NOT_RUN,NOT_RUN,NOT_RUN
P09,10.1016/j.adt.2019.05.002,papers/published/P09/1-s2.0-S0092640X19300191-main.pdf,a1d662ab0f5689eb99fa3046047139bcf679ab5b512616bcc3790f92f90a9fbf,10,10,25,0.6,3s,,,0.6,atomic_unit_of_velocity,relative_projectile_target_velocity;target-rest electronic representation;no_energy_adapter,NOT_EXPLICITLY_ASSIGNED,He2+,H(1s),He+(3s),electron_capture_cross_section,1.273e−01,10^-16 cm^2,AOCC;author average of B1/B2 GTO bases,6.2e−02,epsilon=abs(sigma_B1-sigma_B2)/sigma_average;dimensionless convergence diagnostic;not Gaussian uncertainty,LITERATURE_SUPPORTED,PDF10_11_VISUAL_PLUS_TWO_TEXT_PARSERS_ALL_TOKENS_MATCH,NATIVE_VELOCITY_ONLY;NO_EXACT_KEVU_ROW_ASSERTED;G1_NOT_AUTHORIZED,NOT_RUN,NOT_RUN,NOT_RUN
P09,10.1016/j.adt.2019.05.002,papers/published/P09/1-s2.0-S0092640X19300191-main.pdf,a1d662ab0f5689eb99fa3046047139bcf679ab5b512616bcc3790f92f90a9fbf,10,10,25,0.6,4s,,,0.6,atomic_unit_of_velocity,relative_projectile_target_velocity;target-rest electronic representation;no_energy_adapter,NOT_EXPLICITLY_ASSIGNED,He2+,H(1s),He+(4s),electron_capture_cross_section,2.155e−02,10^-16 cm^2,AOCC;author average of B1/B2 GTO bases,8.1e−02,epsilon=abs(sigma_B1-sigma_B2)/sigma_average;dimensionless convergence diagnostic;not Gaussian uncertainty,LITERATURE_SUPPORTED,PDF10_11_VISUAL_PLUS_TWO_TEXT_PARSERS_ALL_TOKENS_MATCH,NATIVE_VELOCITY_ONLY;NO_EXACT_KEVU_ROW_ASSERTED;G1_NOT_AUTHORIZED,NOT_RUN,NOT_RUN,NOT_RUN
P09,10.1016/j.adt.2019.05.002,papers/published/P09/1-s2.0-S0092640X19300191-main.pdf,a1d662ab0f5689eb99fa3046047139bcf679ab5b512616bcc3790f92f90a9fbf,10,10,25,0.6,5s,,,0.6,atomic_unit_of_velocity,relative_projectile_target_velocity;target-rest electronic representation;no_energy_adapter,NOT_EXPLICITLY_ASSIGNED,He2+,H(1s),He+(5s),electron_capture_cross_section,4.849e−03,10^-16 cm^2,AOCC;author average of B1/B2 GTO bases,4.1e−01,epsilon=abs(sigma_B1-sigma_B2)/sigma_average;dimensionless convergence diagnostic;not Gaussian uncertainty,LITERATURE_SUPPORTED,PDF10_11_VISUAL_PLUS_TWO_TEXT_PARSERS_ALL_TOKENS_MATCH,NATIVE_VELOCITY_ONLY;NO_EXACT_KEVU_ROW_ASSERTED;G1_NOT_AUTHORIZED,NOT_RUN,NOT_RUN,NOT_RUN
P09,10.1016/j.adt.2019.05.002,papers/published/P09/1-s2.0-S0092640X19300191-main.pdf,a1d662ab0f5689eb99fa3046047139bcf679ab5b512616bcc3790f92f90a9fbf,10,10,25,0.8,1s,,,0.8,atomic_unit_of_velocity,relative_projectile_target_velocity;target-rest electronic representation;no_energy_adapter,NOT_EXPLICITLY_ASSIGNED,He2+,H(1s),He+(1s),electron_capture_cross_section,8.034e−02,10^-16 cm^2,AOCC;author average of B1/B2 GTO bases,8.4e−03,epsilon=abs(sigma_B1-sigma_B2)/sigma_average;dimensionless convergence diagnostic;not Gaussian uncertainty,LITERATURE_SUPPORTED,PDF10_11_VISUAL_PLUS_TWO_TEXT_PARSERS_ALL_TOKENS_MATCH,NATIVE_VELOCITY_ONLY;NO_EXACT_KEVU_ROW_ASSERTED;G1_NOT_AUTHORIZED,NOT_RUN,NOT_RUN,NOT_RUN
P09,10.1016/j.adt.2019.05.002,papers/published/P09/1-s2.0-S0092640X19300191-main.pdf,a1d662ab0f5689eb99fa3046047139bcf679ab5b512616bcc3790f92f90a9fbf,10,10,25,0.8,2s,,,0.8,atomic_unit_of_velocity,relative_projectile_target_velocity;target-rest electronic representation;no_energy_adapter,NOT_EXPLICITLY_ASSIGNED,He2+,H(1s),He+(2s),electron_capture_cross_section,2.165e+00,10^-16 cm^2,AOCC;author average of B1/B2 GTO bases,6.4e−05,epsilon=abs(sigma_B1-sigma_B2)/sigma_average;dimensionless convergence diagnostic;not Gaussian uncertainty,LITERATURE_SUPPORTED,PDF10_11_VISUAL_PLUS_TWO_TEXT_PARSERS_ALL_TOKENS_MATCH,NATIVE_VELOCITY_ONLY;NO_EXACT_KEVU_ROW_ASSERTED;G1_NOT_AUTHORIZED,NOT_RUN,NOT_RUN,NOT_RUN
P09,10.1016/j.adt.2019.05.002,papers/published/P09/1-s2.0-S0092640X19300191-main.pdf,a1d662ab0f5689eb99fa3046047139bcf679ab5b512616bcc3790f92f90a9fbf,10,10,25,0.8,3s,,,0.8,atomic_unit_of_velocity,relative_projectile_target_velocity;target-rest electronic representation;no_energy_adapter,NOT_EXPLICITLY_ASSIGNED,He2+,H(1s),He+(3s),electron_capture_cross_section,2.809e−01,10^-16 cm^2,AOCC;author average of B1/B2 GTO bases,1.2e−02,epsilon=abs(sigma_B1-sigma_B2)/sigma_average;dimensionless convergence diagnostic;not Gaussian uncertainty,LITERATURE_SUPPORTED,PDF10_11_VISUAL_PLUS_TWO_TEXT_PARSERS_ALL_TOKENS_MATCH,NATIVE_VELOCITY_ONLY;NO_EXACT_KEVU_ROW_ASSERTED;G1_NOT_AUTHORIZED,NOT_RUN,NOT_RUN,NOT_RUN
P09,10.1016/j.adt.2019.05.002,papers/published/P09/1-s2.0-S0092640X19300191-main.pdf,a1d662ab0f5689eb99fa3046047139bcf679ab5b512616bcc3790f92f90a9fbf,10,10,25,0.8,4s,,,0.8,atomic_unit_of_velocity,relative_projectile_target_velocity;target-rest electronic representation;no_energy_adapter,NOT_EXPLICITLY_ASSIGNED,He2+,H(1s),He+(4s),electron_capture_cross_section,7.251e−02,10^-16 cm^2,AOCC;author average of B1/B2 GTO bases,1.0e−02,epsilon=abs(sigma_B1-sigma_B2)/sigma_average;dimensionless convergence diagnostic;not Gaussian uncertainty,LITERATURE_SUPPORTED,PDF10_11_VISUAL_PLUS_TWO_TEXT_PARSERS_ALL_TOKENS_MATCH,NATIVE_VELOCITY_ONLY;NO_EXACT_KEVU_ROW_ASSERTED;G1_NOT_AUTHORIZED,NOT_RUN,NOT_RUN,NOT_RUN
P09,10.1016/j.adt.2019.05.002,papers/published/P09/1-s2.0-S0092640X19300191-main.pdf,a1d662ab0f5689eb99fa3046047139bcf679ab5b512616bcc3790f92f90a9fbf,10,10,25,0.8,5s,,,0.8,atomic_unit_of_velocity,relative_projectile_target_velocity;target-rest electronic representation;no_energy_adapter,NOT_EXPLICITLY_ASSIGNED,He2+,H(1s),He+(5s),electron_capture_cross_section,2.549e−02,10^-16 cm^2,AOCC;author average of B1/B2 GTO bases,2.7e−01,epsilon=abs(sigma_B1-sigma_B2)/sigma_average;dimensionless convergence diagnostic;not Gaussian uncertainty,LITERATURE_SUPPORTED,PDF10_11_VISUAL_PLUS_TWO_TEXT_PARSERS_ALL_TOKENS_MATCH,NATIVE_VELOCITY_ONLY;NO_EXACT_KEVU_ROW_ASSERTED;G1_NOT_AUTHORIZED,NOT_RUN,NOT_RUN,NOT_RUN
P09,10.1016/j.adt.2019.05.002,papers/published/P09/1-s2.0-S0092640X19300191-main.pdf,a1d662ab0f5689eb99fa3046047139bcf679ab5b512616bcc3790f92f90a9fbf,10,10,25,1,1s,,,1,atomic_unit_of_velocity,relative_projectile_target_velocity;target-rest electronic representation;no_energy_adapter,NOT_EXPLICITLY_ASSIGNED,He2+,H(1s),He+(1s),electron_capture_cross_section,1.822e−01,10^-16 cm^2,AOCC;author average of B1/B2 GTO bases,1.6e−02,epsilon=abs(sigma_B1-sigma_B2)/sigma_average;dimensionless convergence diagnostic;not Gaussian uncertainty,LITERATURE_SUPPORTED,PDF10_11_VISUAL_PLUS_TWO_TEXT_PARSERS_ALL_TOKENS_MATCH,NATIVE_VELOCITY_ONLY;NO_EXACT_KEVU_ROW_ASSERTED;G1_NOT_AUTHORIZED,NOT_RUN,NOT_RUN,NOT_RUN
P09,10.1016/j.adt.2019.05.002,papers/published/P09/1-s2.0-S0092640X19300191-main.pdf,a1d662ab0f5689eb99fa3046047139bcf679ab5b512616bcc3790f92f90a9fbf,10,10,25,1,2s,,,1,atomic_unit_of_velocity,relative_projectile_target_velocity;target-rest electronic representation;no_energy_adapter,NOT_EXPLICITLY_ASSIGNED,He2+,H(1s),He+(2s),electron_capture_cross_section,1.475e+00,10^-16 cm^2,AOCC;author average of B1/B2 GTO bases,4.0e−03,epsilon=abs(sigma_B1-sigma_B2)/sigma_average;dimensionless convergence diagnostic;not Gaussian uncertainty,LITERATURE_SUPPORTED,PDF10_11_VISUAL_PLUS_TWO_TEXT_PARSERS_ALL_TOKENS_MATCH,NATIVE_VELOCITY_ONLY;NO_EXACT_KEVU_ROW_ASSERTED;G1_NOT_AUTHORIZED,NOT_RUN,NOT_RUN,NOT_RUN
P09,10.1016/j.adt.2019.05.002,papers/published/P09/1-s2.0-S0092640X19300191-main.pdf,a1d662ab0f5689eb99fa3046047139bcf679ab5b512616bcc3790f92f90a9fbf,10,10,25,1,3s,,,1,atomic_unit_of_velocity,relative_projectile_target_velocity;target-rest electronic representation;no_energy_adapter,NOT_EXPLICITLY_ASSIGNED,He2+,H(1s),He+(3s),electron_capture_cross_section,5.358e−01,10^-16 cm^2,AOCC;author average of B1/B2 GTO bases,6.4e−03,epsilon=abs(sigma_B1-sigma_B2)/sigma_average;dimensionless convergence diagnostic;not Gaussian uncertainty,LITERATURE_SUPPORTED,PDF10_11_VISUAL_PLUS_TWO_TEXT_PARSERS_ALL_TOKENS_MATCH,NATIVE_VELOCITY_ONLY;NO_EXACT_KEVU_ROW_ASSERTED;G1_NOT_AUTHORIZED,NOT_RUN,NOT_RUN,NOT_RUN
P09,10.1016/j.adt.2019.05.002,papers/published/P09/1-s2.0-S0092640X19300191-main.pdf,a1d662ab0f5689eb99fa3046047139bcf679ab5b512616bcc3790f92f90a9fbf,10,10,25,1,4s,,,1,atomic_unit_of_velocity,relative_projectile_target_velocity;target-rest electronic representation;no_energy_adapter,NOT_EXPLICITLY_ASSIGNED,He2+,H(1s),He+(4s),electron_capture_cross_section,1.971e−01,10^-16 cm^2,AOCC;author average of B1/B2 GTO bases,4.1e−02,epsilon=abs(sigma_B1-sigma_B2)/sigma_average;dimensionless convergence diagnostic;not Gaussian uncertainty,LITERATURE_SUPPORTED,PDF10_11_VISUAL_PLUS_TWO_TEXT_PARSERS_ALL_TOKENS_MATCH,NATIVE_VELOCITY_ONLY;NO_EXACT_KEVU_ROW_ASSERTED;G1_NOT_AUTHORIZED,NOT_RUN,NOT_RUN,NOT_RUN
P09,10.1016/j.adt.2019.05.002,papers/published/P09/1-s2.0-S0092640X19300191-main.pdf,a1d662ab0f5689eb99fa3046047139bcf679ab5b512616bcc3790f92f90a9fbf,10,10,25,1,5s,,,1,atomic_unit_of_velocity,relative_projectile_target_velocity;target-rest electronic representation;no_energy_adapter,NOT_EXPLICITLY_ASSIGNED,He2+,H(1s),He+(5s),electron_capture_cross_section,8.114e−02,10^-16 cm^2,AOCC;author average of B1/B2 GTO bases,3.7e−01,epsilon=abs(sigma_B1-sigma_B2)/sigma_average;dimensionless convergence diagnostic;not Gaussian uncertainty,LITERATURE_SUPPORTED,PDF10_11_VISUAL_PLUS_TWO_TEXT_PARSERS_ALL_TOKENS_MATCH,NATIVE_VELOCITY_ONLY;NO_EXACT_KEVU_ROW_ASSERTED;G1_NOT_AUTHORIZED,NOT_RUN,NOT_RUN,NOT_RUN
P09,10.1016/j.adt.2019.05.002,papers/published/P09/1-s2.0-S0092640X19300191-main.pdf,a1d662ab0f5689eb99fa3046047139bcf679ab5b512616bcc3790f92f90a9fbf,10,10,25,1.2,1s,,,1.2,atomic_unit_of_velocity,relative_projectile_target_velocity;target-rest electronic representation;no_energy_adapter,NOT_EXPLICITLY_ASSIGNED,He2+,H(1s),He+(1s),electron_capture_cross_section,2.355e−01,10^-16 cm^2,AOCC;author average of B1/B2 GTO bases,1.9e−02,epsilon=abs(sigma_B1-sigma_B2)/sigma_average;dimensionless convergence diagnostic;not Gaussian uncertainty,LITERATURE_SUPPORTED,PDF10_11_VISUAL_PLUS_TWO_TEXT_PARSERS_ALL_TOKENS_MATCH,NATIVE_VELOCITY_ONLY;NO_EXACT_KEVU_ROW_ASSERTED;G1_NOT_AUTHORIZED,NOT_RUN,NOT_RUN,NOT_RUN
P09,10.1016/j.adt.2019.05.002,papers/published/P09/1-s2.0-S0092640X19300191-main.pdf,a1d662ab0f5689eb99fa3046047139bcf679ab5b512616bcc3790f92f90a9fbf,10,10,25,1.2,2s,,,1.2,atomic_unit_of_velocity,relative_projectile_target_velocity;target-rest electronic representation;no_energy_adapter,NOT_EXPLICITLY_ASSIGNED,He2+,H(1s),He+(2s),electron_capture_cross_section,9.075e−01,10^-16 cm^2,AOCC;author average of B1/B2 GTO bases,1.6e−02,epsilon=abs(sigma_B1-sigma_B2)/sigma_average;dimensionless convergence diagnostic;not Gaussian uncertainty,LITERATURE_SUPPORTED,PDF10_11_VISUAL_PLUS_TWO_TEXT_PARSERS_ALL_TOKENS_MATCH,NATIVE_VELOCITY_ONLY;NO_EXACT_KEVU_ROW_ASSERTED;G1_NOT_AUTHORIZED,NOT_RUN,NOT_RUN,NOT_RUN
P09,10.1016/j.adt.2019.05.002,papers/published/P09/1-s2.0-S0092640X19300191-main.pdf,a1d662ab0f5689eb99fa3046047139bcf679ab5b512616bcc3790f92f90a9fbf,10,10,25,1.2,3s,,,1.2,atomic_unit_of_velocity,relative_projectile_target_velocity;target-rest electronic representation;no_energy_adapter,NOT_EXPLICITLY_ASSIGNED,He2+,H(1s),He+(3s),electron_capture_cross_section,4.562e−01,10^-16 cm^2,AOCC;author average of B1/B2 GTO bases,1.2e−02,epsilon=abs(sigma_B1-sigma_B2)/sigma_average;dimensionless convergence diagnostic;not Gaussian uncertainty,LITERATURE_SUPPORTED,PDF10_11_VISUAL_PLUS_TWO_TEXT_PARSERS_ALL_TOKENS_MATCH,NATIVE_VELOCITY_ONLY;NO_EXACT_KEVU_ROW_ASSERTED;G1_NOT_AUTHORIZED,NOT_RUN,NOT_RUN,NOT_RUN
P09,10.1016/j.adt.2019.05.002,papers/published/P09/1-s2.0-S0092640X19300191-main.pdf,a1d662ab0f5689eb99fa3046047139bcf679ab5b512616bcc3790f92f90a9fbf,10,10,25,1.2,4s,,,1.2,atomic_unit_of_velocity,relative_projectile_target_velocity;target-rest electronic representation;no_energy_adapter,NOT_EXPLICITLY_ASSIGNED,He2+,H(1s),He+(4s),electron_capture_cross_section,2.188e−01,10^-16 cm^2,AOCC;author average of B1/B2 GTO bases,4.1e−02,epsilon=abs(sigma_B1-sigma_B2)/sigma_average;dimensionless convergence diagnostic;not Gaussian uncertainty,LITERATURE_SUPPORTED,PDF10_11_VISUAL_PLUS_TWO_TEXT_PARSERS_ALL_TOKENS_MATCH,NATIVE_VELOCITY_ONLY;NO_EXACT_KEVU_ROW_ASSERTED;G1_NOT_AUTHORIZED,NOT_RUN,NOT_RUN,NOT_RUN
P09,10.1016/j.adt.2019.05.002,papers/published/P09/1-s2.0-S0092640X19300191-main.pdf,a1d662ab0f5689eb99fa3046047139bcf679ab5b512616bcc3790f92f90a9fbf,10,10,25,1.2,5s,,,1.2,atomic_unit_of_velocity,relative_projectile_target_velocity;target-rest electronic representation;no_energy_adapter,NOT_EXPLICITLY_ASSIGNED,He2+,H(1s),He+(5s),electron_capture_cross_section,1.079e−01,10^-16 cm^2,AOCC;author average of B1/B2 GTO bases,3.4e−01,epsilon=abs(sigma_B1-sigma_B2)/sigma_average;dimensionless convergence diagnostic;not Gaussian uncertainty,LITERATURE_SUPPORTED,PDF10_11_VISUAL_PLUS_TWO_TEXT_PARSERS_ALL_TOKENS_MATCH,NATIVE_VELOCITY_ONLY;NO_EXACT_KEVU_ROW_ASSERTED;G1_NOT_AUTHORIZED,NOT_RUN,NOT_RUN,NOT_RUN
P09,10.1016/j.adt.2019.05.002,papers/published/P09/1-s2.0-S0092640X19300191-main.pdf,a1d662ab0f5689eb99fa3046047139bcf679ab5b512616bcc3790f92f90a9fbf,10,10,25,1.4,1s,,,1.4,atomic_unit_of_velocity,relative_projectile_target_velocity;target-rest electronic representation;no_energy_adapter,NOT_EXPLICITLY_ASSIGNED,He2+,H(1s),He+(1s),electron_capture_cross_section,2.233e−01,10^-16 cm^2,AOCC;author average of B1/B2 GTO bases,4.2e−02,epsilon=abs(sigma_B1-sigma_B2)/sigma_average;dimensionless convergence diagnostic;not Gaussian uncertainty,LITERATURE_SUPPORTED,PDF10_11_VISUAL_PLUS_TWO_TEXT_PARSERS_ALL_TOKENS_MATCH,NATIVE_VELOCITY_ONLY;NO_EXACT_KEVU_ROW_ASSERTED;G1_NOT_AUTHORIZED,NOT_RUN,NOT_RUN,NOT_RUN
P09,10.1016/j.adt.2019.05.002,papers/published/P09/1-s2.0-S0092640X19300191-main.pdf,a1d662ab0f5689eb99fa3046047139bcf679ab5b512616bcc3790f92f90a9fbf,10,10,25,1.4,2s,,,1.4,atomic_unit_of_velocity,relative_projectile_target_velocity;target-rest electronic representation;no_energy_adapter,NOT_EXPLICITLY_ASSIGNED,He2+,H(1s),He+(2s),electron_capture_cross_section,5.363e−01,10^-16 cm^2,AOCC;author average of B1/B2 GTO bases,2.0e−02,epsilon=abs(sigma_B1-sigma_B2)/sigma_average;dimensionless convergence diagnostic;not Gaussian uncertainty,LITERATURE_SUPPORTED,PDF10_11_VISUAL_PLUS_TWO_TEXT_PARSERS_ALL_TOKENS_MATCH,NATIVE_VELOCITY_ONLY;NO_EXACT_KEVU_ROW_ASSERTED;G1_NOT_AUTHORIZED,NOT_RUN,NOT_RUN,NOT_RUN
P09,10.1016/j.adt.2019.05.002,papers/published/P09/1-s2.0-S0092640X19300191-main.pdf,a1d662ab0f5689eb99fa3046047139bcf679ab5b512616bcc3790f92f90a9fbf,10,10,25,1.4,3s,,,1.4,atomic_unit_of_velocity,relative_projectile_target_velocity;target-rest electronic representation;no_energy_adapter,NOT_EXPLICITLY_ASSIGNED,He2+,H(1s),He+(3s),electron_capture_cross_section,2.918e−01,10^-16 cm^2,AOCC;author average of B1/B2 GTO bases,8.7e−03,epsilon=abs(sigma_B1-sigma_B2)/sigma_average;dimensionless convergence diagnostic;not Gaussian uncertainty,LITERATURE_SUPPORTED,PDF10_11_VISUAL_PLUS_TWO_TEXT_PARSERS_ALL_TOKENS_MATCH,NATIVE_VELOCITY_ONLY;NO_EXACT_KEVU_ROW_ASSERTED;G1_NOT_AUTHORIZED,NOT_RUN,NOT_RUN,NOT_RUN
P09,10.1016/j.adt.2019.05.002,papers/published/P09/1-s2.0-S0092640X19300191-main.pdf,a1d662ab0f5689eb99fa3046047139bcf679ab5b512616bcc3790f92f90a9fbf,10,10,25,1.4,4s,,,1.4,atomic_unit_of_velocity,relative_projectile_target_velocity;target-rest electronic representation;no_energy_adapter,NOT_EXPLICITLY_ASSIGNED,He2+,H(1s),He+(4s),electron_capture_cross_section,1.446e−01,10^-16 cm^2,AOCC;author average of B1/B2 GTO bases,6.3e−02,epsilon=abs(sigma_B1-sigma_B2)/sigma_average;dimensionless convergence diagnostic;not Gaussian uncertainty,LITERATURE_SUPPORTED,PDF10_11_VISUAL_PLUS_TWO_TEXT_PARSERS_ALL_TOKENS_MATCH,NATIVE_VELOCITY_ONLY;NO_EXACT_KEVU_ROW_ASSERTED;G1_NOT_AUTHORIZED,NOT_RUN,NOT_RUN,NOT_RUN
P09,10.1016/j.adt.2019.05.002,papers/published/P09/1-s2.0-S0092640X19300191-main.pdf,a1d662ab0f5689eb99fa3046047139bcf679ab5b512616bcc3790f92f90a9fbf,10,10,25,1.4,5s,,,1.4,atomic_unit_of_velocity,relative_projectile_target_velocity;target-rest electronic representation;no_energy_adapter,NOT_EXPLICITLY_ASSIGNED,He2+,H(1s),He+(5s),electron_capture_cross_section,7.440e−02,10^-16 cm^2,AOCC;author average of B1/B2 GTO bases,3.0e−01,epsilon=abs(sigma_B1-sigma_B2)/sigma_average;dimensionless convergence diagnostic;not Gaussian uncertainty,LITERATURE_SUPPORTED,PDF10_11_VISUAL_PLUS_TWO_TEXT_PARSERS_ALL_TOKENS_MATCH,NATIVE_VELOCITY_ONLY;NO_EXACT_KEVU_ROW_ASSERTED;G1_NOT_AUTHORIZED,NOT_RUN,NOT_RUN,NOT_RUN
P09,10.1016/j.adt.2019.05.002,papers/published/P09/1-s2.0-S0092640X19300191-main.pdf,a1d662ab0f5689eb99fa3046047139bcf679ab5b512616bcc3790f92f90a9fbf,10,10,25,1.6,1s,,,1.6,atomic_unit_of_velocity,relative_projectile_target_velocity;target-rest electronic representation;no_energy_adapter,NOT_EXPLICITLY_ASSIGNED,He2+,H(1s),He+(1s),electron_capture_cross_section,1.954e−01,10^-16 cm^2,AOCC;author average of B1/B2 GTO bases,6.6e−02,epsilon=abs(sigma_B1-sigma_B2)/sigma_average;dimensionless convergence diagnostic;not Gaussian uncertainty,LITERATURE_SUPPORTED,PDF10_11_VISUAL_PLUS_TWO_TEXT_PARSERS_ALL_TOKENS_MATCH,NATIVE_VELOCITY_ONLY;NO_EXACT_KEVU_ROW_ASSERTED;G1_NOT_AUTHORIZED,NOT_RUN,NOT_RUN,NOT_RUN
P09,10.1016/j.adt.2019.05.002,papers/published/P09/1-s2.0-S0092640X19300191-main.pdf,a1d662ab0f5689eb99fa3046047139bcf679ab5b512616bcc3790f92f90a9fbf,10,10,25,1.6,2s,,,1.6,atomic_unit_of_velocity,relative_projectile_target_velocity;target-rest electronic representation;no_energy_adapter,NOT_EXPLICITLY_ASSIGNED,He2+,H(1s),He+(2s),electron_capture_cross_section,3.093e−01,10^-16 cm^2,AOCC;author average of B1/B2 GTO bases,1.0e−02,epsilon=abs(sigma_B1-sigma_B2)/sigma_average;dimensionless convergence diagnostic;not Gaussian uncertainty,LITERATURE_SUPPORTED,PDF10_11_VISUAL_PLUS_TWO_TEXT_PARSERS_ALL_TOKENS_MATCH,NATIVE_VELOCITY_ONLY;NO_EXACT_KEVU_ROW_ASSERTED;G1_NOT_AUTHORIZED,NOT_RUN,NOT_RUN,NOT_RUN
P09,10.1016/j.adt.2019.05.002,papers/published/P09/1-s2.0-S0092640X19300191-main.pdf,a1d662ab0f5689eb99fa3046047139bcf679ab5b512616bcc3790f92f90a9fbf,10,10,25,1.6,3s,,,1.6,atomic_unit_of_velocity,relative_projectile_target_velocity;target-rest electronic representation;no_energy_adapter,NOT_EXPLICITLY_ASSIGNED,He2+,H(1s),He+(3s),electron_capture_cross_section,1.648e−01,10^-16 cm^2,AOCC;author average of B1/B2 GTO bases,1.1e−02,epsilon=abs(sigma_B1-sigma_B2)/sigma_average;dimensionless convergence diagnostic;not Gaussian uncertainty,LITERATURE_SUPPORTED,PDF10_11_VISUAL_PLUS_TWO_TEXT_PARSERS_ALL_TOKENS_MATCH,NATIVE_VELOCITY_ONLY;NO_EXACT_KEVU_ROW_ASSERTED;G1_NOT_AUTHORIZED,NOT_RUN,NOT_RUN,NOT_RUN
P09,10.1016/j.adt.2019.05.002,papers/published/P09/1-s2.0-S0092640X19300191-main.pdf,a1d662ab0f5689eb99fa3046047139bcf679ab5b512616bcc3790f92f90a9fbf,10,10,25,1.6,4s,,,1.6,atomic_unit_of_velocity,relative_projectile_target_velocity;target-rest electronic representation;no_energy_adapter,NOT_EXPLICITLY_ASSIGNED,He2+,H(1s),He+(4s),electron_capture_cross_section,8.419e−02,10^-16 cm^2,AOCC;author average of B1/B2 GTO bases,6.0e−02,epsilon=abs(sigma_B1-sigma_B2)/sigma_average;dimensionless convergence diagnostic;not Gaussian uncertainty,LITERATURE_SUPPORTED,PDF10_11_VISUAL_PLUS_TWO_TEXT_PARSERS_ALL_TOKENS_MATCH,NATIVE_VELOCITY_ONLY;NO_EXACT_KEVU_ROW_ASSERTED;G1_NOT_AUTHORIZED,NOT_RUN,NOT_RUN,NOT_RUN
P09,10.1016/j.adt.2019.05.002,papers/published/P09/1-s2.0-S0092640X19300191-main.pdf,a1d662ab0f5689eb99fa3046047139bcf679ab5b512616bcc3790f92f90a9fbf,10,10,25,1.6,5s,,,1.6,atomic_unit_of_velocity,relative_projectile_target_velocity;target-rest electronic representation;no_energy_adapter,NOT_EXPLICITLY_ASSIGNED,He2+,H(1s),He+(5s),electron_capture_cross_section,4.627e−02,10^-16 cm^2,AOCC;author average of B1/B2 GTO bases,2.6e−01,epsilon=abs(sigma_B1-sigma_B2)/sigma_average;dimensionless convergence diagnostic;not Gaussian uncertainty,LITERATURE_SUPPORTED,PDF10_11_VISUAL_PLUS_TWO_TEXT_PARSERS_ALL_TOKENS_MATCH,NATIVE_VELOCITY_ONLY;NO_EXACT_KEVU_ROW_ASSERTED;G1_NOT_AUTHORIZED,NOT_RUN,NOT_RUN,NOT_RUN
P09,10.1016/j.adt.2019.05.002,papers/published/P09/1-s2.0-S0092640X19300191-main.pdf,a1d662ab0f5689eb99fa3046047139bcf679ab5b512616bcc3790f92f90a9fbf,10,10,25,1.8,1s,,,1.8,atomic_unit_of_velocity,relative_projectile_target_velocity;target-rest electronic representation;no_energy_adapter,NOT_EXPLICITLY_ASSIGNED,He2+,H(1s),He+(1s),electron_capture_cross_section,1.374e−01,10^-16 cm^2,AOCC;author average of B1/B2 GTO bases,3.6e−02,epsilon=abs(sigma_B1-sigma_B2)/sigma_average;dimensionless convergence diagnostic;not Gaussian uncertainty,LITERATURE_SUPPORTED,PDF10_11_VISUAL_PLUS_TWO_TEXT_PARSERS_ALL_TOKENS_MATCH,NATIVE_VELOCITY_ONLY;NO_EXACT_KEVU_ROW_ASSERTED;G1_NOT_AUTHORIZED,NOT_RUN,NOT_RUN,NOT_RUN
P09,10.1016/j.adt.2019.05.002,papers/published/P09/1-s2.0-S0092640X19300191-main.pdf,a1d662ab0f5689eb99fa3046047139bcf679ab5b512616bcc3790f92f90a9fbf,10,10,25,1.8,2s,,,1.8,atomic_unit_of_velocity,relative_projectile_target_velocity;target-rest electronic representation;no_energy_adapter,NOT_EXPLICITLY_ASSIGNED,He2+,H(1s),He+(2s),electron_capture_cross_section,1.786e−01,10^-16 cm^2,AOCC;author average of B1/B2 GTO bases,7.6e−04,epsilon=abs(sigma_B1-sigma_B2)/sigma_average;dimensionless convergence diagnostic;not Gaussian uncertainty,LITERATURE_SUPPORTED,PDF10_11_VISUAL_PLUS_TWO_TEXT_PARSERS_ALL_TOKENS_MATCH,NATIVE_VELOCITY_ONLY;NO_EXACT_KEVU_ROW_ASSERTED;G1_NOT_AUTHORIZED,NOT_RUN,NOT_RUN,NOT_RUN
P09,10.1016/j.adt.2019.05.002,papers/published/P09/1-s2.0-S0092640X19300191-main.pdf,a1d662ab0f5689eb99fa3046047139bcf679ab5b512616bcc3790f92f90a9fbf,10,10,25,1.8,3s,,,1.8,atomic_unit_of_velocity,relative_projectile_target_velocity;target-rest electronic representation;no_energy_adapter,NOT_EXPLICITLY_ASSIGNED,He2+,H(1s),He+(3s),electron_capture_cross_section,9.080e−02,10^-16 cm^2,AOCC;author average of B1/B2 GTO bases,1.3e−02,epsilon=abs(sigma_B1-sigma_B2)/sigma_average;dimensionless convergence diagnostic;not Gaussian uncertainty,LITERATURE_SUPPORTED,PDF10_11_VISUAL_PLUS_TWO_TEXT_PARSERS_ALL_TOKENS_MATCH,NATIVE_VELOCITY_ONLY;NO_EXACT_KEVU_ROW_ASSERTED;G1_NOT_AUTHORIZED,NOT_RUN,NOT_RUN,NOT_RUN
P09,10.1016/j.adt.2019.05.002,papers/published/P09/1-s2.0-S0092640X19300191-main.pdf,a1d662ab0f5689eb99fa3046047139bcf679ab5b512616bcc3790f92f90a9fbf,10,10,25,1.8,4s,,,1.8,atomic_unit_of_velocity,relative_projectile_target_velocity;target-rest electronic representation;no_energy_adapter,NOT_EXPLICITLY_ASSIGNED,He2+,H(1s),He+(4s),electron_capture_cross_section,4.437e−02,10^-16 cm^2,AOCC;author average of B1/B2 GTO bases,4.7e−02,epsilon=abs(sigma_B1-sigma_B2)/sigma_average;dimensionless convergence diagnostic;not Gaussian uncertainty,LITERATURE_SUPPORTED,PDF10_11_VISUAL_PLUS_TWO_TEXT_PARSERS_ALL_TOKENS_MATCH,NATIVE_VELOCITY_ONLY;NO_EXACT_KEVU_ROW_ASSERTED;G1_NOT_AUTHORIZED,NOT_RUN,NOT_RUN,NOT_RUN
P09,10.1016/j.adt.2019.05.002,papers/published/P09/1-s2.0-S0092640X19300191-main.pdf,a1d662ab0f5689eb99fa3046047139bcf679ab5b512616bcc3790f92f90a9fbf,10,10,25,1.8,5s,,,1.8,atomic_unit_of_velocity,relative_projectile_target_velocity;target-rest electronic representation;no_energy_adapter,NOT_EXPLICITLY_ASSIGNED,He2+,H(1s),He+(5s),electron_capture_cross_section,2.403e−02,10^-16 cm^2,AOCC;author average of B1/B2 GTO bases,1.4e−01,epsilon=abs(sigma_B1-sigma_B2)/sigma_average;dimensionless convergence diagnostic;not Gaussian uncertainty,LITERATURE_SUPPORTED,PDF10_11_VISUAL_PLUS_TWO_TEXT_PARSERS_ALL_TOKENS_MATCH,NATIVE_VELOCITY_ONLY;NO_EXACT_KEVU_ROW_ASSERTED;G1_NOT_AUTHORIZED,NOT_RUN,NOT_RUN,NOT_RUN
P09,10.1016/j.adt.2019.05.002,papers/published/P09/1-s2.0-S0092640X19300191-main.pdf,a1d662ab0f5689eb99fa3046047139bcf679ab5b512616bcc3790f92f90a9fbf,10,10,25,2,1s,,,2,atomic_unit_of_velocity,relative_projectile_target_velocity;target-rest electronic representation;no_energy_adapter,NOT_EXPLICITLY_ASSIGNED,He2+,H(1s),He+(1s),electron_capture_cross_section,9.756e−02,10^-16 cm^2,AOCC;author average of B1/B2 GTO bases,7.1e−03,epsilon=abs(sigma_B1-sigma_B2)/sigma_average;dimensionless convergence diagnostic;not Gaussian uncertainty,LITERATURE_SUPPORTED,PDF10_11_VISUAL_PLUS_TWO_TEXT_PARSERS_ALL_TOKENS_MATCH,NATIVE_VELOCITY_ONLY;NO_EXACT_KEVU_ROW_ASSERTED;G1_NOT_AUTHORIZED,NOT_RUN,NOT_RUN,NOT_RUN
P09,10.1016/j.adt.2019.05.002,papers/published/P09/1-s2.0-S0092640X19300191-main.pdf,a1d662ab0f5689eb99fa3046047139bcf679ab5b512616bcc3790f92f90a9fbf,10,10,25,2,2s,,,2,atomic_unit_of_velocity,relative_projectile_target_velocity;target-rest electronic representation;no_energy_adapter,NOT_EXPLICITLY_ASSIGNED,He2+,H(1s),He+(2s),electron_capture_cross_section,1.001e−01,10^-16 cm^2,AOCC;author average of B1/B2 GTO bases,3.9e−05,epsilon=abs(sigma_B1-sigma_B2)/sigma_average;dimensionless convergence diagnostic;not Gaussian uncertainty,LITERATURE_SUPPORTED,PDF10_11_VISUAL_PLUS_TWO_TEXT_PARSERS_ALL_TOKENS_MATCH,NATIVE_VELOCITY_ONLY;NO_EXACT_KEVU_ROW_ASSERTED;G1_NOT_AUTHORIZED,NOT_RUN,NOT_RUN,NOT_RUN
P09,10.1016/j.adt.2019.05.002,papers/published/P09/1-s2.0-S0092640X19300191-main.pdf,a1d662ab0f5689eb99fa3046047139bcf679ab5b512616bcc3790f92f90a9fbf,10,10,25,2,3s,,,2,atomic_unit_of_velocity,relative_projectile_target_velocity;target-rest electronic representation;no_energy_adapter,NOT_EXPLICITLY_ASSIGNED,He2+,H(1s),He+(3s),electron_capture_cross_section,4.720e−02,10^-16 cm^2,AOCC;author average of B1/B2 GTO bases,4.1e−03,epsilon=abs(sigma_B1-sigma_B2)/sigma_average;dimensionless convergence diagnostic;not Gaussian uncertainty,LITERATURE_SUPPORTED,PDF10_11_VISUAL_PLUS_TWO_TEXT_PARSERS_ALL_TOKENS_MATCH,NATIVE_VELOCITY_ONLY;NO_EXACT_KEVU_ROW_ASSERTED;G1_NOT_AUTHORIZED,NOT_RUN,NOT_RUN,NOT_RUN
P09,10.1016/j.adt.2019.05.002,papers/published/P09/1-s2.0-S0092640X19300191-main.pdf,a1d662ab0f5689eb99fa3046047139bcf679ab5b512616bcc3790f92f90a9fbf,10,10,25,2,4s,,,2,atomic_unit_of_velocity,relative_projectile_target_velocity;target-rest electronic representation;no_energy_adapter,NOT_EXPLICITLY_ASSIGNED,He2+,H(1s),He+(4s),electron_capture_cross_section,2.438e−02,10^-16 cm^2,AOCC;author average of B1/B2 GTO bases,7.5e−02,epsilon=abs(sigma_B1-sigma_B2)/sigma_average;dimensionless convergence diagnostic;not Gaussian uncertainty,LITERATURE_SUPPORTED,PDF10_11_VISUAL_PLUS_TWO_TEXT_PARSERS_ALL_TOKENS_MATCH,NATIVE_VELOCITY_ONLY;NO_EXACT_KEVU_ROW_ASSERTED;G1_NOT_AUTHORIZED,NOT_RUN,NOT_RUN,NOT_RUN
P09,10.1016/j.adt.2019.05.002,papers/published/P09/1-s2.0-S0092640X19300191-main.pdf,a1d662ab0f5689eb99fa3046047139bcf679ab5b512616bcc3790f92f90a9fbf,10,10,25,2,5s,,,2,atomic_unit_of_velocity,relative_projectile_target_velocity;target-rest electronic representation;no_energy_adapter,NOT_EXPLICITLY_ASSIGNED,He2+,H(1s),He+(5s),electron_capture_cross_section,1.303e−02,10^-16 cm^2,AOCC;author average of B1/B2 GTO bases,2.0e−01,epsilon=abs(sigma_B1-sigma_B2)/sigma_average;dimensionless convergence diagnostic;not Gaussian uncertainty,LITERATURE_SUPPORTED,PDF10_11_VISUAL_PLUS_TWO_TEXT_PARSERS_ALL_TOKENS_MATCH,NATIVE_VELOCITY_ONLY;NO_EXACT_KEVU_ROW_ASSERTED;G1_NOT_AUTHORIZED,NOT_RUN,NOT_RUN,NOT_RUN
P09,10.1016/j.adt.2019.05.002,papers/published/P09/1-s2.0-S0092640X19300191-main.pdf,a1d662ab0f5689eb99fa3046047139bcf679ab5b512616bcc3790f92f90a9fbf,10,10,26,0.2,2p,,,0.2,atomic_unit_of_velocity,relative_projectile_target_velocity;target-rest electronic representation;no_energy_adapter,NOT_EXPLICITLY_ASSIGNED,He2+,H(1s),He+(2p),electron_capture_cross_section,1.980e+00,10^-16 cm^2,AOCC;author average of B1/B2 GTO bases,5.0e−02,epsilon=abs(sigma_B1-sigma_B2)/sigma_average;dimensionless convergence diagnostic;not Gaussian uncertainty,LITERATURE_SUPPORTED,PDF10_11_VISUAL_PLUS_TWO_TEXT_PARSERS_ALL_TOKENS_MATCH,NATIVE_VELOCITY_ONLY;NO_EXACT_KEVU_ROW_ASSERTED;G1_NOT_AUTHORIZED,NOT_RUN,NOT_RUN,NOT_RUN
P09,10.1016/j.adt.2019.05.002,papers/published/P09/1-s2.0-S0092640X19300191-main.pdf,a1d662ab0f5689eb99fa3046047139bcf679ab5b512616bcc3790f92f90a9fbf,10,10,26,0.2,3p,,,0.2,atomic_unit_of_velocity,relative_projectile_target_velocity;target-rest electronic representation;no_energy_adapter,NOT_EXPLICITLY_ASSIGNED,He2+,H(1s),He+(3p),electron_capture_cross_section,3.223e−02,10^-16 cm^2,AOCC;author average of B1/B2 GTO bases,4.8e−01,epsilon=abs(sigma_B1-sigma_B2)/sigma_average;dimensionless convergence diagnostic;not Gaussian uncertainty,LITERATURE_SUPPORTED,PDF10_11_VISUAL_PLUS_TWO_TEXT_PARSERS_ALL_TOKENS_MATCH,NATIVE_VELOCITY_ONLY;NO_EXACT_KEVU_ROW_ASSERTED;G1_NOT_AUTHORIZED,NOT_RUN,NOT_RUN,NOT_RUN
P09,10.1016/j.adt.2019.05.002,papers/published/P09/1-s2.0-S0092640X19300191-main.pdf,a1d662ab0f5689eb99fa3046047139bcf679ab5b512616bcc3790f92f90a9fbf,10,10,26,0.2,4p,,,0.2,atomic_unit_of_velocity,relative_projectile_target_velocity;target-rest electronic representation;no_energy_adapter,NOT_EXPLICITLY_ASSIGNED,He2+,H(1s),He+(4p),electron_capture_cross_section,6.935e−03,10^-16 cm^2,AOCC;author average of B1/B2 GTO bases,9.5e−01,epsilon=abs(sigma_B1-sigma_B2)/sigma_average;dimensionless convergence diagnostic;not Gaussian uncertainty,LITERATURE_SUPPORTED,PDF10_11_VISUAL_PLUS_TWO_TEXT_PARSERS_ALL_TOKENS_MATCH,NATIVE_VELOCITY_ONLY;NO_EXACT_KEVU_ROW_ASSERTED;G1_NOT_AUTHORIZED,NOT_RUN,NOT_RUN,NOT_RUN
P09,10.1016/j.adt.2019.05.002,papers/published/P09/1-s2.0-S0092640X19300191-main.pdf,a1d662ab0f5689eb99fa3046047139bcf679ab5b512616bcc3790f92f90a9fbf,10,10,26,0.2,5p,,,0.2,atomic_unit_of_velocity,relative_projectile_target_velocity;target-rest electronic representation;no_energy_adapter,NOT_EXPLICITLY_ASSIGNED,He2+,H(1s),He+(5p),electron_capture_cross_section,3.612e−04,10^-16 cm^2,AOCC;author average of B1/B2 GTO bases,6.8e−01,epsilon=abs(sigma_B1-sigma_B2)/sigma_average;dimensionless convergence diagnostic;not Gaussian uncertainty,LITERATURE_SUPPORTED,PDF10_11_VISUAL_PLUS_TWO_TEXT_PARSERS_ALL_TOKENS_MATCH,NATIVE_VELOCITY_ONLY;NO_EXACT_KEVU_ROW_ASSERTED;G1_NOT_AUTHORIZED,NOT_RUN,NOT_RUN,NOT_RUN
P09,10.1016/j.adt.2019.05.002,papers/published/P09/1-s2.0-S0092640X19300191-main.pdf,a1d662ab0f5689eb99fa3046047139bcf679ab5b512616bcc3790f92f90a9fbf,10,10,26,0.2,3d,,,0.2,atomic_unit_of_velocity,relative_projectile_target_velocity;target-rest electronic representation;no_energy_adapter,NOT_EXPLICITLY_ASSIGNED,He2+,H(1s),He+(3d),electron_capture_cross_section,1.115e−01,10^-16 cm^2,AOCC;author average of B1/B2 GTO bases,9.1e−02,epsilon=abs(sigma_B1-sigma_B2)/sigma_average;dimensionless convergence diagnostic;not Gaussian uncertainty,LITERATURE_SUPPORTED,PDF10_11_VISUAL_PLUS_TWO_TEXT_PARSERS_ALL_TOKENS_MATCH,NATIVE_VELOCITY_ONLY;NO_EXACT_KEVU_ROW_ASSERTED;G1_NOT_AUTHORIZED,NOT_RUN,NOT_RUN,NOT_RUN
P09,10.1016/j.adt.2019.05.002,papers/published/P09/1-s2.0-S0092640X19300191-main.pdf,a1d662ab0f5689eb99fa3046047139bcf679ab5b512616bcc3790f92f90a9fbf,10,10,26,0.4,2p,,,0.4,atomic_unit_of_velocity,relative_projectile_target_velocity;target-rest electronic representation;no_energy_adapter,NOT_EXPLICITLY_ASSIGNED,He2+,H(1s),He+(2p),electron_capture_cross_section,8.094e+00,10^-16 cm^2,AOCC;author average of B1/B2 GTO bases,3.9e−03,epsilon=abs(sigma_B1-sigma_B2)/sigma_average;dimensionless convergence diagnostic;not Gaussian uncertainty,LITERATURE_SUPPORTED,PDF10_11_VISUAL_PLUS_TWO_TEXT_PARSERS_ALL_TOKENS_MATCH,NATIVE_VELOCITY_ONLY;NO_EXACT_KEVU_ROW_ASSERTED;G1_NOT_AUTHORIZED,NOT_RUN,NOT_RUN,NOT_RUN
P09,10.1016/j.adt.2019.05.002,papers/published/P09/1-s2.0-S0092640X19300191-main.pdf,a1d662ab0f5689eb99fa3046047139bcf679ab5b512616bcc3790f92f90a9fbf,10,10,26,0.4,3p,,,0.4,atomic_unit_of_velocity,relative_projectile_target_velocity;target-rest electronic representation;no_energy_adapter,NOT_EXPLICITLY_ASSIGNED,He2+,H(1s),He+(3p),electron_capture_cross_section,2.939e−01,10^-16 cm^2,AOCC;author average of B1/B2 GTO bases,1.6e−02,epsilon=abs(sigma_B1-sigma_B2)/sigma_average;dimensionless convergence diagnostic;not Gaussian uncertainty,LITERATURE_SUPPORTED,PDF10_11_VISUAL_PLUS_TWO_TEXT_PARSERS_ALL_TOKENS_MATCH,NATIVE_VELOCITY_ONLY;NO_EXACT_KEVU_ROW_ASSERTED;G1_NOT_AUTHORIZED,NOT_RUN,NOT_RUN,NOT_RUN
P09,10.1016/j.adt.2019.05.002,papers/published/P09/1-s2.0-S0092640X19300191-main.pdf,a1d662ab0f5689eb99fa3046047139bcf679ab5b512616bcc3790f92f90a9fbf,10,10,26,0.4,4p,,,0.4,atomic_unit_of_velocity,relative_projectile_target_velocity;target-rest electronic representation;no_energy_adapter,NOT_EXPLICITLY_ASSIGNED,He2+,H(1s),He+(4p),electron_capture_cross_section,1.146e−02,10^-16 cm^2,AOCC;author average of B1/B2 GTO bases,1.2e−04,epsilon=abs(sigma_B1-sigma_B2)/sigma_average;dimensionless convergence diagnostic;not Gaussian uncertainty,LITERATURE_SUPPORTED,PDF10_11_VISUAL_PLUS_TWO_TEXT_PARSERS_ALL_TOKENS_MATCH,NATIVE_VELOCITY_ONLY;NO_EXACT_KEVU_ROW_ASSERTED;G1_NOT_AUTHORIZED,NOT_RUN,NOT_RUN,NOT_RUN
P09,10.1016/j.adt.2019.05.002,papers/published/P09/1-s2.0-S0092640X19300191-main.pdf,a1d662ab0f5689eb99fa3046047139bcf679ab5b512616bcc3790f92f90a9fbf,10,10,26,0.4,5p,,,0.4,atomic_unit_of_velocity,relative_projectile_target_velocity;target-rest electronic representation;no_energy_adapter,NOT_EXPLICITLY_ASSIGNED,He2+,H(1s),He+(5p),electron_capture_cross_section,2.273e−03,10^-16 cm^2,AOCC;author average of B1/B2 GTO bases,4.0e−02,epsilon=abs(sigma_B1-sigma_B2)/sigma_average;dimensionless convergence diagnostic;not Gaussian uncertainty,LITERATURE_SUPPORTED,PDF10_11_VISUAL_PLUS_TWO_TEXT_PARSERS_ALL_TOKENS_MATCH,NATIVE_VELOCITY_ONLY;NO_EXACT_KEVU_ROW_ASSERTED;G1_NOT_AUTHORIZED,NOT_RUN,NOT_RUN,NOT_RUN
P09,10.1016/j.adt.2019.05.002,papers/published/P09/1-s2.0-S0092640X19300191-main.pdf,a1d662ab0f5689eb99fa3046047139bcf679ab5b512616bcc3790f92f90a9fbf,10,10,26,0.4,3d,,,0.4,atomic_unit_of_velocity,relative_projectile_target_velocity;target-rest electronic representation;no_energy_adapter,NOT_EXPLICITLY_ASSIGNED,He2+,H(1s),He+(3d),electron_capture_cross_section,1.315e−01,10^-16 cm^2,AOCC;author average of B1/B2 GTO bases,4.5e−02,epsilon=abs(sigma_B1-sigma_B2)/sigma_average;dimensionless convergence diagnostic;not Gaussian uncertainty,LITERATURE_SUPPORTED,PDF10_11_VISUAL_PLUS_TWO_TEXT_PARSERS_ALL_TOKENS_MATCH,NATIVE_VELOCITY_ONLY;NO_EXACT_KEVU_ROW_ASSERTED;G1_NOT_AUTHORIZED,NOT_RUN,NOT_RUN,NOT_RUN
P09,10.1016/j.adt.2019.05.002,papers/published/P09/1-s2.0-S0092640X19300191-main.pdf,a1d662ab0f5689eb99fa3046047139bcf679ab5b512616bcc3790f92f90a9fbf,10,10,26,0.6,2p,,,0.6,atomic_unit_of_velocity,relative_projectile_target_velocity;target-rest electronic representation;no_energy_adapter,NOT_EXPLICITLY_ASSIGNED,He2+,H(1s),He+(2p),electron_capture_cross_section,9.947e+00,10^-16 cm^2,AOCC;author average of B1/B2 GTO bases,6.4e−03,epsilon=abs(sigma_B1-sigma_B2)/sigma_average;dimensionless convergence diagnostic;not Gaussian uncertainty,LITERATURE_SUPPORTED,PDF10_11_VISUAL_PLUS_TWO_TEXT_PARSERS_ALL_TOKENS_MATCH,NATIVE_VELOCITY_ONLY;NO_EXACT_KEVU_ROW_ASSERTED;G1_NOT_AUTHORIZED,NOT_RUN,NOT_RUN,NOT_RUN
P09,10.1016/j.adt.2019.05.002,papers/published/P09/1-s2.0-S0092640X19300191-main.pdf,a1d662ab0f5689eb99fa3046047139bcf679ab5b512616bcc3790f92f90a9fbf,10,10,26,0.6,3p,,,0.6,atomic_unit_of_velocity,relative_projectile_target_velocity;target-rest electronic representation;no_energy_adapter,NOT_EXPLICITLY_ASSIGNED,He2+,H(1s),He+(3p),electron_capture_cross_section,3.501e−01,10^-16 cm^2,AOCC;author average of B1/B2 GTO bases,6.3e−03,epsilon=abs(sigma_B1-sigma_B2)/sigma_average;dimensionless convergence diagnostic;not Gaussian uncertainty,LITERATURE_SUPPORTED,PDF10_11_VISUAL_PLUS_TWO_TEXT_PARSERS_ALL_TOKENS_MATCH,NATIVE_VELOCITY_ONLY;NO_EXACT_KEVU_ROW_ASSERTED;G1_NOT_AUTHORIZED,NOT_RUN,NOT_RUN,NOT_RUN
P09,10.1016/j.adt.2019.05.002,papers/published/P09/1-s2.0-S0092640X19300191-main.pdf,a1d662ab0f5689eb99fa3046047139bcf679ab5b512616bcc3790f92f90a9fbf,10,10,26,0.6,4p,,,0.6,atomic_unit_of_velocity,relative_projectile_target_velocity;target-rest electronic representation;no_energy_adapter,NOT_EXPLICITLY_ASSIGNED,He2+,H(1s),He+(4p),electron_capture_cross_section,5.934e−02,10^-16 cm^2,AOCC;author average of B1/B2 GTO bases,1.8e−05,epsilon=abs(sigma_B1-sigma_B2)/sigma_average;dimensionless convergence diagnostic;not Gaussian uncertainty,LITERATURE_SUPPORTED,PDF10_11_VISUAL_PLUS_TWO_TEXT_PARSERS_ALL_TOKENS_MATCH,NATIVE_VELOCITY_ONLY;NO_EXACT_KEVU_ROW_ASSERTED;G1_NOT_AUTHORIZED,NOT_RUN,NOT_RUN,NOT_RUN
P09,10.1016/j.adt.2019.05.002,papers/published/P09/1-s2.0-S0092640X19300191-main.pdf,a1d662ab0f5689eb99fa3046047139bcf679ab5b512616bcc3790f92f90a9fbf,10,10,26,0.6,5p,,,0.6,atomic_unit_of_velocity,relative_projectile_target_velocity;target-rest electronic representation;no_energy_adapter,NOT_EXPLICITLY_ASSIGNED,He2+,H(1s),He+(5p),electron_capture_cross_section,1.610e−02,10^-16 cm^2,AOCC;author average of B1/B2 GTO bases,1.2e−01,epsilon=abs(sigma_B1-sigma_B2)/sigma_average;dimensionless convergence diagnostic;not Gaussian uncertainty,LITERATURE_SUPPORTED,PDF10_11_VISUAL_PLUS_TWO_TEXT_PARSERS_ALL_TOKENS_MATCH,NATIVE_VELOCITY_ONLY;NO_EXACT_KEVU_ROW_ASSERTED;G1_NOT_AUTHORIZED,NOT_RUN,NOT_RUN,NOT_RUN
P09,10.1016/j.adt.2019.05.002,papers/published/P09/1-s2.0-S0092640X19300191-main.pdf,a1d662ab0f5689eb99fa3046047139bcf679ab5b512616bcc3790f92f90a9fbf,10,10,26,0.6,3d,,,0.6,atomic_unit_of_velocity,relative_projectile_target_velocity;target-rest electronic representation;no_energy_adapter,NOT_EXPLICITLY_ASSIGNED,He2+,H(1s),He+(3d),electron_capture_cross_section,3.871e−01,10^-16 cm^2,AOCC;author average of B1/B2 GTO bases,1.8e−02,epsilon=abs(sigma_B1-sigma_B2)/sigma_average;dimensionless convergence diagnostic;not Gaussian uncertainty,LITERATURE_SUPPORTED,PDF10_11_VISUAL_PLUS_TWO_TEXT_PARSERS_ALL_TOKENS_MATCH,NATIVE_VELOCITY_ONLY;NO_EXACT_KEVU_ROW_ASSERTED;G1_NOT_AUTHORIZED,NOT_RUN,NOT_RUN,NOT_RUN
P09,10.1016/j.adt.2019.05.002,papers/published/P09/1-s2.0-S0092640X19300191-main.pdf,a1d662ab0f5689eb99fa3046047139bcf679ab5b512616bcc3790f92f90a9fbf,10,10,26,0.8,2p,,,0.8,atomic_unit_of_velocity,relative_projectile_target_velocity;target-rest electronic representation;no_energy_adapter,NOT_EXPLICITLY_ASSIGNED,He2+,H(1s),He+(2p),electron_capture_cross_section,8.899e+00,10^-16 cm^2,AOCC;author average of B1/B2 GTO bases,1.6e−02,epsilon=abs(sigma_B1-sigma_B2)/sigma_average;dimensionless convergence diagnostic;not Gaussian uncertainty,LITERATURE_SUPPORTED,PDF10_11_VISUAL_PLUS_TWO_TEXT_PARSERS_ALL_TOKENS_MATCH,NATIVE_VELOCITY_ONLY;NO_EXACT_KEVU_ROW_ASSERTED;G1_NOT_AUTHORIZED,NOT_RUN,NOT_RUN,NOT_RUN
P09,10.1016/j.adt.2019.05.002,papers/published/P09/1-s2.0-S0092640X19300191-main.pdf,a1d662ab0f5689eb99fa3046047139bcf679ab5b512616bcc3790f92f90a9fbf,10,10,26,0.8,3p,,,0.8,atomic_unit_of_velocity,relative_projectile_target_velocity;target-rest electronic representation;no_energy_adapter,NOT_EXPLICITLY_ASSIGNED,He2+,H(1s),He+(3p),electron_capture_cross_section,6.089e−01,10^-16 cm^2,AOCC;author average of B1/B2 GTO bases,5.7e−03,epsilon=abs(sigma_B1-sigma_B2)/sigma_average;dimensionless convergence diagnostic;not Gaussian uncertainty,LITERATURE_SUPPORTED,PDF10_11_VISUAL_PLUS_TWO_TEXT_PARSERS_ALL_TOKENS_MATCH,NATIVE_VELOCITY_ONLY;NO_EXACT_KEVU_ROW_ASSERTED;G1_NOT_AUTHORIZED,NOT_RUN,NOT_RUN,NOT_RUN
P09,10.1016/j.adt.2019.05.002,papers/published/P09/1-s2.0-S0092640X19300191-main.pdf,a1d662ab0f5689eb99fa3046047139bcf679ab5b512616bcc3790f92f90a9fbf,10,10,26,0.8,4p,,,0.8,atomic_unit_of_velocity,relative_projectile_target_velocity;target-rest electronic representation;no_energy_adapter,NOT_EXPLICITLY_ASSIGNED,He2+,H(1s),He+(4p),electron_capture_cross_section,1.299e−01,10^-16 cm^2,AOCC;author average of B1/B2 GTO bases,3.5e−03,epsilon=abs(sigma_B1-sigma_B2)/sigma_average;dimensionless convergence diagnostic;not Gaussian uncertainty,LITERATURE_SUPPORTED,PDF10_11_VISUAL_PLUS_TWO_TEXT_PARSERS_ALL_TOKENS_MATCH,NATIVE_VELOCITY_ONLY;NO_EXACT_KEVU_ROW_ASSERTED;G1_NOT_AUTHORIZED,NOT_RUN,NOT_RUN,NOT_RUN
P09,10.1016/j.adt.2019.05.002,papers/published/P09/1-s2.0-S0092640X19300191-main.pdf,a1d662ab0f5689eb99fa3046047139bcf679ab5b512616bcc3790f92f90a9fbf,10,10,26,0.8,5p,,,0.8,atomic_unit_of_velocity,relative_projectile_target_velocity;target-rest electronic representation;no_energy_adapter,NOT_EXPLICITLY_ASSIGNED,He2+,H(1s),He+(5p),electron_capture_cross_section,4.610e−02,10^-16 cm^2,AOCC;author average of B1/B2 GTO bases,1.3e−02,epsilon=abs(sigma_B1-sigma_B2)/sigma_average;dimensionless convergence diagnostic;not Gaussian uncertainty,LITERATURE_SUPPORTED,PDF10_11_VISUAL_PLUS_TWO_TEXT_PARSERS_ALL_TOKENS_MATCH,NATIVE_VELOCITY_ONLY;NO_EXACT_KEVU_ROW_ASSERTED;G1_NOT_AUTHORIZED,NOT_RUN,NOT_RUN,NOT_RUN
P09,10.1016/j.adt.2019.05.002,papers/published/P09/1-s2.0-S0092640X19300191-main.pdf,a1d662ab0f5689eb99fa3046047139bcf679ab5b512616bcc3790f92f90a9fbf,10,10,26,0.8,3d,,,0.8,atomic_unit_of_velocity,relative_projectile_target_velocity;target-rest electronic representation;no_energy_adapter,NOT_EXPLICITLY_ASSIGNED,He2+,H(1s),He+(3d),electron_capture_cross_section,3.721e−01,10^-16 cm^2,AOCC;author average of B1/B2 GTO bases,1.0e−02,epsilon=abs(sigma_B1-sigma_B2)/sigma_average;dimensionless convergence diagnostic;not Gaussian uncertainty,LITERATURE_SUPPORTED,PDF10_11_VISUAL_PLUS_TWO_TEXT_PARSERS_ALL_TOKENS_MATCH,NATIVE_VELOCITY_ONLY;NO_EXACT_KEVU_ROW_ASSERTED;G1_NOT_AUTHORIZED,NOT_RUN,NOT_RUN,NOT_RUN
P09,10.1016/j.adt.2019.05.002,papers/published/P09/1-s2.0-S0092640X19300191-main.pdf,a1d662ab0f5689eb99fa3046047139bcf679ab5b512616bcc3790f92f90a9fbf,10,10,26,1,2p,,,1,atomic_unit_of_velocity,relative_projectile_target_velocity;target-rest electronic representation;no_energy_adapter,NOT_EXPLICITLY_ASSIGNED,He2+,H(1s),He+(2p),electron_capture_cross_section,5.977e+00,10^-16 cm^2,AOCC;author average of B1/B2 GTO bases,2.8e−02,epsilon=abs(sigma_B1-sigma_B2)/sigma_average;dimensionless convergence diagnostic;not Gaussian uncertainty,LITERATURE_SUPPORTED,PDF10_11_VISUAL_PLUS_TWO_TEXT_PARSERS_ALL_TOKENS_MATCH,NATIVE_VELOCITY_ONLY;NO_EXACT_KEVU_ROW_ASSERTED;G1_NOT_AUTHORIZED,NOT_RUN,NOT_RUN,NOT_RUN
P09,10.1016/j.adt.2019.05.002,papers/published/P09/1-s2.0-S0092640X19300191-main.pdf,a1d662ab0f5689eb99fa3046047139bcf679ab5b512616bcc3790f92f90a9fbf,10,10,26,1,3p,,,1,atomic_unit_of_velocity,relative_projectile_target_velocity;target-rest electronic representation;no_energy_adapter,NOT_EXPLICITLY_ASSIGNED,He2+,H(1s),He+(3p),electron_capture_cross_section,8.916e−01,10^-16 cm^2,AOCC;author average of B1/B2 GTO bases,8.4e−04,epsilon=abs(sigma_B1-sigma_B2)/sigma_average;dimensionless convergence diagnostic;not Gaussian uncertainty,LITERATURE_SUPPORTED,PDF10_11_VISUAL_PLUS_TWO_TEXT_PARSERS_ALL_TOKENS_MATCH,NATIVE_VELOCITY_ONLY;NO_EXACT_KEVU_ROW_ASSERTED;G1_NOT_AUTHORIZED,NOT_RUN,NOT_RUN,NOT_RUN
P09,10.1016/j.adt.2019.05.002,papers/published/P09/1-s2.0-S0092640X19300191-main.pdf,a1d662ab0f5689eb99fa3046047139bcf679ab5b512616bcc3790f92f90a9fbf,10,10,26,1,4p,,,1,atomic_unit_of_velocity,relative_projectile_target_velocity;target-rest electronic representation;no_energy_adapter,NOT_EXPLICITLY_ASSIGNED,He2+,H(1s),He+(4p),electron_capture_cross_section,2.491e−01,10^-16 cm^2,AOCC;author average of B1/B2 GTO bases,3.6e−02,epsilon=abs(sigma_B1-sigma_B2)/sigma_average;dimensionless convergence diagnostic;not Gaussian uncertainty,LITERATURE_SUPPORTED,PDF10_11_VISUAL_PLUS_TWO_TEXT_PARSERS_ALL_TOKENS_MATCH,NATIVE_VELOCITY_ONLY;NO_EXACT_KEVU_ROW_ASSERTED;G1_NOT_AUTHORIZED,NOT_RUN,NOT_RUN,NOT_RUN
P09,10.1016/j.adt.2019.05.002,papers/published/P09/1-s2.0-S0092640X19300191-main.pdf,a1d662ab0f5689eb99fa3046047139bcf679ab5b512616bcc3790f92f90a9fbf,10,10,26,1,5p,,,1,atomic_unit_of_velocity,relative_projectile_target_velocity;target-rest electronic representation;no_energy_adapter,NOT_EXPLICITLY_ASSIGNED,He2+,H(1s),He+(5p),electron_capture_cross_section,1.135e−01,10^-16 cm^2,AOCC;author average of B1/B2 GTO bases,1.3e−01,epsilon=abs(sigma_B1-sigma_B2)/sigma_average;dimensionless convergence diagnostic;not Gaussian uncertainty,LITERATURE_SUPPORTED,PDF10_11_VISUAL_PLUS_TWO_TEXT_PARSERS_ALL_TOKENS_MATCH,NATIVE_VELOCITY_ONLY;NO_EXACT_KEVU_ROW_ASSERTED;G1_NOT_AUTHORIZED,NOT_RUN,NOT_RUN,NOT_RUN
P09,10.1016/j.adt.2019.05.002,papers/published/P09/1-s2.0-S0092640X19300191-main.pdf,a1d662ab0f5689eb99fa3046047139bcf679ab5b512616bcc3790f92f90a9fbf,10,10,26,1,3d,,,1,atomic_unit_of_velocity,relative_projectile_target_velocity;target-rest electronic representation;no_energy_adapter,NOT_EXPLICITLY_ASSIGNED,He2+,H(1s),He+(3d),electron_capture_cross_section,2.863e−01,10^-16 cm^2,AOCC;author average of B1/B2 GTO bases,6.3e−03,epsilon=abs(sigma_B1-sigma_B2)/sigma_average;dimensionless convergence diagnostic;not Gaussian uncertainty,LITERATURE_SUPPORTED,PDF10_11_VISUAL_PLUS_TWO_TEXT_PARSERS_ALL_TOKENS_MATCH,NATIVE_VELOCITY_ONLY;NO_EXACT_KEVU_ROW_ASSERTED;G1_NOT_AUTHORIZED,NOT_RUN,NOT_RUN,NOT_RUN
P09,10.1016/j.adt.2019.05.002,papers/published/P09/1-s2.0-S0092640X19300191-main.pdf,a1d662ab0f5689eb99fa3046047139bcf679ab5b512616bcc3790f92f90a9fbf,10,10,26,1.2,2p,,,1.2,atomic_unit_of_velocity,relative_projectile_target_velocity;target-rest electronic representation;no_energy_adapter,NOT_EXPLICITLY_ASSIGNED,He2+,H(1s),He+(2p),electron_capture_cross_section,3.257e+00,10^-16 cm^2,AOCC;author average of B1/B2 GTO bases,6.9e−04,epsilon=abs(sigma_B1-sigma_B2)/sigma_average;dimensionless convergence diagnostic;not Gaussian uncertainty,LITERATURE_SUPPORTED,PDF10_11_VISUAL_PLUS_TWO_TEXT_PARSERS_ALL_TOKENS_MATCH,NATIVE_VELOCITY_ONLY;NO_EXACT_KEVU_ROW_ASSERTED;G1_NOT_AUTHORIZED,NOT_RUN,NOT_RUN,NOT_RUN
P09,10.1016/j.adt.2019.05.002,papers/published/P09/1-s2.0-S0092640X19300191-main.pdf,a1d662ab0f5689eb99fa3046047139bcf679ab5b512616bcc3790f92f90a9fbf,10,10,26,1.2,3p,,,1.2,atomic_unit_of_velocity,relative_projectile_target_velocity;target-rest electronic representation;no_energy_adapter,NOT_EXPLICITLY_ASSIGNED,He2+,H(1s),He+(3p),electron_capture_cross_section,7.507e−01,10^-16 cm^2,AOCC;author average of B1/B2 GTO bases,4.0e−03,epsilon=abs(sigma_B1-sigma_B2)/sigma_average;dimensionless convergence diagnostic;not Gaussian uncertainty,LITERATURE_SUPPORTED,PDF10_11_VISUAL_PLUS_TWO_TEXT_PARSERS_ALL_TOKENS_MATCH,NATIVE_VELOCITY_ONLY;NO_EXACT_KEVU_ROW_ASSERTED;G1_NOT_AUTHORIZED,NOT_RUN,NOT_RUN,NOT_RUN
P09,10.1016/j.adt.2019.05.002,papers/published/P09/1-s2.0-S0092640X19300191-main.pdf,a1d662ab0f5689eb99fa3046047139bcf679ab5b512616bcc3790f92f90a9fbf,10,10,26,1.2,4p,,,1.2,atomic_unit_of_velocity,relative_projectile_target_velocity;target-rest electronic representation;no_energy_adapter,NOT_EXPLICITLY_ASSIGNED,He2+,H(1s),He+(4p),electron_capture_cross_section,2.621e−01,10^-16 cm^2,AOCC;author average of B1/B2 GTO bases,4.5e−03,epsilon=abs(sigma_B1-sigma_B2)/sigma_average;dimensionless convergence diagnostic;not Gaussian uncertainty,LITERATURE_SUPPORTED,PDF10_11_VISUAL_PLUS_TWO_TEXT_PARSERS_ALL_TOKENS_MATCH,NATIVE_VELOCITY_ONLY;NO_EXACT_KEVU_ROW_ASSERTED;G1_NOT_AUTHORIZED,NOT_RUN,NOT_RUN,NOT_RUN
P09,10.1016/j.adt.2019.05.002,papers/published/P09/1-s2.0-S0092640X19300191-main.pdf,a1d662ab0f5689eb99fa3046047139bcf679ab5b512616bcc3790f92f90a9fbf,10,10,26,1.2,5p,,,1.2,atomic_unit_of_velocity,relative_projectile_target_velocity;target-rest electronic representation;no_energy_adapter,NOT_EXPLICITLY_ASSIGNED,He2+,H(1s),He+(5p),electron_capture_cross_section,1.382e−01,10^-16 cm^2,AOCC;author average of B1/B2 GTO bases,2.3e−01,epsilon=abs(sigma_B1-sigma_B2)/sigma_average;dimensionless convergence diagnostic;not Gaussian uncertainty,LITERATURE_SUPPORTED,PDF10_11_VISUAL_PLUS_TWO_TEXT_PARSERS_ALL_TOKENS_MATCH,NATIVE_VELOCITY_ONLY;NO_EXACT_KEVU_ROW_ASSERTED;G1_NOT_AUTHORIZED,NOT_RUN,NOT_RUN,NOT_RUN
P09,10.1016/j.adt.2019.05.002,papers/published/P09/1-s2.0-S0092640X19300191-main.pdf,a1d662ab0f5689eb99fa3046047139bcf679ab5b512616bcc3790f92f90a9fbf,10,10,26,1.2,3d,,,1.2,atomic_unit_of_velocity,relative_projectile_target_velocity;target-rest electronic representation;no_energy_adapter,NOT_EXPLICITLY_ASSIGNED,He2+,H(1s),He+(3d),electron_capture_cross_section,1.973e−01,10^-16 cm^2,AOCC;author average of B1/B2 GTO bases,6.5e−03,epsilon=abs(sigma_B1-sigma_B2)/sigma_average;dimensionless convergence diagnostic;not Gaussian uncertainty,LITERATURE_SUPPORTED,PDF10_11_VISUAL_PLUS_TWO_TEXT_PARSERS_ALL_TOKENS_MATCH,NATIVE_VELOCITY_ONLY;NO_EXACT_KEVU_ROW_ASSERTED;G1_NOT_AUTHORIZED,NOT_RUN,NOT_RUN,NOT_RUN
P09,10.1016/j.adt.2019.05.002,papers/published/P09/1-s2.0-S0092640X19300191-main.pdf,a1d662ab0f5689eb99fa3046047139bcf679ab5b512616bcc3790f92f90a9fbf,10,10,26,1.4,2p,,,1.4,atomic_unit_of_velocity,relative_projectile_target_velocity;target-rest electronic representation;no_energy_adapter,NOT_EXPLICITLY_ASSIGNED,He2+,H(1s),He+(2p),electron_capture_cross_section,1.558e+00,10^-16 cm^2,AOCC;author average of B1/B2 GTO bases,1.0e−02,epsilon=abs(sigma_B1-sigma_B2)/sigma_average;dimensionless convergence diagnostic;not Gaussian uncertainty,LITERATURE_SUPPORTED,PDF10_11_VISUAL_PLUS_TWO_TEXT_PARSERS_ALL_TOKENS_MATCH,NATIVE_VELOCITY_ONLY;NO_EXACT_KEVU_ROW_ASSERTED;G1_NOT_AUTHORIZED,NOT_RUN,NOT_RUN,NOT_RUN
P09,10.1016/j.adt.2019.05.002,papers/published/P09/1-s2.0-S0092640X19300191-main.pdf,a1d662ab0f5689eb99fa3046047139bcf679ab5b512616bcc3790f92f90a9fbf,10,10,26,1.4,3p,,,1.4,atomic_unit_of_velocity,relative_projectile_target_velocity;target-rest electronic representation;no_energy_adapter,NOT_EXPLICITLY_ASSIGNED,He2+,H(1s),He+(3p),electron_capture_cross_section,4.521e−01,10^-16 cm^2,AOCC;author average of B1/B2 GTO bases,3.7e−04,epsilon=abs(sigma_B1-sigma_B2)/sigma_average;dimensionless convergence diagnostic;not Gaussian uncertainty,LITERATURE_SUPPORTED,PDF10_11_VISUAL_PLUS_TWO_TEXT_PARSERS_ALL_TOKENS_MATCH,NATIVE_VELOCITY_ONLY;NO_EXACT_KEVU_ROW_ASSERTED;G1_NOT_AUTHORIZED,NOT_RUN,NOT_RUN,NOT_RUN
P09,10.1016/j.adt.2019.05.002,papers/published/P09/1-s2.0-S0092640X19300191-main.pdf,a1d662ab0f5689eb99fa3046047139bcf679ab5b512616bcc3790f92f90a9fbf,10,10,26,1.4,4p,,,1.4,atomic_unit_of_velocity,relative_projectile_target_velocity;target-rest electronic representation;no_energy_adapter,NOT_EXPLICITLY_ASSIGNED,He2+,H(1s),He+(4p),electron_capture_cross_section,1.764e−01,10^-16 cm^2,AOCC;author average of B1/B2 GTO bases,1.2e−02,epsilon=abs(sigma_B1-sigma_B2)/sigma_average;dimensionless convergence diagnostic;not Gaussian uncertainty,LITERATURE_SUPPORTED,PDF10_11_VISUAL_PLUS_TWO_TEXT_PARSERS_ALL_TOKENS_MATCH,NATIVE_VELOCITY_ONLY;NO_EXACT_KEVU_ROW_ASSERTED;G1_NOT_AUTHORIZED,NOT_RUN,NOT_RUN,NOT_RUN
P09,10.1016/j.adt.2019.05.002,papers/published/P09/1-s2.0-S0092640X19300191-main.pdf,a1d662ab0f5689eb99fa3046047139bcf679ab5b512616bcc3790f92f90a9fbf,10,10,26,1.4,5p,,,1.4,atomic_unit_of_velocity,relative_projectile_target_velocity;target-rest electronic representation;no_energy_adapter,NOT_EXPLICITLY_ASSIGNED,He2+,H(1s),He+(5p),electron_capture_cross_section,9.742e−02,10^-16 cm^2,AOCC;author average of B1/B2 GTO bases,2.3e−01,epsilon=abs(sigma_B1-sigma_B2)/sigma_average;dimensionless convergence diagnostic;not Gaussian uncertainty,LITERATURE_SUPPORTED,PDF10_11_VISUAL_PLUS_TWO_TEXT_PARSERS_ALL_TOKENS_MATCH,NATIVE_VELOCITY_ONLY;NO_EXACT_KEVU_ROW_ASSERTED;G1_NOT_AUTHORIZED,NOT_RUN,NOT_RUN,NOT_RUN
P09,10.1016/j.adt.2019.05.002,papers/published/P09/1-s2.0-S0092640X19300191-main.pdf,a1d662ab0f5689eb99fa3046047139bcf679ab5b512616bcc3790f92f90a9fbf,10,10,26,1.4,3d,,,1.4,atomic_unit_of_velocity,relative_projectile_target_velocity;target-rest electronic representation;no_energy_adapter,NOT_EXPLICITLY_ASSIGNED,He2+,H(1s),He+(3d),electron_capture_cross_section,1.126e−01,10^-16 cm^2,AOCC;author average of B1/B2 GTO bases,8.9e−03,epsilon=abs(sigma_B1-sigma_B2)/sigma_average;dimensionless convergence diagnostic;not Gaussian uncertainty,LITERATURE_SUPPORTED,PDF10_11_VISUAL_PLUS_TWO_TEXT_PARSERS_ALL_TOKENS_MATCH,NATIVE_VELOCITY_ONLY;NO_EXACT_KEVU_ROW_ASSERTED;G1_NOT_AUTHORIZED,NOT_RUN,NOT_RUN,NOT_RUN
P09,10.1016/j.adt.2019.05.002,papers/published/P09/1-s2.0-S0092640X19300191-main.pdf,a1d662ab0f5689eb99fa3046047139bcf679ab5b512616bcc3790f92f90a9fbf,10,10,26,1.6,2p,,,1.6,atomic_unit_of_velocity,relative_projectile_target_velocity;target-rest electronic representation;no_energy_adapter,NOT_EXPLICITLY_ASSIGNED,He2+,H(1s),He+(2p),electron_capture_cross_section,7.171e−01,10^-16 cm^2,AOCC;author average of B1/B2 GTO bases,7.6e−04,epsilon=abs(sigma_B1-sigma_B2)/sigma_average;dimensionless convergence diagnostic;not Gaussian uncertainty,LITERATURE_SUPPORTED,PDF10_11_VISUAL_PLUS_TWO_TEXT_PARSERS_ALL_TOKENS_MATCH,NATIVE_VELOCITY_ONLY;NO_EXACT_KEVU_ROW_ASSERTED;G1_NOT_AUTHORIZED,NOT_RUN,NOT_RUN,NOT_RUN
P09,10.1016/j.adt.2019.05.002,papers/published/P09/1-s2.0-S0092640X19300191-main.pdf,a1d662ab0f5689eb99fa3046047139bcf679ab5b512616bcc3790f92f90a9fbf,10,10,26,1.6,3p,,,1.6,atomic_unit_of_velocity,relative_projectile_target_velocity;target-rest electronic representation;no_energy_adapter,NOT_EXPLICITLY_ASSIGNED,He2+,H(1s),He+(3p),electron_capture_cross_section,2.319e−01,10^-16 cm^2,AOCC;author average of B1/B2 GTO bases,8.4e−03,epsilon=abs(sigma_B1-sigma_B2)/sigma_average;dimensionless convergence diagnostic;not Gaussian uncertainty,LITERATURE_SUPPORTED,PDF10_11_VISUAL_PLUS_TWO_TEXT_PARSERS_ALL_TOKENS_MATCH,NATIVE_VELOCITY_ONLY;NO_EXACT_KEVU_ROW_ASSERTED;G1_NOT_AUTHORIZED,NOT_RUN,NOT_RUN,NOT_RUN
P09,10.1016/j.adt.2019.05.002,papers/published/P09/1-s2.0-S0092640X19300191-main.pdf,a1d662ab0f5689eb99fa3046047139bcf679ab5b512616bcc3790f92f90a9fbf,10,10,26,1.6,4p,,,1.6,atomic_unit_of_velocity,relative_projectile_target_velocity;target-rest electronic representation;no_energy_adapter,NOT_EXPLICITLY_ASSIGNED,He2+,H(1s),He+(4p),electron_capture_cross_section,9.623e−02,10^-16 cm^2,AOCC;author average of B1/B2 GTO bases,3.3e−02,epsilon=abs(sigma_B1-sigma_B2)/sigma_average;dimensionless convergence diagnostic;not Gaussian uncertainty,LITERATURE_SUPPORTED,PDF10_11_VISUAL_PLUS_TWO_TEXT_PARSERS_ALL_TOKENS_MATCH,NATIVE_VELOCITY_ONLY;NO_EXACT_KEVU_ROW_ASSERTED;G1_NOT_AUTHORIZED,NOT_RUN,NOT_RUN,NOT_RUN
P09,10.1016/j.adt.2019.05.002,papers/published/P09/1-s2.0-S0092640X19300191-main.pdf,a1d662ab0f5689eb99fa3046047139bcf679ab5b512616bcc3790f92f90a9fbf,10,10,26,1.6,5p,,,1.6,atomic_unit_of_velocity,relative_projectile_target_velocity;target-rest electronic representation;no_energy_adapter,NOT_EXPLICITLY_ASSIGNED,He2+,H(1s),He+(5p),electron_capture_cross_section,5.704e−02,10^-16 cm^2,AOCC;author average of B1/B2 GTO bases,2.4e−01,epsilon=abs(sigma_B1-sigma_B2)/sigma_average;dimensionless convergence diagnostic;not Gaussian uncertainty,LITERATURE_SUPPORTED,PDF10_11_VISUAL_PLUS_TWO_TEXT_PARSERS_ALL_TOKENS_MATCH,NATIVE_VELOCITY_ONLY;NO_EXACT_KEVU_ROW_ASSERTED;G1_NOT_AUTHORIZED,NOT_RUN,NOT_RUN,NOT_RUN
P09,10.1016/j.adt.2019.05.002,papers/published/P09/1-s2.0-S0092640X19300191-main.pdf,a1d662ab0f5689eb99fa3046047139bcf679ab5b512616bcc3790f92f90a9fbf,10,10,26,1.6,3d,,,1.6,atomic_unit_of_velocity,relative_projectile_target_velocity;target-rest electronic representation;no_energy_adapter,NOT_EXPLICITLY_ASSIGNED,He2+,H(1s),He+(3d),electron_capture_cross_section,5.561e−02,10^-16 cm^2,AOCC;author average of B1/B2 GTO bases,4.1e−03,epsilon=abs(sigma_B1-sigma_B2)/sigma_average;dimensionless convergence diagnostic;not Gaussian uncertainty,LITERATURE_SUPPORTED,PDF10_11_VISUAL_PLUS_TWO_TEXT_PARSERS_ALL_TOKENS_MATCH,NATIVE_VELOCITY_ONLY;NO_EXACT_KEVU_ROW_ASSERTED;G1_NOT_AUTHORIZED,NOT_RUN,NOT_RUN,NOT_RUN
P09,10.1016/j.adt.2019.05.002,papers/published/P09/1-s2.0-S0092640X19300191-main.pdf,a1d662ab0f5689eb99fa3046047139bcf679ab5b512616bcc3790f92f90a9fbf,10,10,26,1.8,2p,,,1.8,atomic_unit_of_velocity,relative_projectile_target_velocity;target-rest electronic representation;no_energy_adapter,NOT_EXPLICITLY_ASSIGNED,He2+,H(1s),He+(2p),electron_capture_cross_section,3.240e−01,10^-16 cm^2,AOCC;author average of B1/B2 GTO bases,9.3e−04,epsilon=abs(sigma_B1-sigma_B2)/sigma_average;dimensionless convergence diagnostic;not Gaussian uncertainty,LITERATURE_SUPPORTED,PDF10_11_VISUAL_PLUS_TWO_TEXT_PARSERS_ALL_TOKENS_MATCH,NATIVE_VELOCITY_ONLY;NO_EXACT_KEVU_ROW_ASSERTED;G1_NOT_AUTHORIZED,NOT_RUN,NOT_RUN,NOT_RUN
P09,10.1016/j.adt.2019.05.002,papers/published/P09/1-s2.0-S0092640X19300191-main.pdf,a1d662ab0f5689eb99fa3046047139bcf679ab5b512616bcc3790f92f90a9fbf,10,10,26,1.8,3p,,,1.8,atomic_unit_of_velocity,relative_projectile_target_velocity;target-rest electronic representation;no_energy_adapter,NOT_EXPLICITLY_ASSIGNED,He2+,H(1s),He+(3p),electron_capture_cross_section,1.113e−01,10^-16 cm^2,AOCC;author average of B1/B2 GTO bases,2.4e−02,epsilon=abs(sigma_B1-sigma_B2)/sigma_average;dimensionless convergence diagnostic;not Gaussian uncertainty,LITERATURE_SUPPORTED,PDF10_11_VISUAL_PLUS_TWO_TEXT_PARSERS_ALL_TOKENS_MATCH,NATIVE_VELOCITY_ONLY;NO_EXACT_KEVU_ROW_ASSERTED;G1_NOT_AUTHORIZED,NOT_RUN,NOT_RUN,NOT_RUN
P09,10.1016/j.adt.2019.05.002,papers/published/P09/1-s2.0-S0092640X19300191-main.pdf,a1d662ab0f5689eb99fa3046047139bcf679ab5b512616bcc3790f92f90a9fbf,10,10,26,1.8,4p,,,1.8,atomic_unit_of_velocity,relative_projectile_target_velocity;target-rest electronic representation;no_energy_adapter,NOT_EXPLICITLY_ASSIGNED,He2+,H(1s),He+(4p),electron_capture_cross_section,4.872e−02,10^-16 cm^2,AOCC;author average of B1/B2 GTO bases,2.8e−02,epsilon=abs(sigma_B1-sigma_B2)/sigma_average;dimensionless convergence diagnostic;not Gaussian uncertainty,LITERATURE_SUPPORTED,PDF10_11_VISUAL_PLUS_TWO_TEXT_PARSERS_ALL_TOKENS_MATCH,NATIVE_VELOCITY_ONLY;NO_EXACT_KEVU_ROW_ASSERTED;G1_NOT_AUTHORIZED,NOT_RUN,NOT_RUN,NOT_RUN
P09,10.1016/j.adt.2019.05.002,papers/published/P09/1-s2.0-S0092640X19300191-main.pdf,a1d662ab0f5689eb99fa3046047139bcf679ab5b512616bcc3790f92f90a9fbf,10,10,26,1.8,5p,,,1.8,atomic_unit_of_velocity,relative_projectile_target_velocity;target-rest electronic representation;no_energy_adapter,NOT_EXPLICITLY_ASSIGNED,He2+,H(1s),He+(5p),electron_capture_cross_section,2.846e−02,10^-16 cm^2,AOCC;author average of B1/B2 GTO bases,3.1e−01,epsilon=abs(sigma_B1-sigma_B2)/sigma_average;dimensionless convergence diagnostic;not Gaussian uncertainty,LITERATURE_SUPPORTED,PDF10_11_VISUAL_PLUS_TWO_TEXT_PARSERS_ALL_TOKENS_MATCH,NATIVE_VELOCITY_ONLY;NO_EXACT_KEVU_ROW_ASSERTED;G1_NOT_AUTHORIZED,NOT_RUN,NOT_RUN,NOT_RUN
P09,10.1016/j.adt.2019.05.002,papers/published/P09/1-s2.0-S0092640X19300191-main.pdf,a1d662ab0f5689eb99fa3046047139bcf679ab5b512616bcc3790f92f90a9fbf,10,10,26,1.8,3d,,,1.8,atomic_unit_of_velocity,relative_projectile_target_velocity;target-rest electronic representation;no_energy_adapter,NOT_EXPLICITLY_ASSIGNED,He2+,H(1s),He+(3d),electron_capture_cross_section,2.496e−02,10^-16 cm^2,AOCC;author average of B1/B2 GTO bases,3.7e−03,epsilon=abs(sigma_B1-sigma_B2)/sigma_average;dimensionless convergence diagnostic;not Gaussian uncertainty,LITERATURE_SUPPORTED,PDF10_11_VISUAL_PLUS_TWO_TEXT_PARSERS_ALL_TOKENS_MATCH,NATIVE_VELOCITY_ONLY;NO_EXACT_KEVU_ROW_ASSERTED;G1_NOT_AUTHORIZED,NOT_RUN,NOT_RUN,NOT_RUN
P09,10.1016/j.adt.2019.05.002,papers/published/P09/1-s2.0-S0092640X19300191-main.pdf,a1d662ab0f5689eb99fa3046047139bcf679ab5b512616bcc3790f92f90a9fbf,10,10,26,2,2p,,,2,atomic_unit_of_velocity,relative_projectile_target_velocity;target-rest electronic representation;no_energy_adapter,NOT_EXPLICITLY_ASSIGNED,He2+,H(1s),He+(2p),electron_capture_cross_section,1.468e−01,10^-16 cm^2,AOCC;author average of B1/B2 GTO bases,1.1e−03,epsilon=abs(sigma_B1-sigma_B2)/sigma_average;dimensionless convergence diagnostic;not Gaussian uncertainty,LITERATURE_SUPPORTED,PDF10_11_VISUAL_PLUS_TWO_TEXT_PARSERS_ALL_TOKENS_MATCH,NATIVE_VELOCITY_ONLY;NO_EXACT_KEVU_ROW_ASSERTED;G1_NOT_AUTHORIZED,NOT_RUN,NOT_RUN,NOT_RUN
P09,10.1016/j.adt.2019.05.002,papers/published/P09/1-s2.0-S0092640X19300191-main.pdf,a1d662ab0f5689eb99fa3046047139bcf679ab5b512616bcc3790f92f90a9fbf,10,10,26,2,3p,,,2,atomic_unit_of_velocity,relative_projectile_target_velocity;target-rest electronic representation;no_energy_adapter,NOT_EXPLICITLY_ASSIGNED,He2+,H(1s),He+(3p),electron_capture_cross_section,5.235e−02,10^-16 cm^2,AOCC;author average of B1/B2 GTO bases,2.4e−02,epsilon=abs(sigma_B1-sigma_B2)/sigma_average;dimensionless convergence diagnostic;not Gaussian uncertainty,LITERATURE_SUPPORTED,PDF10_11_VISUAL_PLUS_TWO_TEXT_PARSERS_ALL_TOKENS_MATCH,NATIVE_VELOCITY_ONLY;NO_EXACT_KEVU_ROW_ASSERTED;G1_NOT_AUTHORIZED,NOT_RUN,NOT_RUN,NOT_RUN
P09,10.1016/j.adt.2019.05.002,papers/published/P09/1-s2.0-S0092640X19300191-main.pdf,a1d662ab0f5689eb99fa3046047139bcf679ab5b512616bcc3790f92f90a9fbf,10,10,26,2,4p,,,2,atomic_unit_of_velocity,relative_projectile_target_velocity;target-rest electronic representation;no_energy_adapter,NOT_EXPLICITLY_ASSIGNED,He2+,H(1s),He+(4p),electron_capture_cross_section,2.371e−02,10^-16 cm^2,AOCC;author average of B1/B2 GTO bases,2.8e−03,epsilon=abs(sigma_B1-sigma_B2)/sigma_average;dimensionless convergence diagnostic;not Gaussian uncertainty,LITERATURE_SUPPORTED,PDF10_11_VISUAL_PLUS_TWO_TEXT_PARSERS_ALL_TOKENS_MATCH,NATIVE_VELOCITY_ONLY;NO_EXACT_KEVU_ROW_ASSERTED;G1_NOT_AUTHORIZED,NOT_RUN,NOT_RUN,NOT_RUN
P09,10.1016/j.adt.2019.05.002,papers/published/P09/1-s2.0-S0092640X19300191-main.pdf,a1d662ab0f5689eb99fa3046047139bcf679ab5b512616bcc3790f92f90a9fbf,10,10,26,2,5p,,,2,atomic_unit_of_velocity,relative_projectile_target_velocity;target-rest electronic representation;no_energy_adapter,NOT_EXPLICITLY_ASSIGNED,He2+,H(1s),He+(5p),electron_capture_cross_section,1.391e−02,10^-16 cm^2,AOCC;author average of B1/B2 GTO bases,2.1e−01,epsilon=abs(sigma_B1-sigma_B2)/sigma_average;dimensionless convergence diagnostic;not Gaussian uncertainty,LITERATURE_SUPPORTED,PDF10_11_VISUAL_PLUS_TWO_TEXT_PARSERS_ALL_TOKENS_MATCH,NATIVE_VELOCITY_ONLY;NO_EXACT_KEVU_ROW_ASSERTED;G1_NOT_AUTHORIZED,NOT_RUN,NOT_RUN,NOT_RUN
P09,10.1016/j.adt.2019.05.002,papers/published/P09/1-s2.0-S0092640X19300191-main.pdf,a1d662ab0f5689eb99fa3046047139bcf679ab5b512616bcc3790f92f90a9fbf,10,10,26,2,3d,,,2,atomic_unit_of_velocity,relative_projectile_target_velocity;target-rest electronic representation;no_energy_adapter,NOT_EXPLICITLY_ASSIGNED,He2+,H(1s),He+(3d),electron_capture_cross_section,1.090e−02,10^-16 cm^2,AOCC;author average of B1/B2 GTO bases,2.2e−02,epsilon=abs(sigma_B1-sigma_B2)/sigma_average;dimensionless convergence diagnostic;not Gaussian uncertainty,LITERATURE_SUPPORTED,PDF10_11_VISUAL_PLUS_TWO_TEXT_PARSERS_ALL_TOKENS_MATCH,NATIVE_VELOCITY_ONLY;NO_EXACT_KEVU_ROW_ASSERTED;G1_NOT_AUTHORIZED,NOT_RUN,NOT_RUN,NOT_RUN
P09,10.1016/j.adt.2019.05.002,papers/published/P09/1-s2.0-S0092640X19300191-main.pdf,a1d662ab0f5689eb99fa3046047139bcf679ab5b512616bcc3790f92f90a9fbf,11,11,27,0.2,4d,,,0.2,atomic_unit_of_velocity,relative_projectile_target_velocity;target-rest electronic representation;no_energy_adapter,NOT_EXPLICITLY_ASSIGNED,He2+,H(1s),He+(4d),electron_capture_cross_section,2.618e−03,10^-16 cm^2,AOCC;author average of B1/B2 GTO bases,7.1e−01,epsilon=abs(sigma_B1-sigma_B2)/sigma_average;dimensionless convergence diagnostic;not Gaussian uncertainty,LITERATURE_SUPPORTED,PDF10_11_VISUAL_PLUS_TWO_TEXT_PARSERS_ALL_TOKENS_MATCH,NATIVE_VELOCITY_ONLY;NO_EXACT_KEVU_ROW_ASSERTED;G1_NOT_AUTHORIZED,NOT_RUN,NOT_RUN,NOT_RUN
P09,10.1016/j.adt.2019.05.002,papers/published/P09/1-s2.0-S0092640X19300191-main.pdf,a1d662ab0f5689eb99fa3046047139bcf679ab5b512616bcc3790f92f90a9fbf,11,11,27,0.2,5d,,,0.2,atomic_unit_of_velocity,relative_projectile_target_velocity;target-rest electronic representation;no_energy_adapter,NOT_EXPLICITLY_ASSIGNED,He2+,H(1s),He+(5d),electron_capture_cross_section,9.562e−04,10^-16 cm^2,AOCC;author average of B1/B2 GTO bases,1.6e+00,epsilon=abs(sigma_B1-sigma_B2)/sigma_average;dimensionless convergence diagnostic;not Gaussian uncertainty,LITERATURE_SUPPORTED,PDF10_11_VISUAL_PLUS_TWO_TEXT_PARSERS_ALL_TOKENS_MATCH,NATIVE_VELOCITY_ONLY;NO_EXACT_KEVU_ROW_ASSERTED;G1_NOT_AUTHORIZED,NOT_RUN,NOT_RUN,NOT_RUN
P09,10.1016/j.adt.2019.05.002,papers/published/P09/1-s2.0-S0092640X19300191-main.pdf,a1d662ab0f5689eb99fa3046047139bcf679ab5b512616bcc3790f92f90a9fbf,11,11,27,0.2,4f,,,0.2,atomic_unit_of_velocity,relative_projectile_target_velocity;target-rest electronic representation;no_energy_adapter,NOT_EXPLICITLY_ASSIGNED,He2+,H(1s),He+(4f),electron_capture_cross_section,5.531e−03,10^-16 cm^2,AOCC;author average of B1/B2 GTO bases,5.6e−01,epsilon=abs(sigma_B1-sigma_B2)/sigma_average;dimensionless convergence diagnostic;not Gaussian uncertainty,LITERATURE_SUPPORTED,PDF10_11_VISUAL_PLUS_TWO_TEXT_PARSERS_ALL_TOKENS_MATCH,NATIVE_VELOCITY_ONLY;NO_EXACT_KEVU_ROW_ASSERTED;G1_NOT_AUTHORIZED,NOT_RUN,NOT_RUN,NOT_RUN
P09,10.1016/j.adt.2019.05.002,papers/published/P09/1-s2.0-S0092640X19300191-main.pdf,a1d662ab0f5689eb99fa3046047139bcf679ab5b512616bcc3790f92f90a9fbf,11,11,27,0.2,5f,,,0.2,atomic_unit_of_velocity,relative_projectile_target_velocity;target-rest electronic representation;no_energy_adapter,NOT_EXPLICITLY_ASSIGNED,He2+,H(1s),He+(5f),electron_capture_cross_section,4.134e−04,10^-16 cm^2,AOCC;author average of B1/B2 GTO bases,1.0e+00,epsilon=abs(sigma_B1-sigma_B2)/sigma_average;dimensionless convergence diagnostic;not Gaussian uncertainty,LITERATURE_SUPPORTED,PDF10_11_VISUAL_PLUS_TWO_TEXT_PARSERS_ALL_TOKENS_MATCH,NATIVE_VELOCITY_ONLY;NO_EXACT_KEVU_ROW_ASSERTED;G1_NOT_AUTHORIZED,NOT_RUN,NOT_RUN,NOT_RUN
P09,10.1016/j.adt.2019.05.002,papers/published/P09/1-s2.0-S0092640X19300191-main.pdf,a1d662ab0f5689eb99fa3046047139bcf679ab5b512616bcc3790f92f90a9fbf,11,11,27,0.2,5g,,,0.2,atomic_unit_of_velocity,relative_projectile_target_velocity;target-rest electronic representation;no_energy_adapter,NOT_EXPLICITLY_ASSIGNED,He2+,H(1s),He+(5g),electron_capture_cross_section,3.223e−04,10^-16 cm^2,AOCC;author average of B1/B2 GTO bases,8.2e−01,epsilon=abs(sigma_B1-sigma_B2)/sigma_average;dimensionless convergence diagnostic;not Gaussian uncertainty,LITERATURE_SUPPORTED,PDF10_11_VISUAL_PLUS_TWO_TEXT_PARSERS_ALL_TOKENS_MATCH,NATIVE_VELOCITY_ONLY;NO_EXACT_KEVU_ROW_ASSERTED;G1_NOT_AUTHORIZED,NOT_RUN,NOT_RUN,NOT_RUN
P09,10.1016/j.adt.2019.05.002,papers/published/P09/1-s2.0-S0092640X19300191-main.pdf,a1d662ab0f5689eb99fa3046047139bcf679ab5b512616bcc3790f92f90a9fbf,11,11,27,0.4,4d,,,0.4,atomic_unit_of_velocity,relative_projectile_target_velocity;target-rest electronic representation;no_energy_adapter,NOT_EXPLICITLY_ASSIGNED,He2+,H(1s),He+(4d),electron_capture_cross_section,2.214e−02,10^-16 cm^2,AOCC;author average of B1/B2 GTO bases,4.3e−03,epsilon=abs(sigma_B1-sigma_B2)/sigma_average;dimensionless convergence diagnostic;not Gaussian uncertainty,LITERATURE_SUPPORTED,PDF10_11_VISUAL_PLUS_TWO_TEXT_PARSERS_ALL_TOKENS_MATCH,NATIVE_VELOCITY_ONLY;NO_EXACT_KEVU_ROW_ASSERTED;G1_NOT_AUTHORIZED,NOT_RUN,NOT_RUN,NOT_RUN
P09,10.1016/j.adt.2019.05.002,papers/published/P09/1-s2.0-S0092640X19300191-main.pdf,a1d662ab0f5689eb99fa3046047139bcf679ab5b512616bcc3790f92f90a9fbf,11,11,27,0.4,5d,,,0.4,atomic_unit_of_velocity,relative_projectile_target_velocity;target-rest electronic representation;no_energy_adapter,NOT_EXPLICITLY_ASSIGNED,He2+,H(1s),He+(5d),electron_capture_cross_section,2.662e−03,10^-16 cm^2,AOCC;author average of B1/B2 GTO bases,6.9e−01,epsilon=abs(sigma_B1-sigma_B2)/sigma_average;dimensionless convergence diagnostic;not Gaussian uncertainty,LITERATURE_SUPPORTED,PDF10_11_VISUAL_PLUS_TWO_TEXT_PARSERS_ALL_TOKENS_MATCH,NATIVE_VELOCITY_ONLY;NO_EXACT_KEVU_ROW_ASSERTED;G1_NOT_AUTHORIZED,NOT_RUN,NOT_RUN,NOT_RUN
P09,10.1016/j.adt.2019.05.002,papers/published/P09/1-s2.0-S0092640X19300191-main.pdf,a1d662ab0f5689eb99fa3046047139bcf679ab5b512616bcc3790f92f90a9fbf,11,11,27,0.4,4f,,,0.4,atomic_unit_of_velocity,relative_projectile_target_velocity;target-rest electronic representation;no_energy_adapter,NOT_EXPLICITLY_ASSIGNED,He2+,H(1s),He+(4f),electron_capture_cross_section,1.115e−02,10^-16 cm^2,AOCC;author average of B1/B2 GTO bases,1.3e−01,epsilon=abs(sigma_B1-sigma_B2)/sigma_average;dimensionless convergence diagnostic;not Gaussian uncertainty,LITERATURE_SUPPORTED,PDF10_11_VISUAL_PLUS_TWO_TEXT_PARSERS_ALL_TOKENS_MATCH,NATIVE_VELOCITY_ONLY;NO_EXACT_KEVU_ROW_ASSERTED;G1_NOT_AUTHORIZED,NOT_RUN,NOT_RUN,NOT_RUN
P09,10.1016/j.adt.2019.05.002,papers/published/P09/1-s2.0-S0092640X19300191-main.pdf,a1d662ab0f5689eb99fa3046047139bcf679ab5b512616bcc3790f92f90a9fbf,11,11,27,0.4,5f,,,0.4,atomic_unit_of_velocity,relative_projectile_target_velocity;target-rest electronic representation;no_energy_adapter,NOT_EXPLICITLY_ASSIGNED,He2+,H(1s),He+(5f),electron_capture_cross_section,4.790e−03,10^-16 cm^2,AOCC;author average of B1/B2 GTO bases,1.8e−01,epsilon=abs(sigma_B1-sigma_B2)/sigma_average;dimensionless convergence diagnostic;not Gaussian uncertainty,LITERATURE_SUPPORTED,PDF10_11_VISUAL_PLUS_TWO_TEXT_PARSERS_ALL_TOKENS_MATCH,NATIVE_VELOCITY_ONLY;NO_EXACT_KEVU_ROW_ASSERTED;G1_NOT_AUTHORIZED,NOT_RUN,NOT_RUN,NOT_RUN
P09,10.1016/j.adt.2019.05.002,papers/published/P09/1-s2.0-S0092640X19300191-main.pdf,a1d662ab0f5689eb99fa3046047139bcf679ab5b512616bcc3790f92f90a9fbf,11,11,27,0.4,5g,,,0.4,atomic_unit_of_velocity,relative_projectile_target_velocity;target-rest electronic representation;no_energy_adapter,NOT_EXPLICITLY_ASSIGNED,He2+,H(1s),He+(5g),electron_capture_cross_section,3.016e−03,10^-16 cm^2,AOCC;author average of B1/B2 GTO bases,4.3e−02,epsilon=abs(sigma_B1-sigma_B2)/sigma_average;dimensionless convergence diagnostic;not Gaussian uncertainty,LITERATURE_SUPPORTED,PDF10_11_VISUAL_PLUS_TWO_TEXT_PARSERS_ALL_TOKENS_MATCH,NATIVE_VELOCITY_ONLY;NO_EXACT_KEVU_ROW_ASSERTED;G1_NOT_AUTHORIZED,NOT_RUN,NOT_RUN,NOT_RUN
P09,10.1016/j.adt.2019.05.002,papers/published/P09/1-s2.0-S0092640X19300191-main.pdf,a1d662ab0f5689eb99fa3046047139bcf679ab5b512616bcc3790f92f90a9fbf,11,11,27,0.6,4d,,,0.6,atomic_unit_of_velocity,relative_projectile_target_velocity;target-rest electronic representation;no_energy_adapter,NOT_EXPLICITLY_ASSIGNED,He2+,H(1s),He+(4d),electron_capture_cross_section,3.202e−02,10^-16 cm^2,AOCC;author average of B1/B2 GTO bases,3.2e−02,epsilon=abs(sigma_B1-sigma_B2)/sigma_average;dimensionless convergence diagnostic;not Gaussian uncertainty,LITERATURE_SUPPORTED,PDF10_11_VISUAL_PLUS_TWO_TEXT_PARSERS_ALL_TOKENS_MATCH,NATIVE_VELOCITY_ONLY;NO_EXACT_KEVU_ROW_ASSERTED;G1_NOT_AUTHORIZED,NOT_RUN,NOT_RUN,NOT_RUN
P09,10.1016/j.adt.2019.05.002,papers/published/P09/1-s2.0-S0092640X19300191-main.pdf,a1d662ab0f5689eb99fa3046047139bcf679ab5b512616bcc3790f92f90a9fbf,11,11,27,0.6,5d,,,0.6,atomic_unit_of_velocity,relative_projectile_target_velocity;target-rest electronic representation;no_energy_adapter,NOT_EXPLICITLY_ASSIGNED,He2+,H(1s),He+(5d),electron_capture_cross_section,1.423e−02,10^-16 cm^2,AOCC;author average of B1/B2 GTO bases,3.5e−01,epsilon=abs(sigma_B1-sigma_B2)/sigma_average;dimensionless convergence diagnostic;not Gaussian uncertainty,LITERATURE_SUPPORTED,PDF10_11_VISUAL_PLUS_TWO_TEXT_PARSERS_ALL_TOKENS_MATCH,NATIVE_VELOCITY_ONLY;NO_EXACT_KEVU_ROW_ASSERTED;G1_NOT_AUTHORIZED,NOT_RUN,NOT_RUN,NOT_RUN
P09,10.1016/j.adt.2019.05.002,papers/published/P09/1-s2.0-S0092640X19300191-main.pdf,a1d662ab0f5689eb99fa3046047139bcf679ab5b512616bcc3790f92f90a9fbf,11,11,27,0.6,4f,,,0.6,atomic_unit_of_velocity,relative_projectile_target_velocity;target-rest electronic representation;no_energy_adapter,NOT_EXPLICITLY_ASSIGNED,He2+,H(1s),He+(4f),electron_capture_cross_section,3.781e−02,10^-16 cm^2,AOCC;author average of B1/B2 GTO bases,4.2e−02,epsilon=abs(sigma_B1-sigma_B2)/sigma_average;dimensionless convergence diagnostic;not Gaussian uncertainty,LITERATURE_SUPPORTED,PDF10_11_VISUAL_PLUS_TWO_TEXT_PARSERS_ALL_TOKENS_MATCH,NATIVE_VELOCITY_ONLY;NO_EXACT_KEVU_ROW_ASSERTED;G1_NOT_AUTHORIZED,NOT_RUN,NOT_RUN,NOT_RUN
P09,10.1016/j.adt.2019.05.002,papers/published/P09/1-s2.0-S0092640X19300191-main.pdf,a1d662ab0f5689eb99fa3046047139bcf679ab5b512616bcc3790f92f90a9fbf,11,11,27,0.6,5f,,,0.6,atomic_unit_of_velocity,relative_projectile_target_velocity;target-rest electronic representation;no_energy_adapter,NOT_EXPLICITLY_ASSIGNED,He2+,H(1s),He+(5f),electron_capture_cross_section,9.794e−03,10^-16 cm^2,AOCC;author average of B1/B2 GTO bases,5.5e−02,epsilon=abs(sigma_B1-sigma_B2)/sigma_average;dimensionless convergence diagnostic;not Gaussian uncertainty,LITERATURE_SUPPORTED,PDF10_11_VISUAL_PLUS_TWO_TEXT_PARSERS_ALL_TOKENS_MATCH,NATIVE_VELOCITY_ONLY;NO_EXACT_KEVU_ROW_ASSERTED;G1_NOT_AUTHORIZED,NOT_RUN,NOT_RUN,NOT_RUN
P09,10.1016/j.adt.2019.05.002,papers/published/P09/1-s2.0-S0092640X19300191-main.pdf,a1d662ab0f5689eb99fa3046047139bcf679ab5b512616bcc3790f92f90a9fbf,11,11,27,0.6,5g,,,0.6,atomic_unit_of_velocity,relative_projectile_target_velocity;target-rest electronic representation;no_energy_adapter,NOT_EXPLICITLY_ASSIGNED,He2+,H(1s),He+(5g),electron_capture_cross_section,5.929e−03,10^-16 cm^2,AOCC;author average of B1/B2 GTO bases,8.7e−02,epsilon=abs(sigma_B1-sigma_B2)/sigma_average;dimensionless convergence diagnostic;not Gaussian uncertainty,LITERATURE_SUPPORTED,PDF10_11_VISUAL_PLUS_TWO_TEXT_PARSERS_ALL_TOKENS_MATCH,NATIVE_VELOCITY_ONLY;NO_EXACT_KEVU_ROW_ASSERTED;G1_NOT_AUTHORIZED,NOT_RUN,NOT_RUN,NOT_RUN
P09,10.1016/j.adt.2019.05.002,papers/published/P09/1-s2.0-S0092640X19300191-main.pdf,a1d662ab0f5689eb99fa3046047139bcf679ab5b512616bcc3790f92f90a9fbf,11,11,27,0.8,4d,,,0.8,atomic_unit_of_velocity,relative_projectile_target_velocity;target-rest electronic representation;no_energy_adapter,NOT_EXPLICITLY_ASSIGNED,He2+,H(1s),He+(4d),electron_capture_cross_section,5.807e−02,10^-16 cm^2,AOCC;author average of B1/B2 GTO bases,2.7e−02,epsilon=abs(sigma_B1-sigma_B2)/sigma_average;dimensionless convergence diagnostic;not Gaussian uncertainty,LITERATURE_SUPPORTED,PDF10_11_VISUAL_PLUS_TWO_TEXT_PARSERS_ALL_TOKENS_MATCH,NATIVE_VELOCITY_ONLY;NO_EXACT_KEVU_ROW_ASSERTED;G1_NOT_AUTHORIZED,NOT_RUN,NOT_RUN,NOT_RUN
P09,10.1016/j.adt.2019.05.002,papers/published/P09/1-s2.0-S0092640X19300191-main.pdf,a1d662ab0f5689eb99fa3046047139bcf679ab5b512616bcc3790f92f90a9fbf,11,11,27,0.8,5d,,,0.8,atomic_unit_of_velocity,relative_projectile_target_velocity;target-rest electronic representation;no_energy_adapter,NOT_EXPLICITLY_ASSIGNED,He2+,H(1s),He+(5d),electron_capture_cross_section,1.558e−02,10^-16 cm^2,AOCC;author average of B1/B2 GTO bases,4.0e−01,epsilon=abs(sigma_B1-sigma_B2)/sigma_average;dimensionless convergence diagnostic;not Gaussian uncertainty,LITERATURE_SUPPORTED,PDF10_11_VISUAL_PLUS_TWO_TEXT_PARSERS_ALL_TOKENS_MATCH,NATIVE_VELOCITY_ONLY;NO_EXACT_KEVU_ROW_ASSERTED;G1_NOT_AUTHORIZED,NOT_RUN,NOT_RUN,NOT_RUN
P09,10.1016/j.adt.2019.05.002,papers/published/P09/1-s2.0-S0092640X19300191-main.pdf,a1d662ab0f5689eb99fa3046047139bcf679ab5b512616bcc3790f92f90a9fbf,11,11,27,0.8,4f,,,0.8,atomic_unit_of_velocity,relative_projectile_target_velocity;target-rest electronic representation;no_energy_adapter,NOT_EXPLICITLY_ASSIGNED,He2+,H(1s),He+(4f),electron_capture_cross_section,2.595e−02,10^-16 cm^2,AOCC;author average of B1/B2 GTO bases,5.0e−02,epsilon=abs(sigma_B1-sigma_B2)/sigma_average;dimensionless convergence diagnostic;not Gaussian uncertainty,LITERATURE_SUPPORTED,PDF10_11_VISUAL_PLUS_TWO_TEXT_PARSERS_ALL_TOKENS_MATCH,NATIVE_VELOCITY_ONLY;NO_EXACT_KEVU_ROW_ASSERTED;G1_NOT_AUTHORIZED,NOT_RUN,NOT_RUN,NOT_RUN
P09,10.1016/j.adt.2019.05.002,papers/published/P09/1-s2.0-S0092640X19300191-main.pdf,a1d662ab0f5689eb99fa3046047139bcf679ab5b512616bcc3790f92f90a9fbf,11,11,27,0.8,5f,,,0.8,atomic_unit_of_velocity,relative_projectile_target_velocity;target-rest electronic representation;no_energy_adapter,NOT_EXPLICITLY_ASSIGNED,He2+,H(1s),He+(5f),electron_capture_cross_section,1.313e−02,10^-16 cm^2,AOCC;author average of B1/B2 GTO bases,1.2e−01,epsilon=abs(sigma_B1-sigma_B2)/sigma_average;dimensionless convergence diagnostic;not Gaussian uncertainty,LITERATURE_SUPPORTED,PDF10_11_VISUAL_PLUS_TWO_TEXT_PARSERS_ALL_TOKENS_MATCH,NATIVE_VELOCITY_ONLY;NO_EXACT_KEVU_ROW_ASSERTED;G1_NOT_AUTHORIZED,NOT_RUN,NOT_RUN,NOT_RUN
P09,10.1016/j.adt.2019.05.002,papers/published/P09/1-s2.0-S0092640X19300191-main.pdf,a1d662ab0f5689eb99fa3046047139bcf679ab5b512616bcc3790f92f90a9fbf,11,11,27,0.8,5g,,,0.8,atomic_unit_of_velocity,relative_projectile_target_velocity;target-rest electronic representation;no_energy_adapter,NOT_EXPLICITLY_ASSIGNED,He2+,H(1s),He+(5g),electron_capture_cross_section,3.035e−03,10^-16 cm^2,AOCC;author average of B1/B2 GTO bases,1.5e−01,epsilon=abs(sigma_B1-sigma_B2)/sigma_average;dimensionless convergence diagnostic;not Gaussian uncertainty,LITERATURE_SUPPORTED,PDF10_11_VISUAL_PLUS_TWO_TEXT_PARSERS_ALL_TOKENS_MATCH,NATIVE_VELOCITY_ONLY;NO_EXACT_KEVU_ROW_ASSERTED;G1_NOT_AUTHORIZED,NOT_RUN,NOT_RUN,NOT_RUN
P09,10.1016/j.adt.2019.05.002,papers/published/P09/1-s2.0-S0092640X19300191-main.pdf,a1d662ab0f5689eb99fa3046047139bcf679ab5b512616bcc3790f92f90a9fbf,11,11,27,1,4d,,,1,atomic_unit_of_velocity,relative_projectile_target_velocity;target-rest electronic representation;no_energy_adapter,NOT_EXPLICITLY_ASSIGNED,He2+,H(1s),He+(4d),electron_capture_cross_section,7.541e−02,10^-16 cm^2,AOCC;author average of B1/B2 GTO bases,1.1e−01,epsilon=abs(sigma_B1-sigma_B2)/sigma_average;dimensionless convergence diagnostic;not Gaussian uncertainty,LITERATURE_SUPPORTED,PDF10_11_VISUAL_PLUS_TWO_TEXT_PARSERS_ALL_TOKENS_MATCH,NATIVE_VELOCITY_ONLY;NO_EXACT_KEVU_ROW_ASSERTED;G1_NOT_AUTHORIZED,NOT_RUN,NOT_RUN,NOT_RUN
P09,10.1016/j.adt.2019.05.002,papers/published/P09/1-s2.0-S0092640X19300191-main.pdf,a1d662ab0f5689eb99fa3046047139bcf679ab5b512616bcc3790f92f90a9fbf,11,11,27,1,5d,,,1,atomic_unit_of_velocity,relative_projectile_target_velocity;target-rest electronic representation;no_energy_adapter,NOT_EXPLICITLY_ASSIGNED,He2+,H(1s),He+(5d),electron_capture_cross_section,3.319e−02,10^-16 cm^2,AOCC;author average of B1/B2 GTO bases,2.2e−01,epsilon=abs(sigma_B1-sigma_B2)/sigma_average;dimensionless convergence diagnostic;not Gaussian uncertainty,LITERATURE_SUPPORTED,PDF10_11_VISUAL_PLUS_TWO_TEXT_PARSERS_ALL_TOKENS_MATCH,NATIVE_VELOCITY_ONLY;NO_EXACT_KEVU_ROW_ASSERTED;G1_NOT_AUTHORIZED,NOT_RUN,NOT_RUN,NOT_RUN
P09,10.1016/j.adt.2019.05.002,papers/published/P09/1-s2.0-S0092640X19300191-main.pdf,a1d662ab0f5689eb99fa3046047139bcf679ab5b512616bcc3790f92f90a9fbf,11,11,27,1,4f,,,1,atomic_unit_of_velocity,relative_projectile_target_velocity;target-rest electronic representation;no_energy_adapter,NOT_EXPLICITLY_ASSIGNED,He2+,H(1s),He+(4f),electron_capture_cross_section,1.418e−02,10^-16 cm^2,AOCC;author average of B1/B2 GTO bases,1.4e−02,epsilon=abs(sigma_B1-sigma_B2)/sigma_average;dimensionless convergence diagnostic;not Gaussian uncertainty,LITERATURE_SUPPORTED,PDF10_11_VISUAL_PLUS_TWO_TEXT_PARSERS_ALL_TOKENS_MATCH,NATIVE_VELOCITY_ONLY;NO_EXACT_KEVU_ROW_ASSERTED;G1_NOT_AUTHORIZED,NOT_RUN,NOT_RUN,NOT_RUN
P09,10.1016/j.adt.2019.05.002,papers/published/P09/1-s2.0-S0092640X19300191-main.pdf,a1d662ab0f5689eb99fa3046047139bcf679ab5b512616bcc3790f92f90a9fbf,11,11,27,1,5f,,,1,atomic_unit_of_velocity,relative_projectile_target_velocity;target-rest electronic representation;no_energy_adapter,NOT_EXPLICITLY_ASSIGNED,He2+,H(1s),He+(5f),electron_capture_cross_section,1.213e−02,10^-16 cm^2,AOCC;author average of B1/B2 GTO bases,2.0e−01,epsilon=abs(sigma_B1-sigma_B2)/sigma_average;dimensionless convergence diagnostic;not Gaussian uncertainty,LITERATURE_SUPPORTED,PDF10_11_VISUAL_PLUS_TWO_TEXT_PARSERS_ALL_TOKENS_MATCH,NATIVE_VELOCITY_ONLY;NO_EXACT_KEVU_ROW_ASSERTED;G1_NOT_AUTHORIZED,NOT_RUN,NOT_RUN,NOT_RUN
P09,10.1016/j.adt.2019.05.002,papers/published/P09/1-s2.0-S0092640X19300191-main.pdf,a1d662ab0f5689eb99fa3046047139bcf679ab5b512616bcc3790f92f90a9fbf,11,11,27,1,5g,,,1,atomic_unit_of_velocity,relative_projectile_target_velocity;target-rest electronic representation;no_energy_adapter,NOT_EXPLICITLY_ASSIGNED,He2+,H(1s),He+(5g),electron_capture_cross_section,1.530e−03,10^-16 cm^2,AOCC;author average of B1/B2 GTO bases,4.9e−01,epsilon=abs(sigma_B1-sigma_B2)/sigma_average;dimensionless convergence diagnostic;not Gaussian uncertainty,LITERATURE_SUPPORTED,PDF10_11_VISUAL_PLUS_TWO_TEXT_PARSERS_ALL_TOKENS_MATCH,NATIVE_VELOCITY_ONLY;NO_EXACT_KEVU_ROW_ASSERTED;G1_NOT_AUTHORIZED,NOT_RUN,NOT_RUN,NOT_RUN
P09,10.1016/j.adt.2019.05.002,papers/published/P09/1-s2.0-S0092640X19300191-main.pdf,a1d662ab0f5689eb99fa3046047139bcf679ab5b512616bcc3790f92f90a9fbf,11,11,27,1.2,4d,,,1.2,atomic_unit_of_velocity,relative_projectile_target_velocity;target-rest electronic representation;no_energy_adapter,NOT_EXPLICITLY_ASSIGNED,He2+,H(1s),He+(4d),electron_capture_cross_section,7.103e−02,10^-16 cm^2,AOCC;author average of B1/B2 GTO bases,7.2e−02,epsilon=abs(sigma_B1-sigma_B2)/sigma_average;dimensionless convergence diagnostic;not Gaussian uncertainty,LITERATURE_SUPPORTED,PDF10_11_VISUAL_PLUS_TWO_TEXT_PARSERS_ALL_TOKENS_MATCH,NATIVE_VELOCITY_ONLY;NO_EXACT_KEVU_ROW_ASSERTED;G1_NOT_AUTHORIZED,NOT_RUN,NOT_RUN,NOT_RUN
P09,10.1016/j.adt.2019.05.002,papers/published/P09/1-s2.0-S0092640X19300191-main.pdf,a1d662ab0f5689eb99fa3046047139bcf679ab5b512616bcc3790f92f90a9fbf,11,11,27,1.2,5d,,,1.2,atomic_unit_of_velocity,relative_projectile_target_velocity;target-rest electronic representation;no_energy_adapter,NOT_EXPLICITLY_ASSIGNED,He2+,H(1s),He+(5d),electron_capture_cross_section,3.542e−02,10^-16 cm^2,AOCC;author average of B1/B2 GTO bases,3.0e−02,epsilon=abs(sigma_B1-sigma_B2)/sigma_average;dimensionless convergence diagnostic;not Gaussian uncertainty,LITERATURE_SUPPORTED,PDF10_11_VISUAL_PLUS_TWO_TEXT_PARSERS_ALL_TOKENS_MATCH,NATIVE_VELOCITY_ONLY;NO_EXACT_KEVU_ROW_ASSERTED;G1_NOT_AUTHORIZED,NOT_RUN,NOT_RUN,NOT_RUN
P09,10.1016/j.adt.2019.05.002,papers/published/P09/1-s2.0-S0092640X19300191-main.pdf,a1d662ab0f5689eb99fa3046047139bcf679ab5b512616bcc3790f92f90a9fbf,11,11,27,1.2,4f,,,1.2,atomic_unit_of_velocity,relative_projectile_target_velocity;target-rest electronic representation;no_energy_adapter,NOT_EXPLICITLY_ASSIGNED,He2+,H(1s),He+(4f),electron_capture_cross_section,1.058e−02,10^-16 cm^2,AOCC;author average of B1/B2 GTO bases,5.9e−02,epsilon=abs(sigma_B1-sigma_B2)/sigma_average;dimensionless convergence diagnostic;not Gaussian uncertainty,LITERATURE_SUPPORTED,PDF10_11_VISUAL_PLUS_TWO_TEXT_PARSERS_ALL_TOKENS_MATCH,NATIVE_VELOCITY_ONLY;NO_EXACT_KEVU_ROW_ASSERTED;G1_NOT_AUTHORIZED,NOT_RUN,NOT_RUN,NOT_RUN
P09,10.1016/j.adt.2019.05.002,papers/published/P09/1-s2.0-S0092640X19300191-main.pdf,a1d662ab0f5689eb99fa3046047139bcf679ab5b512616bcc3790f92f90a9fbf,11,11,27,1.2,5f,,,1.2,atomic_unit_of_velocity,relative_projectile_target_velocity;target-rest electronic representation;no_energy_adapter,NOT_EXPLICITLY_ASSIGNED,He2+,H(1s),He+(5f),electron_capture_cross_section,7.785e−03,10^-16 cm^2,AOCC;author average of B1/B2 GTO bases,3.2e−01,epsilon=abs(sigma_B1-sigma_B2)/sigma_average;dimensionless convergence diagnostic;not Gaussian uncertainty,LITERATURE_SUPPORTED,PDF10_11_VISUAL_PLUS_TWO_TEXT_PARSERS_ALL_TOKENS_MATCH,NATIVE_VELOCITY_ONLY;NO_EXACT_KEVU_ROW_ASSERTED;G1_NOT_AUTHORIZED,NOT_RUN,NOT_RUN,NOT_RUN
P09,10.1016/j.adt.2019.05.002,papers/published/P09/1-s2.0-S0092640X19300191-main.pdf,a1d662ab0f5689eb99fa3046047139bcf679ab5b512616bcc3790f92f90a9fbf,11,11,27,1.2,5g,,,1.2,atomic_unit_of_velocity,relative_projectile_target_velocity;target-rest electronic representation;no_energy_adapter,NOT_EXPLICITLY_ASSIGNED,He2+,H(1s),He+(5g),electron_capture_cross_section,5.977e−04,10^-16 cm^2,AOCC;author average of B1/B2 GTO bases,4.2e−01,epsilon=abs(sigma_B1-sigma_B2)/sigma_average;dimensionless convergence diagnostic;not Gaussian uncertainty,LITERATURE_SUPPORTED,PDF10_11_VISUAL_PLUS_TWO_TEXT_PARSERS_ALL_TOKENS_MATCH,NATIVE_VELOCITY_ONLY;NO_EXACT_KEVU_ROW_ASSERTED;G1_NOT_AUTHORIZED,NOT_RUN,NOT_RUN,NOT_RUN
P09,10.1016/j.adt.2019.05.002,papers/published/P09/1-s2.0-S0092640X19300191-main.pdf,a1d662ab0f5689eb99fa3046047139bcf679ab5b512616bcc3790f92f90a9fbf,11,11,27,1.4,4d,,,1.4,atomic_unit_of_velocity,relative_projectile_target_velocity;target-rest electronic representation;no_energy_adapter,NOT_EXPLICITLY_ASSIGNED,He2+,H(1s),He+(4d),electron_capture_cross_section,4.612e−02,10^-16 cm^2,AOCC;author average of B1/B2 GTO bases,9.2e−02,epsilon=abs(sigma_B1-sigma_B2)/sigma_average;dimensionless convergence diagnostic;not Gaussian uncertainty,LITERATURE_SUPPORTED,PDF10_11_VISUAL_PLUS_TWO_TEXT_PARSERS_ALL_TOKENS_MATCH,NATIVE_VELOCITY_ONLY;NO_EXACT_KEVU_ROW_ASSERTED;G1_NOT_AUTHORIZED,NOT_RUN,NOT_RUN,NOT_RUN
P09,10.1016/j.adt.2019.05.002,papers/published/P09/1-s2.0-S0092640X19300191-main.pdf,a1d662ab0f5689eb99fa3046047139bcf679ab5b512616bcc3790f92f90a9fbf,11,11,27,1.4,5d,,,1.4,atomic_unit_of_velocity,relative_projectile_target_velocity;target-rest electronic representation;no_energy_adapter,NOT_EXPLICITLY_ASSIGNED,He2+,H(1s),He+(5d),electron_capture_cross_section,2.483e−02,10^-16 cm^2,AOCC;author average of B1/B2 GTO bases,2.6e−01,epsilon=abs(sigma_B1-sigma_B2)/sigma_average;dimensionless convergence diagnostic;not Gaussian uncertainty,LITERATURE_SUPPORTED,PDF10_11_VISUAL_PLUS_TWO_TEXT_PARSERS_ALL_TOKENS_MATCH,NATIVE_VELOCITY_ONLY;NO_EXACT_KEVU_ROW_ASSERTED;G1_NOT_AUTHORIZED,NOT_RUN,NOT_RUN,NOT_RUN
P09,10.1016/j.adt.2019.05.002,papers/published/P09/1-s2.0-S0092640X19300191-main.pdf,a1d662ab0f5689eb99fa3046047139bcf679ab5b512616bcc3790f92f90a9fbf,11,11,27,1.4,4f,,,1.4,atomic_unit_of_velocity,relative_projectile_target_velocity;target-rest electronic representation;no_energy_adapter,NOT_EXPLICITLY_ASSIGNED,He2+,H(1s),He+(4f),electron_capture_cross_section,6.036e−03,10^-16 cm^2,AOCC;author average of B1/B2 GTO bases,7.0e−02,epsilon=abs(sigma_B1-sigma_B2)/sigma_average;dimensionless convergence diagnostic;not Gaussian uncertainty,LITERATURE_SUPPORTED,PDF10_11_VISUAL_PLUS_TWO_TEXT_PARSERS_ALL_TOKENS_MATCH,NATIVE_VELOCITY_ONLY;NO_EXACT_KEVU_ROW_ASSERTED;G1_NOT_AUTHORIZED,NOT_RUN,NOT_RUN,NOT_RUN
P09,10.1016/j.adt.2019.05.002,papers/published/P09/1-s2.0-S0092640X19300191-main.pdf,a1d662ab0f5689eb99fa3046047139bcf679ab5b512616bcc3790f92f90a9fbf,11,11,27,1.4,5f,,,1.4,atomic_unit_of_velocity,relative_projectile_target_velocity;target-rest electronic representation;no_energy_adapter,NOT_EXPLICITLY_ASSIGNED,He2+,H(1s),He+(5f),electron_capture_cross_section,4.081e−03,10^-16 cm^2,AOCC;author average of B1/B2 GTO bases,1.7e−01,epsilon=abs(sigma_B1-sigma_B2)/sigma_average;dimensionless convergence diagnostic;not Gaussian uncertainty,LITERATURE_SUPPORTED,PDF10_11_VISUAL_PLUS_TWO_TEXT_PARSERS_ALL_TOKENS_MATCH,NATIVE_VELOCITY_ONLY;NO_EXACT_KEVU_ROW_ASSERTED;G1_NOT_AUTHORIZED,NOT_RUN,NOT_RUN,NOT_RUN
P09,10.1016/j.adt.2019.05.002,papers/published/P09/1-s2.0-S0092640X19300191-main.pdf,a1d662ab0f5689eb99fa3046047139bcf679ab5b512616bcc3790f92f90a9fbf,11,11,27,1.4,5g,,,1.4,atomic_unit_of_velocity,relative_projectile_target_velocity;target-rest electronic representation;no_energy_adapter,NOT_EXPLICITLY_ASSIGNED,He2+,H(1s),He+(5g),electron_capture_cross_section,5.419e−04,10^-16 cm^2,AOCC;author average of B1/B2 GTO bases,7.2e−01,epsilon=abs(sigma_B1-sigma_B2)/sigma_average;dimensionless convergence diagnostic;not Gaussian uncertainty,LITERATURE_SUPPORTED,PDF10_11_VISUAL_PLUS_TWO_TEXT_PARSERS_ALL_TOKENS_MATCH,NATIVE_VELOCITY_ONLY;NO_EXACT_KEVU_ROW_ASSERTED;G1_NOT_AUTHORIZED,NOT_RUN,NOT_RUN,NOT_RUN
P09,10.1016/j.adt.2019.05.002,papers/published/P09/1-s2.0-S0092640X19300191-main.pdf,a1d662ab0f5689eb99fa3046047139bcf679ab5b512616bcc3790f92f90a9fbf,11,11,27,1.6,4d,,,1.6,atomic_unit_of_velocity,relative_projectile_target_velocity;target-rest electronic representation;no_energy_adapter,NOT_EXPLICITLY_ASSIGNED,He2+,H(1s),He+(4d),electron_capture_cross_section,2.541e−02,10^-16 cm^2,AOCC;author average of B1/B2 GTO bases,8.9e−05,epsilon=abs(sigma_B1-sigma_B2)/sigma_average;dimensionless convergence diagnostic;not Gaussian uncertainty,LITERATURE_SUPPORTED,PDF10_11_VISUAL_PLUS_TWO_TEXT_PARSERS_ALL_TOKENS_MATCH,NATIVE_VELOCITY_ONLY;NO_EXACT_KEVU_ROW_ASSERTED;G1_NOT_AUTHORIZED,NOT_RUN,NOT_RUN,NOT_RUN
P09,10.1016/j.adt.2019.05.002,papers/published/P09/1-s2.0-S0092640X19300191-main.pdf,a1d662ab0f5689eb99fa3046047139bcf679ab5b512616bcc3790f92f90a9fbf,11,11,27,1.6,5d,,,1.6,atomic_unit_of_velocity,relative_projectile_target_velocity;target-rest electronic representation;no_energy_adapter,NOT_EXPLICITLY_ASSIGNED,He2+,H(1s),He+(5d),electron_capture_cross_section,1.562e−02,10^-16 cm^2,AOCC;author average of B1/B2 GTO bases,2.8e−01,epsilon=abs(sigma_B1-sigma_B2)/sigma_average;dimensionless convergence diagnostic;not Gaussian uncertainty,LITERATURE_SUPPORTED,PDF10_11_VISUAL_PLUS_TWO_TEXT_PARSERS_ALL_TOKENS_MATCH,NATIVE_VELOCITY_ONLY;NO_EXACT_KEVU_ROW_ASSERTED;G1_NOT_AUTHORIZED,NOT_RUN,NOT_RUN,NOT_RUN
P09,10.1016/j.adt.2019.05.002,papers/published/P09/1-s2.0-S0092640X19300191-main.pdf,a1d662ab0f5689eb99fa3046047139bcf679ab5b512616bcc3790f92f90a9fbf,11,11,27,1.6,4f,,,1.6,atomic_unit_of_velocity,relative_projectile_target_velocity;target-rest electronic representation;no_energy_adapter,NOT_EXPLICITLY_ASSIGNED,He2+,H(1s),He+(4f),electron_capture_cross_section,2.714e−03,10^-16 cm^2,AOCC;author average of B1/B2 GTO bases,4.5e−02,epsilon=abs(sigma_B1-sigma_B2)/sigma_average;dimensionless convergence diagnostic;not Gaussian uncertainty,LITERATURE_SUPPORTED,PDF10_11_VISUAL_PLUS_TWO_TEXT_PARSERS_ALL_TOKENS_MATCH,NATIVE_VELOCITY_ONLY;NO_EXACT_KEVU_ROW_ASSERTED;G1_NOT_AUTHORIZED,NOT_RUN,NOT_RUN,NOT_RUN
P09,10.1016/j.adt.2019.05.002,papers/published/P09/1-s2.0-S0092640X19300191-main.pdf,a1d662ab0f5689eb99fa3046047139bcf679ab5b512616bcc3790f92f90a9fbf,11,11,27,1.6,5f,,,1.6,atomic_unit_of_velocity,relative_projectile_target_velocity;target-rest electronic representation;no_energy_adapter,NOT_EXPLICITLY_ASSIGNED,He2+,H(1s),He+(5f),electron_capture_cross_section,2.106e−03,10^-16 cm^2,AOCC;author average of B1/B2 GTO bases,1.4e−01,epsilon=abs(sigma_B1-sigma_B2)/sigma_average;dimensionless convergence diagnostic;not Gaussian uncertainty,LITERATURE_SUPPORTED,PDF10_11_VISUAL_PLUS_TWO_TEXT_PARSERS_ALL_TOKENS_MATCH,NATIVE_VELOCITY_ONLY;NO_EXACT_KEVU_ROW_ASSERTED;G1_NOT_AUTHORIZED,NOT_RUN,NOT_RUN,NOT_RUN
P09,10.1016/j.adt.2019.05.002,papers/published/P09/1-s2.0-S0092640X19300191-main.pdf,a1d662ab0f5689eb99fa3046047139bcf679ab5b512616bcc3790f92f90a9fbf,11,11,27,1.6,5g,,,1.6,atomic_unit_of_velocity,relative_projectile_target_velocity;target-rest electronic representation;no_energy_adapter,NOT_EXPLICITLY_ASSIGNED,He2+,H(1s),He+(5g),electron_capture_cross_section,3.109e−04,10^-16 cm^2,AOCC;author average of B1/B2 GTO bases,1.2e+00,epsilon=abs(sigma_B1-sigma_B2)/sigma_average;dimensionless convergence diagnostic;not Gaussian uncertainty,LITERATURE_SUPPORTED,PDF10_11_VISUAL_PLUS_TWO_TEXT_PARSERS_ALL_TOKENS_MATCH,NATIVE_VELOCITY_ONLY;NO_EXACT_KEVU_ROW_ASSERTED;G1_NOT_AUTHORIZED,NOT_RUN,NOT_RUN,NOT_RUN
P09,10.1016/j.adt.2019.05.002,papers/published/P09/1-s2.0-S0092640X19300191-main.pdf,a1d662ab0f5689eb99fa3046047139bcf679ab5b512616bcc3790f92f90a9fbf,11,11,27,1.8,4d,,,1.8,atomic_unit_of_velocity,relative_projectile_target_velocity;target-rest electronic representation;no_energy_adapter,NOT_EXPLICITLY_ASSIGNED,He2+,H(1s),He+(4d),electron_capture_cross_section,1.276e−02,10^-16 cm^2,AOCC;author average of B1/B2 GTO bases,5.9e−02,epsilon=abs(sigma_B1-sigma_B2)/sigma_average;dimensionless convergence diagnostic;not Gaussian uncertainty,LITERATURE_SUPPORTED,PDF10_11_VISUAL_PLUS_TWO_TEXT_PARSERS_ALL_TOKENS_MATCH,NATIVE_VELOCITY_ONLY;NO_EXACT_KEVU_ROW_ASSERTED;G1_NOT_AUTHORIZED,NOT_RUN,NOT_RUN,NOT_RUN
P09,10.1016/j.adt.2019.05.002,papers/published/P09/1-s2.0-S0092640X19300191-main.pdf,a1d662ab0f5689eb99fa3046047139bcf679ab5b512616bcc3790f92f90a9fbf,11,11,27,1.8,5d,,,1.8,atomic_unit_of_velocity,relative_projectile_target_velocity;target-rest electronic representation;no_energy_adapter,NOT_EXPLICITLY_ASSIGNED,He2+,H(1s),He+(5d),electron_capture_cross_section,7.725e−03,10^-16 cm^2,AOCC;author average of B1/B2 GTO bases,4.0e−01,epsilon=abs(sigma_B1-sigma_B2)/sigma_average;dimensionless convergence diagnostic;not Gaussian uncertainty,LITERATURE_SUPPORTED,PDF10_11_VISUAL_PLUS_TWO_TEXT_PARSERS_ALL_TOKENS_MATCH,NATIVE_VELOCITY_ONLY;NO_EXACT_KEVU_ROW_ASSERTED;G1_NOT_AUTHORIZED,NOT_RUN,NOT_RUN,NOT_RUN
P09,10.1016/j.adt.2019.05.002,papers/published/P09/1-s2.0-S0092640X19300191-main.pdf,a1d662ab0f5689eb99fa3046047139bcf679ab5b512616bcc3790f92f90a9fbf,11,11,27,1.8,4f,,,1.8,atomic_unit_of_velocity,relative_projectile_target_velocity;target-rest electronic representation;no_energy_adapter,NOT_EXPLICITLY_ASSIGNED,He2+,H(1s),He+(4f),electron_capture_cross_section,1.290e−03,10^-16 cm^2,AOCC;author average of B1/B2 GTO bases,2.3e−02,epsilon=abs(sigma_B1-sigma_B2)/sigma_average;dimensionless convergence diagnostic;not Gaussian uncertainty,LITERATURE_SUPPORTED,PDF10_11_VISUAL_PLUS_TWO_TEXT_PARSERS_ALL_TOKENS_MATCH,NATIVE_VELOCITY_ONLY;NO_EXACT_KEVU_ROW_ASSERTED;G1_NOT_AUTHORIZED,NOT_RUN,NOT_RUN,NOT_RUN
P09,10.1016/j.adt.2019.05.002,papers/published/P09/1-s2.0-S0092640X19300191-main.pdf,a1d662ab0f5689eb99fa3046047139bcf679ab5b512616bcc3790f92f90a9fbf,11,11,27,1.8,5f,,,1.8,atomic_unit_of_velocity,relative_projectile_target_velocity;target-rest electronic representation;no_energy_adapter,NOT_EXPLICITLY_ASSIGNED,He2+,H(1s),He+(5f),electron_capture_cross_section,9.899e−04,10^-16 cm^2,AOCC;author average of B1/B2 GTO bases,1.4e−01,epsilon=abs(sigma_B1-sigma_B2)/sigma_average;dimensionless convergence diagnostic;not Gaussian uncertainty,LITERATURE_SUPPORTED,PDF10_11_VISUAL_PLUS_TWO_TEXT_PARSERS_ALL_TOKENS_MATCH,NATIVE_VELOCITY_ONLY;NO_EXACT_KEVU_ROW_ASSERTED;G1_NOT_AUTHORIZED,NOT_RUN,NOT_RUN,NOT_RUN
P09,10.1016/j.adt.2019.05.002,papers/published/P09/1-s2.0-S0092640X19300191-main.pdf,a1d662ab0f5689eb99fa3046047139bcf679ab5b512616bcc3790f92f90a9fbf,11,11,27,1.8,5g,,,1.8,atomic_unit_of_velocity,relative_projectile_target_velocity;target-rest electronic representation;no_energy_adapter,NOT_EXPLICITLY_ASSIGNED,He2+,H(1s),He+(5g),electron_capture_cross_section,1.556e−04,10^-16 cm^2,AOCC;author average of B1/B2 GTO bases,4.8e−01,epsilon=abs(sigma_B1-sigma_B2)/sigma_average;dimensionless convergence diagnostic;not Gaussian uncertainty,LITERATURE_SUPPORTED,PDF10_11_VISUAL_PLUS_TWO_TEXT_PARSERS_ALL_TOKENS_MATCH,NATIVE_VELOCITY_ONLY;NO_EXACT_KEVU_ROW_ASSERTED;G1_NOT_AUTHORIZED,NOT_RUN,NOT_RUN,NOT_RUN
P09,10.1016/j.adt.2019.05.002,papers/published/P09/1-s2.0-S0092640X19300191-main.pdf,a1d662ab0f5689eb99fa3046047139bcf679ab5b512616bcc3790f92f90a9fbf,11,11,27,2,4d,,,2,atomic_unit_of_velocity,relative_projectile_target_velocity;target-rest electronic representation;no_energy_adapter,NOT_EXPLICITLY_ASSIGNED,He2+,H(1s),He+(4d),electron_capture_cross_section,5.662e−03,10^-16 cm^2,AOCC;author average of B1/B2 GTO bases,7.1e−03,epsilon=abs(sigma_B1-sigma_B2)/sigma_average;dimensionless convergence diagnostic;not Gaussian uncertainty,LITERATURE_SUPPORTED,PDF10_11_VISUAL_PLUS_TWO_TEXT_PARSERS_ALL_TOKENS_MATCH,NATIVE_VELOCITY_ONLY;NO_EXACT_KEVU_ROW_ASSERTED;G1_NOT_AUTHORIZED,NOT_RUN,NOT_RUN,NOT_RUN
P09,10.1016/j.adt.2019.05.002,papers/published/P09/1-s2.0-S0092640X19300191-main.pdf,a1d662ab0f5689eb99fa3046047139bcf679ab5b512616bcc3790f92f90a9fbf,11,11,27,2,5d,,,2,atomic_unit_of_velocity,relative_projectile_target_velocity;target-rest electronic representation;no_energy_adapter,NOT_EXPLICITLY_ASSIGNED,He2+,H(1s),He+(5d),electron_capture_cross_section,3.797e−03,10^-16 cm^2,AOCC;author average of B1/B2 GTO bases,2.2e−01,epsilon=abs(sigma_B1-sigma_B2)/sigma_average;dimensionless convergence diagnostic;not Gaussian uncertainty,LITERATURE_SUPPORTED,PDF10_11_VISUAL_PLUS_TWO_TEXT_PARSERS_ALL_TOKENS_MATCH,NATIVE_VELOCITY_ONLY;NO_EXACT_KEVU_ROW_ASSERTED;G1_NOT_AUTHORIZED,NOT_RUN,NOT_RUN,NOT_RUN
P09,10.1016/j.adt.2019.05.002,papers/published/P09/1-s2.0-S0092640X19300191-main.pdf,a1d662ab0f5689eb99fa3046047139bcf679ab5b512616bcc3790f92f90a9fbf,11,11,27,2,4f,,,2,atomic_unit_of_velocity,relative_projectile_target_velocity;target-rest electronic representation;no_energy_adapter,NOT_EXPLICITLY_ASSIGNED,He2+,H(1s),He+(4f),electron_capture_cross_section,6.296e−04,10^-16 cm^2,AOCC;author average of B1/B2 GTO bases,4.6e−02,epsilon=abs(sigma_B1-sigma_B2)/sigma_average;dimensionless convergence diagnostic;not Gaussian uncertainty,LITERATURE_SUPPORTED,PDF10_11_VISUAL_PLUS_TWO_TEXT_PARSERS_ALL_TOKENS_MATCH,NATIVE_VELOCITY_ONLY;NO_EXACT_KEVU_ROW_ASSERTED;G1_NOT_AUTHORIZED,NOT_RUN,NOT_RUN,NOT_RUN
P09,10.1016/j.adt.2019.05.002,papers/published/P09/1-s2.0-S0092640X19300191-main.pdf,a1d662ab0f5689eb99fa3046047139bcf679ab5b512616bcc3790f92f90a9fbf,11,11,27,2,5f,,,2,atomic_unit_of_velocity,relative_projectile_target_velocity;target-rest electronic representation;no_energy_adapter,NOT_EXPLICITLY_ASSIGNED,He2+,H(1s),He+(5f),electron_capture_cross_section,4.525e−04,10^-16 cm^2,AOCC;author average of B1/B2 GTO bases,5.1e−01,epsilon=abs(sigma_B1-sigma_B2)/sigma_average;dimensionless convergence diagnostic;not Gaussian uncertainty,LITERATURE_SUPPORTED,PDF10_11_VISUAL_PLUS_TWO_TEXT_PARSERS_ALL_TOKENS_MATCH,NATIVE_VELOCITY_ONLY;NO_EXACT_KEVU_ROW_ASSERTED;G1_NOT_AUTHORIZED,NOT_RUN,NOT_RUN,NOT_RUN
P09,10.1016/j.adt.2019.05.002,papers/published/P09/1-s2.0-S0092640X19300191-main.pdf,a1d662ab0f5689eb99fa3046047139bcf679ab5b512616bcc3790f92f90a9fbf,11,11,27,2,5g,,,2,atomic_unit_of_velocity,relative_projectile_target_velocity;target-rest electronic representation;no_energy_adapter,NOT_EXPLICITLY_ASSIGNED,He2+,H(1s),He+(5g),electron_capture_cross_section,1.217e−04,10^-16 cm^2,AOCC;author average of B1/B2 GTO bases,6.1e−01,epsilon=abs(sigma_B1-sigma_B2)/sigma_average;dimensionless convergence diagnostic;not Gaussian uncertainty,LITERATURE_SUPPORTED,PDF10_11_VISUAL_PLUS_TWO_TEXT_PARSERS_ALL_TOKENS_MATCH,NATIVE_VELOCITY_ONLY;NO_EXACT_KEVU_ROW_ASSERTED;G1_NOT_AUTHORIZED,NOT_RUN,NOT_RUN,NOT_RUN
P09,10.1016/j.adt.2019.05.002,papers/published/P09/1-s2.0-S0092640X19300191-main.pdf,a1d662ab0f5689eb99fa3046047139bcf679ab5b512616bcc3790f92f90a9fbf,11,11,28,0.2,1s,,,0.2,atomic_unit_of_velocity,relative_projectile_target_velocity;target-rest electronic representation;no_energy_adapter,NOT_EXPLICITLY_ASSIGNED,He2+,H(2s),He+(1s),electron_capture_cross_section,5.319e−03,10^-16 cm^2,AOCC;author average of B1/B2 GTO bases,5.8e−03,epsilon=abs(sigma_B1-sigma_B2)/sigma_average;dimensionless convergence diagnostic;not Gaussian uncertainty,LITERATURE_SUPPORTED,PDF10_11_VISUAL_PLUS_TWO_TEXT_PARSERS_ALL_TOKENS_MATCH,NATIVE_VELOCITY_ONLY;NO_EXACT_KEVU_ROW_ASSERTED;G1_NOT_AUTHORIZED,NOT_RUN,NOT_RUN,NOT_RUN
P09,10.1016/j.adt.2019.05.002,papers/published/P09/1-s2.0-S0092640X19300191-main.pdf,a1d662ab0f5689eb99fa3046047139bcf679ab5b512616bcc3790f92f90a9fbf,11,11,28,0.2,2s,,,0.2,atomic_unit_of_velocity,relative_projectile_target_velocity;target-rest electronic representation;no_energy_adapter,NOT_EXPLICITLY_ASSIGNED,He2+,H(2s),He+(2s),electron_capture_cross_section,8.372e−02,10^-16 cm^2,AOCC;author average of B1/B2 GTO bases,4.9e−01,epsilon=abs(sigma_B1-sigma_B2)/sigma_average;dimensionless convergence diagnostic;not Gaussian uncertainty,LITERATURE_SUPPORTED,PDF10_11_VISUAL_PLUS_TWO_TEXT_PARSERS_ALL_TOKENS_MATCH,NATIVE_VELOCITY_ONLY;NO_EXACT_KEVU_ROW_ASSERTED;G1_NOT_AUTHORIZED,NOT_RUN,NOT_RUN,NOT_RUN
P09,10.1016/j.adt.2019.05.002,papers/published/P09/1-s2.0-S0092640X19300191-main.pdf,a1d662ab0f5689eb99fa3046047139bcf679ab5b512616bcc3790f92f90a9fbf,11,11,28,0.2,3s,,,0.2,atomic_unit_of_velocity,relative_projectile_target_velocity;target-rest electronic representation;no_energy_adapter,NOT_EXPLICITLY_ASSIGNED,He2+,H(2s),He+(3s),electron_capture_cross_section,9.224e+00,10^-16 cm^2,AOCC;author average of B1/B2 GTO bases,5.7e−02,epsilon=abs(sigma_B1-sigma_B2)/sigma_average;dimensionless convergence diagnostic;not Gaussian uncertainty,LITERATURE_SUPPORTED,PDF10_11_VISUAL_PLUS_TWO_TEXT_PARSERS_ALL_TOKENS_MATCH,NATIVE_VELOCITY_ONLY;NO_EXACT_KEVU_ROW_ASSERTED;G1_NOT_AUTHORIZED,NOT_RUN,NOT_RUN,NOT_RUN
P09,10.1016/j.adt.2019.05.002,papers/published/P09/1-s2.0-S0092640X19300191-main.pdf,a1d662ab0f5689eb99fa3046047139bcf679ab5b512616bcc3790f92f90a9fbf,11,11,28,0.2,4s,,,0.2,atomic_unit_of_velocity,relative_projectile_target_velocity;target-rest electronic representation;no_energy_adapter,NOT_EXPLICITLY_ASSIGNED,He2+,H(2s),He+(4s),electron_capture_cross_section,3.424e+00,10^-16 cm^2,AOCC;author average of B1/B2 GTO bases,2.2e−01,epsilon=abs(sigma_B1-sigma_B2)/sigma_average;dimensionless convergence diagnostic;not Gaussian uncertainty,LITERATURE_SUPPORTED,PDF10_11_VISUAL_PLUS_TWO_TEXT_PARSERS_ALL_TOKENS_MATCH,NATIVE_VELOCITY_ONLY;NO_EXACT_KEVU_ROW_ASSERTED;G1_NOT_AUTHORIZED,NOT_RUN,NOT_RUN,NOT_RUN
P09,10.1016/j.adt.2019.05.002,papers/published/P09/1-s2.0-S0092640X19300191-main.pdf,a1d662ab0f5689eb99fa3046047139bcf679ab5b512616bcc3790f92f90a9fbf,11,11,28,0.2,5s,,,0.2,atomic_unit_of_velocity,relative_projectile_target_velocity;target-rest electronic representation;no_energy_adapter,NOT_EXPLICITLY_ASSIGNED,He2+,H(2s),He+(5s),electron_capture_cross_section,4.235e−01,10^-16 cm^2,AOCC;author average of B1/B2 GTO bases,5.9e−01,epsilon=abs(sigma_B1-sigma_B2)/sigma_average;dimensionless convergence diagnostic;not Gaussian uncertainty,LITERATURE_SUPPORTED,PDF10_11_VISUAL_PLUS_TWO_TEXT_PARSERS_ALL_TOKENS_MATCH,NATIVE_VELOCITY_ONLY;NO_EXACT_KEVU_ROW_ASSERTED;G1_NOT_AUTHORIZED,NOT_RUN,NOT_RUN,NOT_RUN
P09,10.1016/j.adt.2019.05.002,papers/published/P09/1-s2.0-S0092640X19300191-main.pdf,a1d662ab0f5689eb99fa3046047139bcf679ab5b512616bcc3790f92f90a9fbf,11,11,28,0.4,1s,,,0.4,atomic_unit_of_velocity,relative_projectile_target_velocity;target-rest electronic representation;no_energy_adapter,NOT_EXPLICITLY_ASSIGNED,He2+,H(2s),He+(1s),electron_capture_cross_section,3.754e−03,10^-16 cm^2,AOCC;author average of B1/B2 GTO bases,8.2e−01,epsilon=abs(sigma_B1-sigma_B2)/sigma_average;dimensionless convergence diagnostic;not Gaussian uncertainty,LITERATURE_SUPPORTED,PDF10_11_VISUAL_PLUS_TWO_TEXT_PARSERS_ALL_TOKENS_MATCH,NATIVE_VELOCITY_ONLY;NO_EXACT_KEVU_ROW_ASSERTED;G1_NOT_AUTHORIZED,NOT_RUN,NOT_RUN,NOT_RUN
P09,10.1016/j.adt.2019.05.002,papers/published/P09/1-s2.0-S0092640X19300191-main.pdf,a1d662ab0f5689eb99fa3046047139bcf679ab5b512616bcc3790f92f90a9fbf,11,11,28,0.4,2s,,,0.4,atomic_unit_of_velocity,relative_projectile_target_velocity;target-rest electronic representation;no_energy_adapter,NOT_EXPLICITLY_ASSIGNED,He2+,H(2s),He+(2s),electron_capture_cross_section,1.265e−01,10^-16 cm^2,AOCC;author average of B1/B2 GTO bases,8.7e−01,epsilon=abs(sigma_B1-sigma_B2)/sigma_average;dimensionless convergence diagnostic;not Gaussian uncertainty,LITERATURE_SUPPORTED,PDF10_11_VISUAL_PLUS_TWO_TEXT_PARSERS_ALL_TOKENS_MATCH,NATIVE_VELOCITY_ONLY;NO_EXACT_KEVU_ROW_ASSERTED;G1_NOT_AUTHORIZED,NOT_RUN,NOT_RUN,NOT_RUN
P09,10.1016/j.adt.2019.05.002,papers/published/P09/1-s2.0-S0092640X19300191-main.pdf,a1d662ab0f5689eb99fa3046047139bcf679ab5b512616bcc3790f92f90a9fbf,11,11,28,0.4,3s,,,0.4,atomic_unit_of_velocity,relative_projectile_target_velocity;target-rest electronic representation;no_energy_adapter,NOT_EXPLICITLY_ASSIGNED,He2+,H(2s),He+(3s),electron_capture_cross_section,3.778e+00,10^-16 cm^2,AOCC;author average of B1/B2 GTO bases,1.4e−02,epsilon=abs(sigma_B1-sigma_B2)/sigma_average;dimensionless convergence diagnostic;not Gaussian uncertainty,LITERATURE_SUPPORTED,PDF10_11_VISUAL_PLUS_TWO_TEXT_PARSERS_ALL_TOKENS_MATCH,NATIVE_VELOCITY_ONLY;NO_EXACT_KEVU_ROW_ASSERTED;G1_NOT_AUTHORIZED,NOT_RUN,NOT_RUN,NOT_RUN
P09,10.1016/j.adt.2019.05.002,papers/published/P09/1-s2.0-S0092640X19300191-main.pdf,a1d662ab0f5689eb99fa3046047139bcf679ab5b512616bcc3790f92f90a9fbf,11,11,28,0.4,4s,,,0.4,atomic_unit_of_velocity,relative_projectile_target_velocity;target-rest electronic representation;no_energy_adapter,NOT_EXPLICITLY_ASSIGNED,He2+,H(2s),He+(4s),electron_capture_cross_section,5.242e+00,10^-16 cm^2,AOCC;author average of B1/B2 GTO bases,7.5e−02,epsilon=abs(sigma_B1-sigma_B2)/sigma_average;dimensionless convergence diagnostic;not Gaussian uncertainty,LITERATURE_SUPPORTED,PDF10_11_VISUAL_PLUS_TWO_TEXT_PARSERS_ALL_TOKENS_MATCH,NATIVE_VELOCITY_ONLY;NO_EXACT_KEVU_ROW_ASSERTED;G1_NOT_AUTHORIZED,NOT_RUN,NOT_RUN,NOT_RUN
P09,10.1016/j.adt.2019.05.002,papers/published/P09/1-s2.0-S0092640X19300191-main.pdf,a1d662ab0f5689eb99fa3046047139bcf679ab5b512616bcc3790f92f90a9fbf,11,11,28,0.4,5s,,,0.4,atomic_unit_of_velocity,relative_projectile_target_velocity;target-rest electronic representation;no_energy_adapter,NOT_EXPLICITLY_ASSIGNED,He2+,H(2s),He+(5s),electron_capture_cross_section,1.141e+00,10^-16 cm^2,AOCC;author average of B1/B2 GTO bases,4.2e−01,epsilon=abs(sigma_B1-sigma_B2)/sigma_average;dimensionless convergence diagnostic;not Gaussian uncertainty,LITERATURE_SUPPORTED,PDF10_11_VISUAL_PLUS_TWO_TEXT_PARSERS_ALL_TOKENS_MATCH,NATIVE_VELOCITY_ONLY;NO_EXACT_KEVU_ROW_ASSERTED;G1_NOT_AUTHORIZED,NOT_RUN,NOT_RUN,NOT_RUN
P09,10.1016/j.adt.2019.05.002,papers/published/P09/1-s2.0-S0092640X19300191-main.pdf,a1d662ab0f5689eb99fa3046047139bcf679ab5b512616bcc3790f92f90a9fbf,11,11,28,0.6,1s,,,0.6,atomic_unit_of_velocity,relative_projectile_target_velocity;target-rest electronic representation;no_energy_adapter,NOT_EXPLICITLY_ASSIGNED,He2+,H(2s),He+(1s),electron_capture_cross_section,1.010e−02,10^-16 cm^2,AOCC;author average of B1/B2 GTO bases,7.9e−01,epsilon=abs(sigma_B1-sigma_B2)/sigma_average;dimensionless convergence diagnostic;not Gaussian uncertainty,LITERATURE_SUPPORTED,PDF10_11_VISUAL_PLUS_TWO_TEXT_PARSERS_ALL_TOKENS_MATCH,NATIVE_VELOCITY_ONLY;NO_EXACT_KEVU_ROW_ASSERTED;G1_NOT_AUTHORIZED,NOT_RUN,NOT_RUN,NOT_RUN
P09,10.1016/j.adt.2019.05.002,papers/published/P09/1-s2.0-S0092640X19300191-main.pdf,a1d662ab0f5689eb99fa3046047139bcf679ab5b512616bcc3790f92f90a9fbf,11,11,28,0.6,2s,,,0.6,atomic_unit_of_velocity,relative_projectile_target_velocity;target-rest electronic representation;no_energy_adapter,NOT_EXPLICITLY_ASSIGNED,He2+,H(2s),He+(2s),electron_capture_cross_section,5.738e−01,10^-16 cm^2,AOCC;author average of B1/B2 GTO bases,6.5e−02,epsilon=abs(sigma_B1-sigma_B2)/sigma_average;dimensionless convergence diagnostic;not Gaussian uncertainty,LITERATURE_SUPPORTED,PDF10_11_VISUAL_PLUS_TWO_TEXT_PARSERS_ALL_TOKENS_MATCH,NATIVE_VELOCITY_ONLY;NO_EXACT_KEVU_ROW_ASSERTED;G1_NOT_AUTHORIZED,NOT_RUN,NOT_RUN,NOT_RUN
P09,10.1016/j.adt.2019.05.002,papers/published/P09/1-s2.0-S0092640X19300191-main.pdf,a1d662ab0f5689eb99fa3046047139bcf679ab5b512616bcc3790f92f90a9fbf,11,11,28,0.6,3s,,,0.6,atomic_unit_of_velocity,relative_projectile_target_velocity;target-rest electronic representation;no_energy_adapter,NOT_EXPLICITLY_ASSIGNED,He2+,H(2s),He+(3s),electron_capture_cross_section,1.943e+00,10^-16 cm^2,AOCC;author average of B1/B2 GTO bases,1.9e−02,epsilon=abs(sigma_B1-sigma_B2)/sigma_average;dimensionless convergence diagnostic;not Gaussian uncertainty,LITERATURE_SUPPORTED,PDF10_11_VISUAL_PLUS_TWO_TEXT_PARSERS_ALL_TOKENS_MATCH,NATIVE_VELOCITY_ONLY;NO_EXACT_KEVU_ROW_ASSERTED;G1_NOT_AUTHORIZED,NOT_RUN,NOT_RUN,NOT_RUN
P09,10.1016/j.adt.2019.05.002,papers/published/P09/1-s2.0-S0092640X19300191-main.pdf,a1d662ab0f5689eb99fa3046047139bcf679ab5b512616bcc3790f92f90a9fbf,11,11,28,0.6,4s,,,0.6,atomic_unit_of_velocity,relative_projectile_target_velocity;target-rest electronic representation;no_energy_adapter,NOT_EXPLICITLY_ASSIGNED,He2+,H(2s),He+(4s),electron_capture_cross_section,1.818e+00,10^-16 cm^2,AOCC;author average of B1/B2 GTO bases,5.9e−02,epsilon=abs(sigma_B1-sigma_B2)/sigma_average;dimensionless convergence diagnostic;not Gaussian uncertainty,LITERATURE_SUPPORTED,PDF10_11_VISUAL_PLUS_TWO_TEXT_PARSERS_ALL_TOKENS_MATCH,NATIVE_VELOCITY_ONLY;NO_EXACT_KEVU_ROW_ASSERTED;G1_NOT_AUTHORIZED,NOT_RUN,NOT_RUN,NOT_RUN
P09,10.1016/j.adt.2019.05.002,papers/published/P09/1-s2.0-S0092640X19300191-main.pdf,a1d662ab0f5689eb99fa3046047139bcf679ab5b512616bcc3790f92f90a9fbf,11,11,28,0.6,5s,,,0.6,atomic_unit_of_velocity,relative_projectile_target_velocity;target-rest electronic representation;no_energy_adapter,NOT_EXPLICITLY_ASSIGNED,He2+,H(2s),He+(5s),electron_capture_cross_section,1.406e+00,10^-16 cm^2,AOCC;author average of B1/B2 GTO bases,2.1e−01,epsilon=abs(sigma_B1-sigma_B2)/sigma_average;dimensionless convergence diagnostic;not Gaussian uncertainty,LITERATURE_SUPPORTED,PDF10_11_VISUAL_PLUS_TWO_TEXT_PARSERS_ALL_TOKENS_MATCH,NATIVE_VELOCITY_ONLY;NO_EXACT_KEVU_ROW_ASSERTED;G1_NOT_AUTHORIZED,NOT_RUN,NOT_RUN,NOT_RUN
P09,10.1016/j.adt.2019.05.002,papers/published/P09/1-s2.0-S0092640X19300191-main.pdf,a1d662ab0f5689eb99fa3046047139bcf679ab5b512616bcc3790f92f90a9fbf,11,11,28,0.8,1s,,,0.8,atomic_unit_of_velocity,relative_projectile_target_velocity;target-rest electronic representation;no_energy_adapter,NOT_EXPLICITLY_ASSIGNED,He2+,H(2s),He+(1s),electron_capture_cross_section,2.107e−02,10^-16 cm^2,AOCC;author average of B1/B2 GTO bases,1.1e+00,epsilon=abs(sigma_B1-sigma_B2)/sigma_average;dimensionless convergence diagnostic;not Gaussian uncertainty,LITERATURE_SUPPORTED,PDF10_11_VISUAL_PLUS_TWO_TEXT_PARSERS_ALL_TOKENS_MATCH,NATIVE_VELOCITY_ONLY;NO_EXACT_KEVU_ROW_ASSERTED;G1_NOT_AUTHORIZED,NOT_RUN,NOT_RUN,NOT_RUN
P09,10.1016/j.adt.2019.05.002,papers/published/P09/1-s2.0-S0092640X19300191-main.pdf,a1d662ab0f5689eb99fa3046047139bcf679ab5b512616bcc3790f92f90a9fbf,11,11,28,0.8,2s,,,0.8,atomic_unit_of_velocity,relative_projectile_target_velocity;target-rest electronic representation;no_energy_adapter,NOT_EXPLICITLY_ASSIGNED,He2+,H(2s),He+(2s),electron_capture_cross_section,8.096e−01,10^-16 cm^2,AOCC;author average of B1/B2 GTO bases,9.3e−02,epsilon=abs(sigma_B1-sigma_B2)/sigma_average;dimensionless convergence diagnostic;not Gaussian uncertainty,LITERATURE_SUPPORTED,PDF10_11_VISUAL_PLUS_TWO_TEXT_PARSERS_ALL_TOKENS_MATCH,NATIVE_VELOCITY_ONLY;NO_EXACT_KEVU_ROW_ASSERTED;G1_NOT_AUTHORIZED,NOT_RUN,NOT_RUN,NOT_RUN
P09,10.1016/j.adt.2019.05.002,papers/published/P09/1-s2.0-S0092640X19300191-main.pdf,a1d662ab0f5689eb99fa3046047139bcf679ab5b512616bcc3790f92f90a9fbf,11,11,28,0.8,3s,,,0.8,atomic_unit_of_velocity,relative_projectile_target_velocity;target-rest electronic representation;no_energy_adapter,NOT_EXPLICITLY_ASSIGNED,He2+,H(2s),He+(3s),electron_capture_cross_section,8.446e−01,10^-16 cm^2,AOCC;author average of B1/B2 GTO bases,1.6e−02,epsilon=abs(sigma_B1-sigma_B2)/sigma_average;dimensionless convergence diagnostic;not Gaussian uncertainty,LITERATURE_SUPPORTED,PDF10_11_VISUAL_PLUS_TWO_TEXT_PARSERS_ALL_TOKENS_MATCH,NATIVE_VELOCITY_ONLY;NO_EXACT_KEVU_ROW_ASSERTED;G1_NOT_AUTHORIZED,NOT_RUN,NOT_RUN,NOT_RUN
P09,10.1016/j.adt.2019.05.002,papers/published/P09/1-s2.0-S0092640X19300191-main.pdf,a1d662ab0f5689eb99fa3046047139bcf679ab5b512616bcc3790f92f90a9fbf,11,11,28,0.8,4s,,,0.8,atomic_unit_of_velocity,relative_projectile_target_velocity;target-rest electronic representation;no_energy_adapter,NOT_EXPLICITLY_ASSIGNED,He2+,H(2s),He+(4s),electron_capture_cross_section,8.260e−01,10^-16 cm^2,AOCC;author average of B1/B2 GTO bases,6.0e−02,epsilon=abs(sigma_B1-sigma_B2)/sigma_average;dimensionless convergence diagnostic;not Gaussian uncertainty,LITERATURE_SUPPORTED,PDF10_11_VISUAL_PLUS_TWO_TEXT_PARSERS_ALL_TOKENS_MATCH,NATIVE_VELOCITY_ONLY;NO_EXACT_KEVU_ROW_ASSERTED;G1_NOT_AUTHORIZED,NOT_RUN,NOT_RUN,NOT_RUN
P09,10.1016/j.adt.2019.05.002,papers/published/P09/1-s2.0-S0092640X19300191-main.pdf,a1d662ab0f5689eb99fa3046047139bcf679ab5b512616bcc3790f92f90a9fbf,11,11,28,0.8,5s,,,0.8,atomic_unit_of_velocity,relative_projectile_target_velocity;target-rest electronic representation;no_energy_adapter,NOT_EXPLICITLY_ASSIGNED,He2+,H(2s),He+(5s),electron_capture_cross_section,5.920e−01,10^-16 cm^2,AOCC;author average of B1/B2 GTO bases,3.2e−01,epsilon=abs(sigma_B1-sigma_B2)/sigma_average;dimensionless convergence diagnostic;not Gaussian uncertainty,LITERATURE_SUPPORTED,PDF10_11_VISUAL_PLUS_TWO_TEXT_PARSERS_ALL_TOKENS_MATCH,NATIVE_VELOCITY_ONLY;NO_EXACT_KEVU_ROW_ASSERTED;G1_NOT_AUTHORIZED,NOT_RUN,NOT_RUN,NOT_RUN
P09,10.1016/j.adt.2019.05.002,papers/published/P09/1-s2.0-S0092640X19300191-main.pdf,a1d662ab0f5689eb99fa3046047139bcf679ab5b512616bcc3790f92f90a9fbf,11,11,28,1,1s,,,1,atomic_unit_of_velocity,relative_projectile_target_velocity;target-rest electronic representation;no_energy_adapter,NOT_EXPLICITLY_ASSIGNED,He2+,H(2s),He+(1s),electron_capture_cross_section,2.139e−02,10^-16 cm^2,AOCC;author average of B1/B2 GTO bases,6.2e−01,epsilon=abs(sigma_B1-sigma_B2)/sigma_average;dimensionless convergence diagnostic;not Gaussian uncertainty,LITERATURE_SUPPORTED,PDF10_11_VISUAL_PLUS_TWO_TEXT_PARSERS_ALL_TOKENS_MATCH,NATIVE_VELOCITY_ONLY;NO_EXACT_KEVU_ROW_ASSERTED;G1_NOT_AUTHORIZED,NOT_RUN,NOT_RUN,NOT_RUN
P09,10.1016/j.adt.2019.05.002,papers/published/P09/1-s2.0-S0092640X19300191-main.pdf,a1d662ab0f5689eb99fa3046047139bcf679ab5b512616bcc3790f92f90a9fbf,11,11,28,1,2s,,,1,atomic_unit_of_velocity,relative_projectile_target_velocity;target-rest electronic representation;no_energy_adapter,NOT_EXPLICITLY_ASSIGNED,He2+,H(2s),He+(2s),electron_capture_cross_section,2.963e−01,10^-16 cm^2,AOCC;author average of B1/B2 GTO bases,2.4e−02,epsilon=abs(sigma_B1-sigma_B2)/sigma_average;dimensionless convergence diagnostic;not Gaussian uncertainty,LITERATURE_SUPPORTED,PDF10_11_VISUAL_PLUS_TWO_TEXT_PARSERS_ALL_TOKENS_MATCH,NATIVE_VELOCITY_ONLY;NO_EXACT_KEVU_ROW_ASSERTED;G1_NOT_AUTHORIZED,NOT_RUN,NOT_RUN,NOT_RUN
P09,10.1016/j.adt.2019.05.002,papers/published/P09/1-s2.0-S0092640X19300191-main.pdf,a1d662ab0f5689eb99fa3046047139bcf679ab5b512616bcc3790f92f90a9fbf,11,11,28,1,3s,,,1,atomic_unit_of_velocity,relative_projectile_target_velocity;target-rest electronic representation;no_energy_adapter,NOT_EXPLICITLY_ASSIGNED,He2+,H(2s),He+(3s),electron_capture_cross_section,2.431e−01,10^-16 cm^2,AOCC;author average of B1/B2 GTO bases,2.9e−02,epsilon=abs(sigma_B1-sigma_B2)/sigma_average;dimensionless convergence diagnostic;not Gaussian uncertainty,LITERATURE_SUPPORTED,PDF10_11_VISUAL_PLUS_TWO_TEXT_PARSERS_ALL_TOKENS_MATCH,NATIVE_VELOCITY_ONLY;NO_EXACT_KEVU_ROW_ASSERTED;G1_NOT_AUTHORIZED,NOT_RUN,NOT_RUN,NOT_RUN
P09,10.1016/j.adt.2019.05.002,papers/published/P09/1-s2.0-S0092640X19300191-main.pdf,a1d662ab0f5689eb99fa3046047139bcf679ab5b512616bcc3790f92f90a9fbf,11,11,28,1,4s,,,1,atomic_unit_of_velocity,relative_projectile_target_velocity;target-rest electronic representation;no_energy_adapter,NOT_EXPLICITLY_ASSIGNED,He2+,H(2s),He+(4s),electron_capture_cross_section,2.331e−01,10^-16 cm^2,AOCC;author average of B1/B2 GTO bases,1.3e−01,epsilon=abs(sigma_B1-sigma_B2)/sigma_average;dimensionless convergence diagnostic;not Gaussian uncertainty,LITERATURE_SUPPORTED,PDF10_11_VISUAL_PLUS_TWO_TEXT_PARSERS_ALL_TOKENS_MATCH,NATIVE_VELOCITY_ONLY;NO_EXACT_KEVU_ROW_ASSERTED;G1_NOT_AUTHORIZED,NOT_RUN,NOT_RUN,NOT_RUN
P09,10.1016/j.adt.2019.05.002,papers/published/P09/1-s2.0-S0092640X19300191-main.pdf,a1d662ab0f5689eb99fa3046047139bcf679ab5b512616bcc3790f92f90a9fbf,11,11,28,1,5s,,,1,atomic_unit_of_velocity,relative_projectile_target_velocity;target-rest electronic representation;no_energy_adapter,NOT_EXPLICITLY_ASSIGNED,He2+,H(2s),He+(5s),electron_capture_cross_section,1.685e−01,10^-16 cm^2,AOCC;author average of B1/B2 GTO bases,6.3e−01,epsilon=abs(sigma_B1-sigma_B2)/sigma_average;dimensionless convergence diagnostic;not Gaussian uncertainty,LITERATURE_SUPPORTED,PDF10_11_VISUAL_PLUS_TWO_TEXT_PARSERS_ALL_TOKENS_MATCH,NATIVE_VELOCITY_ONLY;NO_EXACT_KEVU_ROW_ASSERTED;G1_NOT_AUTHORIZED,NOT_RUN,NOT_RUN,NOT_RUN
P09,10.1016/j.adt.2019.05.002,papers/published/P09/1-s2.0-S0092640X19300191-main.pdf,a1d662ab0f5689eb99fa3046047139bcf679ab5b512616bcc3790f92f90a9fbf,11,11,28,1.2,1s,,,1.2,atomic_unit_of_velocity,relative_projectile_target_velocity;target-rest electronic representation;no_energy_adapter,NOT_EXPLICITLY_ASSIGNED,He2+,H(2s),He+(1s),electron_capture_cross_section,1.448e−02,10^-16 cm^2,AOCC;author average of B1/B2 GTO bases,7.8e−01,epsilon=abs(sigma_B1-sigma_B2)/sigma_average;dimensionless convergence diagnostic;not Gaussian uncertainty,LITERATURE_SUPPORTED,PDF10_11_VISUAL_PLUS_TWO_TEXT_PARSERS_ALL_TOKENS_MATCH,NATIVE_VELOCITY_ONLY;NO_EXACT_KEVU_ROW_ASSERTED;G1_NOT_AUTHORIZED,NOT_RUN,NOT_RUN,NOT_RUN
P09,10.1016/j.adt.2019.05.002,papers/published/P09/1-s2.0-S0092640X19300191-main.pdf,a1d662ab0f5689eb99fa3046047139bcf679ab5b512616bcc3790f92f90a9fbf,11,11,28,1.2,2s,,,1.2,atomic_unit_of_velocity,relative_projectile_target_velocity;target-rest electronic representation;no_energy_adapter,NOT_EXPLICITLY_ASSIGNED,He2+,H(2s),He+(2s),electron_capture_cross_section,6.438e−02,10^-16 cm^2,AOCC;author average of B1/B2 GTO bases,5.5e−02,epsilon=abs(sigma_B1-sigma_B2)/sigma_average;dimensionless convergence diagnostic;not Gaussian uncertainty,LITERATURE_SUPPORTED,PDF10_11_VISUAL_PLUS_TWO_TEXT_PARSERS_ALL_TOKENS_MATCH,NATIVE_VELOCITY_ONLY;NO_EXACT_KEVU_ROW_ASSERTED;G1_NOT_AUTHORIZED,NOT_RUN,NOT_RUN,NOT_RUN
P09,10.1016/j.adt.2019.05.002,papers/published/P09/1-s2.0-S0092640X19300191-main.pdf,a1d662ab0f5689eb99fa3046047139bcf679ab5b512616bcc3790f92f90a9fbf,11,11,28,1.2,3s,,,1.2,atomic_unit_of_velocity,relative_projectile_target_velocity;target-rest electronic representation;no_energy_adapter,NOT_EXPLICITLY_ASSIGNED,He2+,H(2s),He+(3s),electron_capture_cross_section,5.100e−02,10^-16 cm^2,AOCC;author average of B1/B2 GTO bases,7.8e−02,epsilon=abs(sigma_B1-sigma_B2)/sigma_average;dimensionless convergence diagnostic;not Gaussian uncertainty,LITERATURE_SUPPORTED,PDF10_11_VISUAL_PLUS_TWO_TEXT_PARSERS_ALL_TOKENS_MATCH,NATIVE_VELOCITY_ONLY;NO_EXACT_KEVU_ROW_ASSERTED;G1_NOT_AUTHORIZED,NOT_RUN,NOT_RUN,NOT_RUN
P09,10.1016/j.adt.2019.05.002,papers/published/P09/1-s2.0-S0092640X19300191-main.pdf,a1d662ab0f5689eb99fa3046047139bcf679ab5b512616bcc3790f92f90a9fbf,11,11,28,1.2,4s,,,1.2,atomic_unit_of_velocity,relative_projectile_target_velocity;target-rest electronic representation;no_energy_adapter,NOT_EXPLICITLY_ASSIGNED,He2+,H(2s),He+(4s),electron_capture_cross_section,5.550e−02,10^-16 cm^2,AOCC;author average of B1/B2 GTO bases,9.4e−02,epsilon=abs(sigma_B1-sigma_B2)/sigma_average;dimensionless convergence diagnostic;not Gaussian uncertainty,LITERATURE_SUPPORTED,PDF10_11_VISUAL_PLUS_TWO_TEXT_PARSERS_ALL_TOKENS_MATCH,NATIVE_VELOCITY_ONLY;NO_EXACT_KEVU_ROW_ASSERTED;G1_NOT_AUTHORIZED,NOT_RUN,NOT_RUN,NOT_RUN
P09,10.1016/j.adt.2019.05.002,papers/published/P09/1-s2.0-S0092640X19300191-main.pdf,a1d662ab0f5689eb99fa3046047139bcf679ab5b512616bcc3790f92f90a9fbf,11,11,28,1.2,5s,,,1.2,atomic_unit_of_velocity,relative_projectile_target_velocity;target-rest electronic representation;no_energy_adapter,NOT_EXPLICITLY_ASSIGNED,He2+,H(2s),He+(5s),electron_capture_cross_section,4.750e−02,10^-16 cm^2,AOCC;author average of B1/B2 GTO bases,6.7e−01,epsilon=abs(sigma_B1-sigma_B2)/sigma_average;dimensionless convergence diagnostic;not Gaussian uncertainty,LITERATURE_SUPPORTED,PDF10_11_VISUAL_PLUS_TWO_TEXT_PARSERS_ALL_TOKENS_MATCH,NATIVE_VELOCITY_ONLY;NO_EXACT_KEVU_ROW_ASSERTED;G1_NOT_AUTHORIZED,NOT_RUN,NOT_RUN,NOT_RUN
P09,10.1016/j.adt.2019.05.002,papers/published/P09/1-s2.0-S0092640X19300191-main.pdf,a1d662ab0f5689eb99fa3046047139bcf679ab5b512616bcc3790f92f90a9fbf,11,11,28,1.4,1s,,,1.4,atomic_unit_of_velocity,relative_projectile_target_velocity;target-rest electronic representation;no_energy_adapter,NOT_EXPLICITLY_ASSIGNED,He2+,H(2s),He+(1s),electron_capture_cross_section,1.426e−02,10^-16 cm^2,AOCC;author average of B1/B2 GTO bases,6.4e−02,epsilon=abs(sigma_B1-sigma_B2)/sigma_average;dimensionless convergence diagnostic;not Gaussian uncertainty,LITERATURE_SUPPORTED,PDF10_11_VISUAL_PLUS_TWO_TEXT_PARSERS_ALL_TOKENS_MATCH,NATIVE_VELOCITY_ONLY;NO_EXACT_KEVU_ROW_ASSERTED;G1_NOT_AUTHORIZED,NOT_RUN,NOT_RUN,NOT_RUN
P09,10.1016/j.adt.2019.05.002,papers/published/P09/1-s2.0-S0092640X19300191-main.pdf,a1d662ab0f5689eb99fa3046047139bcf679ab5b512616bcc3790f92f90a9fbf,11,11,28,1.4,2s,,,1.4,atomic_unit_of_velocity,relative_projectile_target_velocity;target-rest electronic representation;no_energy_adapter,NOT_EXPLICITLY_ASSIGNED,He2+,H(2s),He+(2s),electron_capture_cross_section,2.130e−02,10^-16 cm^2,AOCC;author average of B1/B2 GTO bases,7.4e−02,epsilon=abs(sigma_B1-sigma_B2)/sigma_average;dimensionless convergence diagnostic;not Gaussian uncertainty,LITERATURE_SUPPORTED,PDF10_11_VISUAL_PLUS_TWO_TEXT_PARSERS_ALL_TOKENS_MATCH,NATIVE_VELOCITY_ONLY;NO_EXACT_KEVU_ROW_ASSERTED;G1_NOT_AUTHORIZED,NOT_RUN,NOT_RUN,NOT_RUN
P09,10.1016/j.adt.2019.05.002,papers/published/P09/1-s2.0-S0092640X19300191-main.pdf,a1d662ab0f5689eb99fa3046047139bcf679ab5b512616bcc3790f92f90a9fbf,11,11,28,1.4,3s,,,1.4,atomic_unit_of_velocity,relative_projectile_target_velocity;target-rest electronic representation;no_energy_adapter,NOT_EXPLICITLY_ASSIGNED,He2+,H(2s),He+(3s),electron_capture_cross_section,2.369e−02,10^-16 cm^2,AOCC;author average of B1/B2 GTO bases,3.6e−02,epsilon=abs(sigma_B1-sigma_B2)/sigma_average;dimensionless convergence diagnostic;not Gaussian uncertainty,LITERATURE_SUPPORTED,PDF10_11_VISUAL_PLUS_TWO_TEXT_PARSERS_ALL_TOKENS_MATCH,NATIVE_VELOCITY_ONLY;NO_EXACT_KEVU_ROW_ASSERTED;G1_NOT_AUTHORIZED,NOT_RUN,NOT_RUN,NOT_RUN
P09,10.1016/j.adt.2019.05.002,papers/published/P09/1-s2.0-S0092640X19300191-main.pdf,a1d662ab0f5689eb99fa3046047139bcf679ab5b512616bcc3790f92f90a9fbf,11,11,28,1.4,4s,,,1.4,atomic_unit_of_velocity,relative_projectile_target_velocity;target-rest electronic representation;no_energy_adapter,NOT_EXPLICITLY_ASSIGNED,He2+,H(2s),He+(4s),electron_capture_cross_section,2.174e−02,10^-16 cm^2,AOCC;author average of B1/B2 GTO bases,1.9e−02,epsilon=abs(sigma_B1-sigma_B2)/sigma_average;dimensionless convergence diagnostic;not Gaussian uncertainty,LITERATURE_SUPPORTED,PDF10_11_VISUAL_PLUS_TWO_TEXT_PARSERS_ALL_TOKENS_MATCH,NATIVE_VELOCITY_ONLY;NO_EXACT_KEVU_ROW_ASSERTED;G1_NOT_AUTHORIZED,NOT_RUN,NOT_RUN,NOT_RUN
P09,10.1016/j.adt.2019.05.002,papers/published/P09/1-s2.0-S0092640X19300191-main.pdf,a1d662ab0f5689eb99fa3046047139bcf679ab5b512616bcc3790f92f90a9fbf,11,11,28,1.4,5s,,,1.4,atomic_unit_of_velocity,relative_projectile_target_velocity;target-rest electronic representation;no_energy_adapter,NOT_EXPLICITLY_ASSIGNED,He2+,H(2s),He+(5s),electron_capture_cross_section,1.538e−02,10^-16 cm^2,AOCC;author average of B1/B2 GTO bases,3.3e−01,epsilon=abs(sigma_B1-sigma_B2)/sigma_average;dimensionless convergence diagnostic;not Gaussian uncertainty,LITERATURE_SUPPORTED,PDF10_11_VISUAL_PLUS_TWO_TEXT_PARSERS_ALL_TOKENS_MATCH,NATIVE_VELOCITY_ONLY;NO_EXACT_KEVU_ROW_ASSERTED;G1_NOT_AUTHORIZED,NOT_RUN,NOT_RUN,NOT_RUN
P09,10.1016/j.adt.2019.05.002,papers/published/P09/1-s2.0-S0092640X19300191-main.pdf,a1d662ab0f5689eb99fa3046047139bcf679ab5b512616bcc3790f92f90a9fbf,11,11,28,1.6,1s,,,1.6,atomic_unit_of_velocity,relative_projectile_target_velocity;target-rest electronic representation;no_energy_adapter,NOT_EXPLICITLY_ASSIGNED,He2+,H(2s),He+(1s),electron_capture_cross_section,1.339e−02,10^-16 cm^2,AOCC;author average of B1/B2 GTO bases,1.3e−01,epsilon=abs(sigma_B1-sigma_B2)/sigma_average;dimensionless convergence diagnostic;not Gaussian uncertainty,LITERATURE_SUPPORTED,PDF10_11_VISUAL_PLUS_TWO_TEXT_PARSERS_ALL_TOKENS_MATCH,NATIVE_VELOCITY_ONLY;NO_EXACT_KEVU_ROW_ASSERTED;G1_NOT_AUTHORIZED,NOT_RUN,NOT_RUN,NOT_RUN
P09,10.1016/j.adt.2019.05.002,papers/published/P09/1-s2.0-S0092640X19300191-main.pdf,a1d662ab0f5689eb99fa3046047139bcf679ab5b512616bcc3790f92f90a9fbf,11,11,28,1.6,2s,,,1.6,atomic_unit_of_velocity,relative_projectile_target_velocity;target-rest electronic representation;no_energy_adapter,NOT_EXPLICITLY_ASSIGNED,He2+,H(2s),He+(2s),electron_capture_cross_section,2.169e−02,10^-16 cm^2,AOCC;author average of B1/B2 GTO bases,4.1e−03,epsilon=abs(sigma_B1-sigma_B2)/sigma_average;dimensionless convergence diagnostic;not Gaussian uncertainty,LITERATURE_SUPPORTED,PDF10_11_VISUAL_PLUS_TWO_TEXT_PARSERS_ALL_TOKENS_MATCH,NATIVE_VELOCITY_ONLY;NO_EXACT_KEVU_ROW_ASSERTED;G1_NOT_AUTHORIZED,NOT_RUN,NOT_RUN,NOT_RUN
P09,10.1016/j.adt.2019.05.002,papers/published/P09/1-s2.0-S0092640X19300191-main.pdf,a1d662ab0f5689eb99fa3046047139bcf679ab5b512616bcc3790f92f90a9fbf,11,11,28,1.6,3s,,,1.6,atomic_unit_of_velocity,relative_projectile_target_velocity;target-rest electronic representation;no_energy_adapter,NOT_EXPLICITLY_ASSIGNED,He2+,H(2s),He+(3s),electron_capture_cross_section,1.929e−02,10^-16 cm^2,AOCC;author average of B1/B2 GTO bases,1.2e−01,epsilon=abs(sigma_B1-sigma_B2)/sigma_average;dimensionless convergence diagnostic;not Gaussian uncertainty,LITERATURE_SUPPORTED,PDF10_11_VISUAL_PLUS_TWO_TEXT_PARSERS_ALL_TOKENS_MATCH,NATIVE_VELOCITY_ONLY;NO_EXACT_KEVU_ROW_ASSERTED;G1_NOT_AUTHORIZED,NOT_RUN,NOT_RUN,NOT_RUN
P09,10.1016/j.adt.2019.05.002,papers/published/P09/1-s2.0-S0092640X19300191-main.pdf,a1d662ab0f5689eb99fa3046047139bcf679ab5b512616bcc3790f92f90a9fbf,11,11,28,1.6,4s,,,1.6,atomic_unit_of_velocity,relative_projectile_target_velocity;target-rest electronic representation;no_energy_adapter,NOT_EXPLICITLY_ASSIGNED,He2+,H(2s),He+(4s),electron_capture_cross_section,1.414e−02,10^-16 cm^2,AOCC;author average of B1/B2 GTO bases,8.0e−02,epsilon=abs(sigma_B1-sigma_B2)/sigma_average;dimensionless convergence diagnostic;not Gaussian uncertainty,LITERATURE_SUPPORTED,PDF10_11_VISUAL_PLUS_TWO_TEXT_PARSERS_ALL_TOKENS_MATCH,NATIVE_VELOCITY_ONLY;NO_EXACT_KEVU_ROW_ASSERTED;G1_NOT_AUTHORIZED,NOT_RUN,NOT_RUN,NOT_RUN
P09,10.1016/j.adt.2019.05.002,papers/published/P09/1-s2.0-S0092640X19300191-main.pdf,a1d662ab0f5689eb99fa3046047139bcf679ab5b512616bcc3790f92f90a9fbf,11,11,28,1.6,5s,,,1.6,atomic_unit_of_velocity,relative_projectile_target_velocity;target-rest electronic representation;no_energy_adapter,NOT_EXPLICITLY_ASSIGNED,He2+,H(2s),He+(5s),electron_capture_cross_section,9.288e−03,10^-16 cm^2,AOCC;author average of B1/B2 GTO bases,3.4e−01,epsilon=abs(sigma_B1-sigma_B2)/sigma_average;dimensionless convergence diagnostic;not Gaussian uncertainty,LITERATURE_SUPPORTED,PDF10_11_VISUAL_PLUS_TWO_TEXT_PARSERS_ALL_TOKENS_MATCH,NATIVE_VELOCITY_ONLY;NO_EXACT_KEVU_ROW_ASSERTED;G1_NOT_AUTHORIZED,NOT_RUN,NOT_RUN,NOT_RUN
P09,10.1016/j.adt.2019.05.002,papers/published/P09/1-s2.0-S0092640X19300191-main.pdf,a1d662ab0f5689eb99fa3046047139bcf679ab5b512616bcc3790f92f90a9fbf,11,11,28,1.8,1s,,,1.8,atomic_unit_of_velocity,relative_projectile_target_velocity;target-rest electronic representation;no_energy_adapter,NOT_EXPLICITLY_ASSIGNED,He2+,H(2s),He+(1s),electron_capture_cross_section,1.238e−02,10^-16 cm^2,AOCC;author average of B1/B2 GTO bases,5.3e−03,epsilon=abs(sigma_B1-sigma_B2)/sigma_average;dimensionless convergence diagnostic;not Gaussian uncertainty,LITERATURE_SUPPORTED,PDF10_11_VISUAL_PLUS_TWO_TEXT_PARSERS_ALL_TOKENS_MATCH,NATIVE_VELOCITY_ONLY;NO_EXACT_KEVU_ROW_ASSERTED;G1_NOT_AUTHORIZED,NOT_RUN,NOT_RUN,NOT_RUN
P09,10.1016/j.adt.2019.05.002,papers/published/P09/1-s2.0-S0092640X19300191-main.pdf,a1d662ab0f5689eb99fa3046047139bcf679ab5b512616bcc3790f92f90a9fbf,11,11,28,1.8,2s,,,1.8,atomic_unit_of_velocity,relative_projectile_target_velocity;target-rest electronic representation;no_energy_adapter,NOT_EXPLICITLY_ASSIGNED,He2+,H(2s),He+(2s),electron_capture_cross_section,1.791e−02,10^-16 cm^2,AOCC;author average of B1/B2 GTO bases,8.2e−02,epsilon=abs(sigma_B1-sigma_B2)/sigma_average;dimensionless convergence diagnostic;not Gaussian uncertainty,LITERATURE_SUPPORTED,PDF10_11_VISUAL_PLUS_TWO_TEXT_PARSERS_ALL_TOKENS_MATCH,NATIVE_VELOCITY_ONLY;NO_EXACT_KEVU_ROW_ASSERTED;G1_NOT_AUTHORIZED,NOT_RUN,NOT_RUN,NOT_RUN
P09,10.1016/j.adt.2019.05.002,papers/published/P09/1-s2.0-S0092640X19300191-main.pdf,a1d662ab0f5689eb99fa3046047139bcf679ab5b512616bcc3790f92f90a9fbf,11,11,28,1.8,3s,,,1.8,atomic_unit_of_velocity,relative_projectile_target_velocity;target-rest electronic representation;no_energy_adapter,NOT_EXPLICITLY_ASSIGNED,He2+,H(2s),He+(3s),electron_capture_cross_section,1.353e−02,10^-16 cm^2,AOCC;author average of B1/B2 GTO bases,5.7e−02,epsilon=abs(sigma_B1-sigma_B2)/sigma_average;dimensionless convergence diagnostic;not Gaussian uncertainty,LITERATURE_SUPPORTED,PDF10_11_VISUAL_PLUS_TWO_TEXT_PARSERS_ALL_TOKENS_MATCH,NATIVE_VELOCITY_ONLY;NO_EXACT_KEVU_ROW_ASSERTED;G1_NOT_AUTHORIZED,NOT_RUN,NOT_RUN,NOT_RUN
P09,10.1016/j.adt.2019.05.002,papers/published/P09/1-s2.0-S0092640X19300191-main.pdf,a1d662ab0f5689eb99fa3046047139bcf679ab5b512616bcc3790f92f90a9fbf,11,11,28,1.8,4s,,,1.8,atomic_unit_of_velocity,relative_projectile_target_velocity;target-rest electronic representation;no_energy_adapter,NOT_EXPLICITLY_ASSIGNED,He2+,H(2s),He+(4s),electron_capture_cross_section,8.277e−03,10^-16 cm^2,AOCC;author average of B1/B2 GTO bases,6.9e−02,epsilon=abs(sigma_B1-sigma_B2)/sigma_average;dimensionless convergence diagnostic;not Gaussian uncertainty,LITERATURE_SUPPORTED,PDF10_11_VISUAL_PLUS_TWO_TEXT_PARSERS_ALL_TOKENS_MATCH,NATIVE_VELOCITY_ONLY;NO_EXACT_KEVU_ROW_ASSERTED;G1_NOT_AUTHORIZED,NOT_RUN,NOT_RUN,NOT_RUN
P09,10.1016/j.adt.2019.05.002,papers/published/P09/1-s2.0-S0092640X19300191-main.pdf,a1d662ab0f5689eb99fa3046047139bcf679ab5b512616bcc3790f92f90a9fbf,11,11,28,1.8,5s,,,1.8,atomic_unit_of_velocity,relative_projectile_target_velocity;target-rest electronic representation;no_energy_adapter,NOT_EXPLICITLY_ASSIGNED,He2+,H(2s),He+(5s),electron_capture_cross_section,4.949e−03,10^-16 cm^2,AOCC;author average of B1/B2 GTO bases,9.6e−02,epsilon=abs(sigma_B1-sigma_B2)/sigma_average;dimensionless convergence diagnostic;not Gaussian uncertainty,LITERATURE_SUPPORTED,PDF10_11_VISUAL_PLUS_TWO_TEXT_PARSERS_ALL_TOKENS_MATCH,NATIVE_VELOCITY_ONLY;NO_EXACT_KEVU_ROW_ASSERTED;G1_NOT_AUTHORIZED,NOT_RUN,NOT_RUN,NOT_RUN
P09,10.1016/j.adt.2019.05.002,papers/published/P09/1-s2.0-S0092640X19300191-main.pdf,a1d662ab0f5689eb99fa3046047139bcf679ab5b512616bcc3790f92f90a9fbf,11,11,28,2,1s,,,2,atomic_unit_of_velocity,relative_projectile_target_velocity;target-rest electronic representation;no_energy_adapter,NOT_EXPLICITLY_ASSIGNED,He2+,H(2s),He+(1s),electron_capture_cross_section,7.858e−03,10^-16 cm^2,AOCC;author average of B1/B2 GTO bases,3.0e−01,epsilon=abs(sigma_B1-sigma_B2)/sigma_average;dimensionless convergence diagnostic;not Gaussian uncertainty,LITERATURE_SUPPORTED,PDF10_11_VISUAL_PLUS_TWO_TEXT_PARSERS_ALL_TOKENS_MATCH,NATIVE_VELOCITY_ONLY;NO_EXACT_KEVU_ROW_ASSERTED;G1_NOT_AUTHORIZED,NOT_RUN,NOT_RUN,NOT_RUN
P09,10.1016/j.adt.2019.05.002,papers/published/P09/1-s2.0-S0092640X19300191-main.pdf,a1d662ab0f5689eb99fa3046047139bcf679ab5b512616bcc3790f92f90a9fbf,11,11,28,2,2s,,,2,atomic_unit_of_velocity,relative_projectile_target_velocity;target-rest electronic representation;no_energy_adapter,NOT_EXPLICITLY_ASSIGNED,He2+,H(2s),He+(2s),electron_capture_cross_section,1.081e−02,10^-16 cm^2,AOCC;author average of B1/B2 GTO bases,2.6e−02,epsilon=abs(sigma_B1-sigma_B2)/sigma_average;dimensionless convergence diagnostic;not Gaussian uncertainty,LITERATURE_SUPPORTED,PDF10_11_VISUAL_PLUS_TWO_TEXT_PARSERS_ALL_TOKENS_MATCH,NATIVE_VELOCITY_ONLY;NO_EXACT_KEVU_ROW_ASSERTED;G1_NOT_AUTHORIZED,NOT_RUN,NOT_RUN,NOT_RUN
P09,10.1016/j.adt.2019.05.002,papers/published/P09/1-s2.0-S0092640X19300191-main.pdf,a1d662ab0f5689eb99fa3046047139bcf679ab5b512616bcc3790f92f90a9fbf,11,11,28,2,3s,,,2,atomic_unit_of_velocity,relative_projectile_target_velocity;target-rest electronic representation;no_energy_adapter,NOT_EXPLICITLY_ASSIGNED,He2+,H(2s),He+(3s),electron_capture_cross_section,7.300e−03,10^-16 cm^2,AOCC;author average of B1/B2 GTO bases,3.0e−02,epsilon=abs(sigma_B1-sigma_B2)/sigma_average;dimensionless convergence diagnostic;not Gaussian uncertainty,LITERATURE_SUPPORTED,PDF10_11_VISUAL_PLUS_TWO_TEXT_PARSERS_ALL_TOKENS_MATCH,NATIVE_VELOCITY_ONLY;NO_EXACT_KEVU_ROW_ASSERTED;G1_NOT_AUTHORIZED,NOT_RUN,NOT_RUN,NOT_RUN
P09,10.1016/j.adt.2019.05.002,papers/published/P09/1-s2.0-S0092640X19300191-main.pdf,a1d662ab0f5689eb99fa3046047139bcf679ab5b512616bcc3790f92f90a9fbf,11,11,28,2,4s,,,2,atomic_unit_of_velocity,relative_projectile_target_velocity;target-rest electronic representation;no_energy_adapter,NOT_EXPLICITLY_ASSIGNED,He2+,H(2s),He+(4s),electron_capture_cross_section,3.986e−03,10^-16 cm^2,AOCC;author average of B1/B2 GTO bases,7.6e−02,epsilon=abs(sigma_B1-sigma_B2)/sigma_average;dimensionless convergence diagnostic;not Gaussian uncertainty,LITERATURE_SUPPORTED,PDF10_11_VISUAL_PLUS_TWO_TEXT_PARSERS_ALL_TOKENS_MATCH,NATIVE_VELOCITY_ONLY;NO_EXACT_KEVU_ROW_ASSERTED;G1_NOT_AUTHORIZED,NOT_RUN,NOT_RUN,NOT_RUN
P09,10.1016/j.adt.2019.05.002,papers/published/P09/1-s2.0-S0092640X19300191-main.pdf,a1d662ab0f5689eb99fa3046047139bcf679ab5b512616bcc3790f92f90a9fbf,11,11,28,2,5s,,,2,atomic_unit_of_velocity,relative_projectile_target_velocity;target-rest electronic representation;no_energy_adapter,NOT_EXPLICITLY_ASSIGNED,He2+,H(2s),He+(5s),electron_capture_cross_section,2.445e−03,10^-16 cm^2,AOCC;author average of B1/B2 GTO bases,2.3e−01,epsilon=abs(sigma_B1-sigma_B2)/sigma_average;dimensionless convergence diagnostic;not Gaussian uncertainty,LITERATURE_SUPPORTED,PDF10_11_VISUAL_PLUS_TWO_TEXT_PARSERS_ALL_TOKENS_MATCH,NATIVE_VELOCITY_ONLY;NO_EXACT_KEVU_ROW_ASSERTED;G1_NOT_AUTHORIZED,NOT_RUN,NOT_RUN,NOT_RUN
P09,10.1016/j.adt.2019.05.002,papers/published/P09/1-s2.0-S0092640X19300191-main.pdf,a1d662ab0f5689eb99fa3046047139bcf679ab5b512616bcc3790f92f90a9fbf,11,11,29,0.2,2p,,,0.2,atomic_unit_of_velocity,relative_projectile_target_velocity;target-rest electronic representation;no_energy_adapter,NOT_EXPLICITLY_ASSIGNED,He2+,H(2s),He+(2p),electron_capture_cross_section,1.617e−01,10^-16 cm^2,AOCC;author average of B1/B2 GTO bases,1.5e−01,epsilon=abs(sigma_B1-sigma_B2)/sigma_average;dimensionless convergence diagnostic;not Gaussian uncertainty,LITERATURE_SUPPORTED,PDF10_11_VISUAL_PLUS_TWO_TEXT_PARSERS_ALL_TOKENS_MATCH,NATIVE_VELOCITY_ONLY;NO_EXACT_KEVU_ROW_ASSERTED;G1_NOT_AUTHORIZED,NOT_RUN,NOT_RUN,NOT_RUN
P09,10.1016/j.adt.2019.05.002,papers/published/P09/1-s2.0-S0092640X19300191-main.pdf,a1d662ab0f5689eb99fa3046047139bcf679ab5b512616bcc3790f92f90a9fbf,11,11,29,0.2,3p,,,0.2,atomic_unit_of_velocity,relative_projectile_target_velocity;target-rest electronic representation;no_energy_adapter,NOT_EXPLICITLY_ASSIGNED,He2+,H(2s),He+(3p),electron_capture_cross_section,1.805e+01,10^-16 cm^2,AOCC;author average of B1/B2 GTO bases,1.2e−01,epsilon=abs(sigma_B1-sigma_B2)/sigma_average;dimensionless convergence diagnostic;not Gaussian uncertainty,LITERATURE_SUPPORTED,PDF10_11_VISUAL_PLUS_TWO_TEXT_PARSERS_ALL_TOKENS_MATCH,NATIVE_VELOCITY_ONLY;NO_EXACT_KEVU_ROW_ASSERTED;G1_NOT_AUTHORIZED,NOT_RUN,NOT_RUN,NOT_RUN
P09,10.1016/j.adt.2019.05.002,papers/published/P09/1-s2.0-S0092640X19300191-main.pdf,a1d662ab0f5689eb99fa3046047139bcf679ab5b512616bcc3790f92f90a9fbf,11,11,29,0.2,4p,,,0.2,atomic_unit_of_velocity,relative_projectile_target_velocity;target-rest electronic representation;no_energy_adapter,NOT_EXPLICITLY_ASSIGNED,He2+,H(2s),He+(4p),electron_capture_cross_section,1.101e+01,10^-16 cm^2,AOCC;author average of B1/B2 GTO bases,1.6e−01,epsilon=abs(sigma_B1-sigma_B2)/sigma_average;dimensionless convergence diagnostic;not Gaussian uncertainty,LITERATURE_SUPPORTED,PDF10_11_VISUAL_PLUS_TWO_TEXT_PARSERS_ALL_TOKENS_MATCH,NATIVE_VELOCITY_ONLY;NO_EXACT_KEVU_ROW_ASSERTED;G1_NOT_AUTHORIZED,NOT_RUN,NOT_RUN,NOT_RUN
P09,10.1016/j.adt.2019.05.002,papers/published/P09/1-s2.0-S0092640X19300191-main.pdf,a1d662ab0f5689eb99fa3046047139bcf679ab5b512616bcc3790f92f90a9fbf,11,11,29,0.2,5p,,,0.2,atomic_unit_of_velocity,relative_projectile_target_velocity;target-rest electronic representation;no_energy_adapter,NOT_EXPLICITLY_ASSIGNED,He2+,H(2s),He+(5p),electron_capture_cross_section,2.784e+00,10^-16 cm^2,AOCC;author average of B1/B2 GTO bases,2.7e−01,epsilon=abs(sigma_B1-sigma_B2)/sigma_average;dimensionless convergence diagnostic;not Gaussian uncertainty,LITERATURE_SUPPORTED,PDF10_11_VISUAL_PLUS_TWO_TEXT_PARSERS_ALL_TOKENS_MATCH,NATIVE_VELOCITY_ONLY;NO_EXACT_KEVU_ROW_ASSERTED;G1_NOT_AUTHORIZED,NOT_RUN,NOT_RUN,NOT_RUN
P09,10.1016/j.adt.2019.05.002,papers/published/P09/1-s2.0-S0092640X19300191-main.pdf,a1d662ab0f5689eb99fa3046047139bcf679ab5b512616bcc3790f92f90a9fbf,11,11,29,0.2,3d,,,0.2,atomic_unit_of_velocity,relative_projectile_target_velocity;target-rest electronic representation;no_energy_adapter,NOT_EXPLICITLY_ASSIGNED,He2+,H(2s),He+(3d),electron_capture_cross_section,2.530e+01,10^-16 cm^2,AOCC;author average of B1/B2 GTO bases,8.7e−02,epsilon=abs(sigma_B1-sigma_B2)/sigma_average;dimensionless convergence diagnostic;not Gaussian uncertainty,LITERATURE_SUPPORTED,PDF10_11_VISUAL_PLUS_TWO_TEXT_PARSERS_ALL_TOKENS_MATCH,NATIVE_VELOCITY_ONLY;NO_EXACT_KEVU_ROW_ASSERTED;G1_NOT_AUTHORIZED,NOT_RUN,NOT_RUN,NOT_RUN
P09,10.1016/j.adt.2019.05.002,papers/published/P09/1-s2.0-S0092640X19300191-main.pdf,a1d662ab0f5689eb99fa3046047139bcf679ab5b512616bcc3790f92f90a9fbf,11,11,29,0.4,2p,,,0.4,atomic_unit_of_velocity,relative_projectile_target_velocity;target-rest electronic representation;no_energy_adapter,NOT_EXPLICITLY_ASSIGNED,He2+,H(2s),He+(2p),electron_capture_cross_section,1.695e−01,10^-16 cm^2,AOCC;author average of B1/B2 GTO bases,5.4e−01,epsilon=abs(sigma_B1-sigma_B2)/sigma_average;dimensionless convergence diagnostic;not Gaussian uncertainty,LITERATURE_SUPPORTED,PDF10_11_VISUAL_PLUS_TWO_TEXT_PARSERS_ALL_TOKENS_MATCH,NATIVE_VELOCITY_ONLY;NO_EXACT_KEVU_ROW_ASSERTED;G1_NOT_AUTHORIZED,NOT_RUN,NOT_RUN,NOT_RUN
P09,10.1016/j.adt.2019.05.002,papers/published/P09/1-s2.0-S0092640X19300191-main.pdf,a1d662ab0f5689eb99fa3046047139bcf679ab5b512616bcc3790f92f90a9fbf,11,11,29,0.4,3p,,,0.4,atomic_unit_of_velocity,relative_projectile_target_velocity;target-rest electronic representation;no_energy_adapter,NOT_EXPLICITLY_ASSIGNED,He2+,H(2s),He+(3p),electron_capture_cross_section,1.624e+01,10^-16 cm^2,AOCC;author average of B1/B2 GTO bases,1.6e−02,epsilon=abs(sigma_B1-sigma_B2)/sigma_average;dimensionless convergence diagnostic;not Gaussian uncertainty,LITERATURE_SUPPORTED,PDF10_11_VISUAL_PLUS_TWO_TEXT_PARSERS_ALL_TOKENS_MATCH,NATIVE_VELOCITY_ONLY;NO_EXACT_KEVU_ROW_ASSERTED;G1_NOT_AUTHORIZED,NOT_RUN,NOT_RUN,NOT_RUN
P09,10.1016/j.adt.2019.05.002,papers/published/P09/1-s2.0-S0092640X19300191-main.pdf,a1d662ab0f5689eb99fa3046047139bcf679ab5b512616bcc3790f92f90a9fbf,11,11,29,0.4,4p,,,0.4,atomic_unit_of_velocity,relative_projectile_target_velocity;target-rest electronic representation;no_energy_adapter,NOT_EXPLICITLY_ASSIGNED,He2+,H(2s),He+(4p),electron_capture_cross_section,1.563e+01,10^-16 cm^2,AOCC;author average of B1/B2 GTO bases,3.9e−02,epsilon=abs(sigma_B1-sigma_B2)/sigma_average;dimensionless convergence diagnostic;not Gaussian uncertainty,LITERATURE_SUPPORTED,PDF10_11_VISUAL_PLUS_TWO_TEXT_PARSERS_ALL_TOKENS_MATCH,NATIVE_VELOCITY_ONLY;NO_EXACT_KEVU_ROW_ASSERTED;G1_NOT_AUTHORIZED,NOT_RUN,NOT_RUN,NOT_RUN
P09,10.1016/j.adt.2019.05.002,papers/published/P09/1-s2.0-S0092640X19300191-main.pdf,a1d662ab0f5689eb99fa3046047139bcf679ab5b512616bcc3790f92f90a9fbf,11,11,29,0.4,5p,,,0.4,atomic_unit_of_velocity,relative_projectile_target_velocity;target-rest electronic representation;no_energy_adapter,NOT_EXPLICITLY_ASSIGNED,He2+,H(2s),He+(5p),electron_capture_cross_section,2.759e+00,10^-16 cm^2,AOCC;author average of B1/B2 GTO bases,1.5e−02,epsilon=abs(sigma_B1-sigma_B2)/sigma_average;dimensionless convergence diagnostic;not Gaussian uncertainty,LITERATURE_SUPPORTED,PDF10_11_VISUAL_PLUS_TWO_TEXT_PARSERS_ALL_TOKENS_MATCH,NATIVE_VELOCITY_ONLY;NO_EXACT_KEVU_ROW_ASSERTED;G1_NOT_AUTHORIZED,NOT_RUN,NOT_RUN,NOT_RUN
P09,10.1016/j.adt.2019.05.002,papers/published/P09/1-s2.0-S0092640X19300191-main.pdf,a1d662ab0f5689eb99fa3046047139bcf679ab5b512616bcc3790f92f90a9fbf,11,11,29,0.4,3d,,,0.4,atomic_unit_of_velocity,relative_projectile_target_velocity;target-rest electronic representation;no_energy_adapter,NOT_EXPLICITLY_ASSIGNED,He2+,H(2s),He+(3d),electron_capture_cross_section,3.139e+01,10^-16 cm^2,AOCC;author average of B1/B2 GTO bases,3.3e−02,epsilon=abs(sigma_B1-sigma_B2)/sigma_average;dimensionless convergence diagnostic;not Gaussian uncertainty,LITERATURE_SUPPORTED,PDF10_11_VISUAL_PLUS_TWO_TEXT_PARSERS_ALL_TOKENS_MATCH,NATIVE_VELOCITY_ONLY;NO_EXACT_KEVU_ROW_ASSERTED;G1_NOT_AUTHORIZED,NOT_RUN,NOT_RUN,NOT_RUN
P09,10.1016/j.adt.2019.05.002,papers/published/P09/1-s2.0-S0092640X19300191-main.pdf,a1d662ab0f5689eb99fa3046047139bcf679ab5b512616bcc3790f92f90a9fbf,11,11,29,0.6,2p,,,0.6,atomic_unit_of_velocity,relative_projectile_target_velocity;target-rest electronic representation;no_energy_adapter,NOT_EXPLICITLY_ASSIGNED,He2+,H(2s),He+(2p),electron_capture_cross_section,8.035e−01,10^-16 cm^2,AOCC;author average of B1/B2 GTO bases,4.9e−02,epsilon=abs(sigma_B1-sigma_B2)/sigma_average;dimensionless convergence diagnostic;not Gaussian uncertainty,LITERATURE_SUPPORTED,PDF10_11_VISUAL_PLUS_TWO_TEXT_PARSERS_ALL_TOKENS_MATCH,NATIVE_VELOCITY_ONLY;NO_EXACT_KEVU_ROW_ASSERTED;G1_NOT_AUTHORIZED,NOT_RUN,NOT_RUN,NOT_RUN
P09,10.1016/j.adt.2019.05.002,papers/published/P09/1-s2.0-S0092640X19300191-main.pdf,a1d662ab0f5689eb99fa3046047139bcf679ab5b512616bcc3790f92f90a9fbf,11,11,29,0.6,3p,,,0.6,atomic_unit_of_velocity,relative_projectile_target_velocity;target-rest electronic representation;no_energy_adapter,NOT_EXPLICITLY_ASSIGNED,He2+,H(2s),He+(3p),electron_capture_cross_section,7.344e+00,10^-16 cm^2,AOCC;author average of B1/B2 GTO bases,4.2e−04,epsilon=abs(sigma_B1-sigma_B2)/sigma_average;dimensionless convergence diagnostic;not Gaussian uncertainty,LITERATURE_SUPPORTED,PDF10_11_VISUAL_PLUS_TWO_TEXT_PARSERS_ALL_TOKENS_MATCH,NATIVE_VELOCITY_ONLY;NO_EXACT_KEVU_ROW_ASSERTED;G1_NOT_AUTHORIZED,NOT_RUN,NOT_RUN,NOT_RUN
P09,10.1016/j.adt.2019.05.002,papers/published/P09/1-s2.0-S0092640X19300191-main.pdf,a1d662ab0f5689eb99fa3046047139bcf679ab5b512616bcc3790f92f90a9fbf,11,11,29,0.6,4p,,,0.6,atomic_unit_of_velocity,relative_projectile_target_velocity;target-rest electronic representation;no_energy_adapter,NOT_EXPLICITLY_ASSIGNED,He2+,H(2s),He+(4p),electron_capture_cross_section,5.221e+00,10^-16 cm^2,AOCC;author average of B1/B2 GTO bases,2.7e−02,epsilon=abs(sigma_B1-sigma_B2)/sigma_average;dimensionless convergence diagnostic;not Gaussian uncertainty,LITERATURE_SUPPORTED,PDF10_11_VISUAL_PLUS_TWO_TEXT_PARSERS_ALL_TOKENS_MATCH,NATIVE_VELOCITY_ONLY;NO_EXACT_KEVU_ROW_ASSERTED;G1_NOT_AUTHORIZED,NOT_RUN,NOT_RUN,NOT_RUN
P09,10.1016/j.adt.2019.05.002,papers/published/P09/1-s2.0-S0092640X19300191-main.pdf,a1d662ab0f5689eb99fa3046047139bcf679ab5b512616bcc3790f92f90a9fbf,11,11,29,0.6,5p,,,0.6,atomic_unit_of_velocity,relative_projectile_target_velocity;target-rest electronic representation;no_energy_adapter,NOT_EXPLICITLY_ASSIGNED,He2+,H(2s),He+(5p),electron_capture_cross_section,3.727e+00,10^-16 cm^2,AOCC;author average of B1/B2 GTO bases,1.2e−01,epsilon=abs(sigma_B1-sigma_B2)/sigma_average;dimensionless convergence diagnostic;not Gaussian uncertainty,LITERATURE_SUPPORTED,PDF10_11_VISUAL_PLUS_TWO_TEXT_PARSERS_ALL_TOKENS_MATCH,NATIVE_VELOCITY_ONLY;NO_EXACT_KEVU_ROW_ASSERTED;G1_NOT_AUTHORIZED,NOT_RUN,NOT_RUN,NOT_RUN
P09,10.1016/j.adt.2019.05.002,papers/published/P09/1-s2.0-S0092640X19300191-main.pdf,a1d662ab0f5689eb99fa3046047139bcf679ab5b512616bcc3790f92f90a9fbf,11,11,29,0.6,3d,,,0.6,atomic_unit_of_velocity,relative_projectile_target_velocity;target-rest electronic representation;no_energy_adapter,NOT_EXPLICITLY_ASSIGNED,He2+,H(2s),He+(3d),electron_capture_cross_section,2.162e+01,10^-16 cm^2,AOCC;author average of B1/B2 GTO bases,5.6e−03,epsilon=abs(sigma_B1-sigma_B2)/sigma_average;dimensionless convergence diagnostic;not Gaussian uncertainty,LITERATURE_SUPPORTED,PDF10_11_VISUAL_PLUS_TWO_TEXT_PARSERS_ALL_TOKENS_MATCH,NATIVE_VELOCITY_ONLY;NO_EXACT_KEVU_ROW_ASSERTED;G1_NOT_AUTHORIZED,NOT_RUN,NOT_RUN,NOT_RUN
P09,10.1016/j.adt.2019.05.002,papers/published/P09/1-s2.0-S0092640X19300191-main.pdf,a1d662ab0f5689eb99fa3046047139bcf679ab5b512616bcc3790f92f90a9fbf,11,11,29,0.8,2p,,,0.8,atomic_unit_of_velocity,relative_projectile_target_velocity;target-rest electronic representation;no_energy_adapter,NOT_EXPLICITLY_ASSIGNED,He2+,H(2s),He+(2p),electron_capture_cross_section,1.373e+00,10^-16 cm^2,AOCC;author average of B1/B2 GTO bases,1.2e−01,epsilon=abs(sigma_B1-sigma_B2)/sigma_average;dimensionless convergence diagnostic;not Gaussian uncertainty,LITERATURE_SUPPORTED,PDF10_11_VISUAL_PLUS_TWO_TEXT_PARSERS_ALL_TOKENS_MATCH,NATIVE_VELOCITY_ONLY;NO_EXACT_KEVU_ROW_ASSERTED;G1_NOT_AUTHORIZED,NOT_RUN,NOT_RUN,NOT_RUN
P09,10.1016/j.adt.2019.05.002,papers/published/P09/1-s2.0-S0092640X19300191-main.pdf,a1d662ab0f5689eb99fa3046047139bcf679ab5b512616bcc3790f92f90a9fbf,11,11,29,0.8,3p,,,0.8,atomic_unit_of_velocity,relative_projectile_target_velocity;target-rest electronic representation;no_energy_adapter,NOT_EXPLICITLY_ASSIGNED,He2+,H(2s),He+(3p),electron_capture_cross_section,2.344e+00,10^-16 cm^2,AOCC;author average of B1/B2 GTO bases,2.2e−02,epsilon=abs(sigma_B1-sigma_B2)/sigma_average;dimensionless convergence diagnostic;not Gaussian uncertainty,LITERATURE_SUPPORTED,PDF10_11_VISUAL_PLUS_TWO_TEXT_PARSERS_ALL_TOKENS_MATCH,NATIVE_VELOCITY_ONLY;NO_EXACT_KEVU_ROW_ASSERTED;G1_NOT_AUTHORIZED,NOT_RUN,NOT_RUN,NOT_RUN
P09,10.1016/j.adt.2019.05.002,papers/published/P09/1-s2.0-S0092640X19300191-main.pdf,a1d662ab0f5689eb99fa3046047139bcf679ab5b512616bcc3790f92f90a9fbf,11,11,29,0.8,4p,,,0.8,atomic_unit_of_velocity,relative_projectile_target_velocity;target-rest electronic representation;no_energy_adapter,NOT_EXPLICITLY_ASSIGNED,He2+,H(2s),He+(4p),electron_capture_cross_section,1.943e+00,10^-16 cm^2,AOCC;author average of B1/B2 GTO bases,8.0e−02,epsilon=abs(sigma_B1-sigma_B2)/sigma_average;dimensionless convergence diagnostic;not Gaussian uncertainty,LITERATURE_SUPPORTED,PDF10_11_VISUAL_PLUS_TWO_TEXT_PARSERS_ALL_TOKENS_MATCH,NATIVE_VELOCITY_ONLY;NO_EXACT_KEVU_ROW_ASSERTED;G1_NOT_AUTHORIZED,NOT_RUN,NOT_RUN,NOT_RUN
P09,10.1016/j.adt.2019.05.002,papers/published/P09/1-s2.0-S0092640X19300191-main.pdf,a1d662ab0f5689eb99fa3046047139bcf679ab5b512616bcc3790f92f90a9fbf,11,11,29,0.8,5p,,,0.8,atomic_unit_of_velocity,relative_projectile_target_velocity;target-rest electronic representation;no_energy_adapter,NOT_EXPLICITLY_ASSIGNED,He2+,H(2s),He+(5p),electron_capture_cross_section,1.320e+00,10^-16 cm^2,AOCC;author average of B1/B2 GTO bases,8.3e−02,epsilon=abs(sigma_B1-sigma_B2)/sigma_average;dimensionless convergence diagnostic;not Gaussian uncertainty,LITERATURE_SUPPORTED,PDF10_11_VISUAL_PLUS_TWO_TEXT_PARSERS_ALL_TOKENS_MATCH,NATIVE_VELOCITY_ONLY;NO_EXACT_KEVU_ROW_ASSERTED;G1_NOT_AUTHORIZED,NOT_RUN,NOT_RUN,NOT_RUN
P09,10.1016/j.adt.2019.05.002,papers/published/P09/1-s2.0-S0092640X19300191-main.pdf,a1d662ab0f5689eb99fa3046047139bcf679ab5b512616bcc3790f92f90a9fbf,11,11,29,0.8,3d,,,0.8,atomic_unit_of_velocity,relative_projectile_target_velocity;target-rest electronic representation;no_energy_adapter,NOT_EXPLICITLY_ASSIGNED,He2+,H(2s),He+(3d),electron_capture_cross_section,8.990e+00,10^-16 cm^2,AOCC;author average of B1/B2 GTO bases,7.6e−06,epsilon=abs(sigma_B1-sigma_B2)/sigma_average;dimensionless convergence diagnostic;not Gaussian uncertainty,LITERATURE_SUPPORTED,PDF10_11_VISUAL_PLUS_TWO_TEXT_PARSERS_ALL_TOKENS_MATCH,NATIVE_VELOCITY_ONLY;NO_EXACT_KEVU_ROW_ASSERTED;G1_NOT_AUTHORIZED,NOT_RUN,NOT_RUN,NOT_RUN
P09,10.1016/j.adt.2019.05.002,papers/published/P09/1-s2.0-S0092640X19300191-main.pdf,a1d662ab0f5689eb99fa3046047139bcf679ab5b512616bcc3790f92f90a9fbf,11,11,29,1,2p,,,1,atomic_unit_of_velocity,relative_projectile_target_velocity;target-rest electronic representation;no_energy_adapter,NOT_EXPLICITLY_ASSIGNED,He2+,H(2s),He+(2p),electron_capture_cross_section,1.244e+00,10^-16 cm^2,AOCC;author average of B1/B2 GTO bases,1.2e−01,epsilon=abs(sigma_B1-sigma_B2)/sigma_average;dimensionless convergence diagnostic;not Gaussian uncertainty,LITERATURE_SUPPORTED,PDF10_11_VISUAL_PLUS_TWO_TEXT_PARSERS_ALL_TOKENS_MATCH,NATIVE_VELOCITY_ONLY;NO_EXACT_KEVU_ROW_ASSERTED;G1_NOT_AUTHORIZED,NOT_RUN,NOT_RUN,NOT_RUN
P09,10.1016/j.adt.2019.05.002,papers/published/P09/1-s2.0-S0092640X19300191-main.pdf,a1d662ab0f5689eb99fa3046047139bcf679ab5b512616bcc3790f92f90a9fbf,11,11,29,1,3p,,,1,atomic_unit_of_velocity,relative_projectile_target_velocity;target-rest electronic representation;no_energy_adapter,NOT_EXPLICITLY_ASSIGNED,He2+,H(2s),He+(3p),electron_capture_cross_section,1.006e+00,10^-16 cm^2,AOCC;author average of B1/B2 GTO bases,2.7e−02,epsilon=abs(sigma_B1-sigma_B2)/sigma_average;dimensionless convergence diagnostic;not Gaussian uncertainty,LITERATURE_SUPPORTED,PDF10_11_VISUAL_PLUS_TWO_TEXT_PARSERS_ALL_TOKENS_MATCH,NATIVE_VELOCITY_ONLY;NO_EXACT_KEVU_ROW_ASSERTED;G1_NOT_AUTHORIZED,NOT_RUN,NOT_RUN,NOT_RUN
P09,10.1016/j.adt.2019.05.002,papers/published/P09/1-s2.0-S0092640X19300191-main.pdf,a1d662ab0f5689eb99fa3046047139bcf679ab5b512616bcc3790f92f90a9fbf,11,11,29,1,4p,,,1,atomic_unit_of_velocity,relative_projectile_target_velocity;target-rest electronic representation;no_energy_adapter,NOT_EXPLICITLY_ASSIGNED,He2+,H(2s),He+(4p),electron_capture_cross_section,7.203e−01,10^-16 cm^2,AOCC;author average of B1/B2 GTO bases,1.4e−01,epsilon=abs(sigma_B1-sigma_B2)/sigma_average;dimensionless convergence diagnostic;not Gaussian uncertainty,LITERATURE_SUPPORTED,PDF10_11_VISUAL_PLUS_TWO_TEXT_PARSERS_ALL_TOKENS_MATCH,NATIVE_VELOCITY_ONLY;NO_EXACT_KEVU_ROW_ASSERTED;G1_NOT_AUTHORIZED,NOT_RUN,NOT_RUN,NOT_RUN
P09,10.1016/j.adt.2019.05.002,papers/published/P09/1-s2.0-S0092640X19300191-main.pdf,a1d662ab0f5689eb99fa3046047139bcf679ab5b512616bcc3790f92f90a9fbf,11,11,29,1,5p,,,1,atomic_unit_of_velocity,relative_projectile_target_velocity;target-rest electronic representation;no_energy_adapter,NOT_EXPLICITLY_ASSIGNED,He2+,H(2s),He+(5p),electron_capture_cross_section,4.602e−01,10^-16 cm^2,AOCC;author average of B1/B2 GTO bases,9.1e−02,epsilon=abs(sigma_B1-sigma_B2)/sigma_average;dimensionless convergence diagnostic;not Gaussian uncertainty,LITERATURE_SUPPORTED,PDF10_11_VISUAL_PLUS_TWO_TEXT_PARSERS_ALL_TOKENS_MATCH,NATIVE_VELOCITY_ONLY;NO_EXACT_KEVU_ROW_ASSERTED;G1_NOT_AUTHORIZED,NOT_RUN,NOT_RUN,NOT_RUN
P09,10.1016/j.adt.2019.05.002,papers/published/P09/1-s2.0-S0092640X19300191-main.pdf,a1d662ab0f5689eb99fa3046047139bcf679ab5b512616bcc3790f92f90a9fbf,11,11,29,1,3d,,,1,atomic_unit_of_velocity,relative_projectile_target_velocity;target-rest electronic representation;no_energy_adapter,NOT_EXPLICITLY_ASSIGNED,He2+,H(2s),He+(3d),electron_capture_cross_section,2.674e+00,10^-16 cm^2,AOCC;author average of B1/B2 GTO bases,7.0e−03,epsilon=abs(sigma_B1-sigma_B2)/sigma_average;dimensionless convergence diagnostic;not Gaussian uncertainty,LITERATURE_SUPPORTED,PDF10_11_VISUAL_PLUS_TWO_TEXT_PARSERS_ALL_TOKENS_MATCH,NATIVE_VELOCITY_ONLY;NO_EXACT_KEVU_ROW_ASSERTED;G1_NOT_AUTHORIZED,NOT_RUN,NOT_RUN,NOT_RUN
P09,10.1016/j.adt.2019.05.002,papers/published/P09/1-s2.0-S0092640X19300191-main.pdf,a1d662ab0f5689eb99fa3046047139bcf679ab5b512616bcc3790f92f90a9fbf,11,11,29,1.2,2p,,,1.2,atomic_unit_of_velocity,relative_projectile_target_velocity;target-rest electronic representation;no_energy_adapter,NOT_EXPLICITLY_ASSIGNED,He2+,H(2s),He+(2p),electron_capture_cross_section,8.001e−01,10^-16 cm^2,AOCC;author average of B1/B2 GTO bases,7.7e−02,epsilon=abs(sigma_B1-sigma_B2)/sigma_average;dimensionless convergence diagnostic;not Gaussian uncertainty,LITERATURE_SUPPORTED,PDF10_11_VISUAL_PLUS_TWO_TEXT_PARSERS_ALL_TOKENS_MATCH,NATIVE_VELOCITY_ONLY;NO_EXACT_KEVU_ROW_ASSERTED;G1_NOT_AUTHORIZED,NOT_RUN,NOT_RUN,NOT_RUN
P09,10.1016/j.adt.2019.05.002,papers/published/P09/1-s2.0-S0092640X19300191-main.pdf,a1d662ab0f5689eb99fa3046047139bcf679ab5b512616bcc3790f92f90a9fbf,11,11,29,1.2,3p,,,1.2,atomic_unit_of_velocity,relative_projectile_target_velocity;target-rest electronic representation;no_energy_adapter,NOT_EXPLICITLY_ASSIGNED,He2+,H(2s),He+(3p),electron_capture_cross_section,4.937e−01,10^-16 cm^2,AOCC;author average of B1/B2 GTO bases,1.1e−02,epsilon=abs(sigma_B1-sigma_B2)/sigma_average;dimensionless convergence diagnostic;not Gaussian uncertainty,LITERATURE_SUPPORTED,PDF10_11_VISUAL_PLUS_TWO_TEXT_PARSERS_ALL_TOKENS_MATCH,NATIVE_VELOCITY_ONLY;NO_EXACT_KEVU_ROW_ASSERTED;G1_NOT_AUTHORIZED,NOT_RUN,NOT_RUN,NOT_RUN
P09,10.1016/j.adt.2019.05.002,papers/published/P09/1-s2.0-S0092640X19300191-main.pdf,a1d662ab0f5689eb99fa3046047139bcf679ab5b512616bcc3790f92f90a9fbf,11,11,29,1.2,4p,,,1.2,atomic_unit_of_velocity,relative_projectile_target_velocity;target-rest electronic representation;no_energy_adapter,NOT_EXPLICITLY_ASSIGNED,He2+,H(2s),He+(4p),electron_capture_cross_section,2.990e−01,10^-16 cm^2,AOCC;author average of B1/B2 GTO bases,4.8e−02,epsilon=abs(sigma_B1-sigma_B2)/sigma_average;dimensionless convergence diagnostic;not Gaussian uncertainty,LITERATURE_SUPPORTED,PDF10_11_VISUAL_PLUS_TWO_TEXT_PARSERS_ALL_TOKENS_MATCH,NATIVE_VELOCITY_ONLY;NO_EXACT_KEVU_ROW_ASSERTED;G1_NOT_AUTHORIZED,NOT_RUN,NOT_RUN,NOT_RUN
P09,10.1016/j.adt.2019.05.002,papers/published/P09/1-s2.0-S0092640X19300191-main.pdf,a1d662ab0f5689eb99fa3046047139bcf679ab5b512616bcc3790f92f90a9fbf,11,11,29,1.2,5p,,,1.2,atomic_unit_of_velocity,relative_projectile_target_velocity;target-rest electronic representation;no_energy_adapter,NOT_EXPLICITLY_ASSIGNED,He2+,H(2s),He+(5p),electron_capture_cross_section,2.105e−01,10^-16 cm^2,AOCC;author average of B1/B2 GTO bases,6.8e−02,epsilon=abs(sigma_B1-sigma_B2)/sigma_average;dimensionless convergence diagnostic;not Gaussian uncertainty,LITERATURE_SUPPORTED,PDF10_11_VISUAL_PLUS_TWO_TEXT_PARSERS_ALL_TOKENS_MATCH,NATIVE_VELOCITY_ONLY;NO_EXACT_KEVU_ROW_ASSERTED;G1_NOT_AUTHORIZED,NOT_RUN,NOT_RUN,NOT_RUN
P09,10.1016/j.adt.2019.05.002,papers/published/P09/1-s2.0-S0092640X19300191-main.pdf,a1d662ab0f5689eb99fa3046047139bcf679ab5b512616bcc3790f92f90a9fbf,11,11,29,1.2,3d,,,1.2,atomic_unit_of_velocity,relative_projectile_target_velocity;target-rest electronic representation;no_energy_adapter,NOT_EXPLICITLY_ASSIGNED,He2+,H(2s),He+(3d),electron_capture_cross_section,7.269e−01,10^-16 cm^2,AOCC;author average of B1/B2 GTO bases,2.3e−03,epsilon=abs(sigma_B1-sigma_B2)/sigma_average;dimensionless convergence diagnostic;not Gaussian uncertainty,LITERATURE_SUPPORTED,PDF10_11_VISUAL_PLUS_TWO_TEXT_PARSERS_ALL_TOKENS_MATCH,NATIVE_VELOCITY_ONLY;NO_EXACT_KEVU_ROW_ASSERTED;G1_NOT_AUTHORIZED,NOT_RUN,NOT_RUN,NOT_RUN
P09,10.1016/j.adt.2019.05.002,papers/published/P09/1-s2.0-S0092640X19300191-main.pdf,a1d662ab0f5689eb99fa3046047139bcf679ab5b512616bcc3790f92f90a9fbf,11,11,29,1.4,2p,,,1.4,atomic_unit_of_velocity,relative_projectile_target_velocity;target-rest electronic representation;no_energy_adapter,NOT_EXPLICITLY_ASSIGNED,He2+,H(2s),He+(2p),electron_capture_cross_section,4.066e−01,10^-16 cm^2,AOCC;author average of B1/B2 GTO bases,4.1e−02,epsilon=abs(sigma_B1-sigma_B2)/sigma_average;dimensionless convergence diagnostic;not Gaussian uncertainty,LITERATURE_SUPPORTED,PDF10_11_VISUAL_PLUS_TWO_TEXT_PARSERS_ALL_TOKENS_MATCH,NATIVE_VELOCITY_ONLY;NO_EXACT_KEVU_ROW_ASSERTED;G1_NOT_AUTHORIZED,NOT_RUN,NOT_RUN,NOT_RUN
P09,10.1016/j.adt.2019.05.002,papers/published/P09/1-s2.0-S0092640X19300191-main.pdf,a1d662ab0f5689eb99fa3046047139bcf679ab5b512616bcc3790f92f90a9fbf,11,11,29,1.4,3p,,,1.4,atomic_unit_of_velocity,relative_projectile_target_velocity;target-rest electronic representation;no_energy_adapter,NOT_EXPLICITLY_ASSIGNED,He2+,H(2s),He+(3p),electron_capture_cross_section,2.224e−01,10^-16 cm^2,AOCC;author average of B1/B2 GTO bases,3.2e−02,epsilon=abs(sigma_B1-sigma_B2)/sigma_average;dimensionless convergence diagnostic;not Gaussian uncertainty,LITERATURE_SUPPORTED,PDF10_11_VISUAL_PLUS_TWO_TEXT_PARSERS_ALL_TOKENS_MATCH,NATIVE_VELOCITY_ONLY;NO_EXACT_KEVU_ROW_ASSERTED;G1_NOT_AUTHORIZED,NOT_RUN,NOT_RUN,NOT_RUN
P09,10.1016/j.adt.2019.05.002,papers/published/P09/1-s2.0-S0092640X19300191-main.pdf,a1d662ab0f5689eb99fa3046047139bcf679ab5b512616bcc3790f92f90a9fbf,11,11,29,1.4,4p,,,1.4,atomic_unit_of_velocity,relative_projectile_target_velocity;target-rest electronic representation;no_energy_adapter,NOT_EXPLICITLY_ASSIGNED,He2+,H(2s),He+(4p),electron_capture_cross_section,1.195e−01,10^-16 cm^2,AOCC;author average of B1/B2 GTO bases,4.9e−02,epsilon=abs(sigma_B1-sigma_B2)/sigma_average;dimensionless convergence diagnostic;not Gaussian uncertainty,LITERATURE_SUPPORTED,PDF10_11_VISUAL_PLUS_TWO_TEXT_PARSERS_ALL_TOKENS_MATCH,NATIVE_VELOCITY_ONLY;NO_EXACT_KEVU_ROW_ASSERTED;G1_NOT_AUTHORIZED,NOT_RUN,NOT_RUN,NOT_RUN
P09,10.1016/j.adt.2019.05.002,papers/published/P09/1-s2.0-S0092640X19300191-main.pdf,a1d662ab0f5689eb99fa3046047139bcf679ab5b512616bcc3790f92f90a9fbf,11,11,29,1.4,5p,,,1.4,atomic_unit_of_velocity,relative_projectile_target_velocity;target-rest electronic representation;no_energy_adapter,NOT_EXPLICITLY_ASSIGNED,He2+,H(2s),He+(5p),electron_capture_cross_section,8.367e−02,10^-16 cm^2,AOCC;author average of B1/B2 GTO bases,2.0e−01,epsilon=abs(sigma_B1-sigma_B2)/sigma_average;dimensionless convergence diagnostic;not Gaussian uncertainty,LITERATURE_SUPPORTED,PDF10_11_VISUAL_PLUS_TWO_TEXT_PARSERS_ALL_TOKENS_MATCH,NATIVE_VELOCITY_ONLY;NO_EXACT_KEVU_ROW_ASSERTED;G1_NOT_AUTHORIZED,NOT_RUN,NOT_RUN,NOT_RUN
P09,10.1016/j.adt.2019.05.002,papers/published/P09/1-s2.0-S0092640X19300191-main.pdf,a1d662ab0f5689eb99fa3046047139bcf679ab5b512616bcc3790f92f90a9fbf,11,11,29,1.4,3d,,,1.4,atomic_unit_of_velocity,relative_projectile_target_velocity;target-rest electronic representation;no_energy_adapter,NOT_EXPLICITLY_ASSIGNED,He2+,H(2s),He+(3d),electron_capture_cross_section,1.992e−01,10^-16 cm^2,AOCC;author average of B1/B2 GTO bases,2.1e−02,epsilon=abs(sigma_B1-sigma_B2)/sigma_average;dimensionless convergence diagnostic;not Gaussian uncertainty,LITERATURE_SUPPORTED,PDF10_11_VISUAL_PLUS_TWO_TEXT_PARSERS_ALL_TOKENS_MATCH,NATIVE_VELOCITY_ONLY;NO_EXACT_KEVU_ROW_ASSERTED;G1_NOT_AUTHORIZED,NOT_RUN,NOT_RUN,NOT_RUN
P09,10.1016/j.adt.2019.05.002,papers/published/P09/1-s2.0-S0092640X19300191-main.pdf,a1d662ab0f5689eb99fa3046047139bcf679ab5b512616bcc3790f92f90a9fbf,11,11,29,1.6,2p,,,1.6,atomic_unit_of_velocity,relative_projectile_target_velocity;target-rest electronic representation;no_energy_adapter,NOT_EXPLICITLY_ASSIGNED,He2+,H(2s),He+(2p),electron_capture_cross_section,1.895e−01,10^-16 cm^2,AOCC;author average of B1/B2 GTO bases,4.0e−02,epsilon=abs(sigma_B1-sigma_B2)/sigma_average;dimensionless convergence diagnostic;not Gaussian uncertainty,LITERATURE_SUPPORTED,PDF10_11_VISUAL_PLUS_TWO_TEXT_PARSERS_ALL_TOKENS_MATCH,NATIVE_VELOCITY_ONLY;NO_EXACT_KEVU_ROW_ASSERTED;G1_NOT_AUTHORIZED,NOT_RUN,NOT_RUN,NOT_RUN
P09,10.1016/j.adt.2019.05.002,papers/published/P09/1-s2.0-S0092640X19300191-main.pdf,a1d662ab0f5689eb99fa3046047139bcf679ab5b512616bcc3790f92f90a9fbf,11,11,29,1.6,3p,,,1.6,atomic_unit_of_velocity,relative_projectile_target_velocity;target-rest electronic representation;no_energy_adapter,NOT_EXPLICITLY_ASSIGNED,He2+,H(2s),He+(3p),electron_capture_cross_section,9.117e−02,10^-16 cm^2,AOCC;author average of B1/B2 GTO bases,4.1e−03,epsilon=abs(sigma_B1-sigma_B2)/sigma_average;dimensionless convergence diagnostic;not Gaussian uncertainty,LITERATURE_SUPPORTED,PDF10_11_VISUAL_PLUS_TWO_TEXT_PARSERS_ALL_TOKENS_MATCH,NATIVE_VELOCITY_ONLY;NO_EXACT_KEVU_ROW_ASSERTED;G1_NOT_AUTHORIZED,NOT_RUN,NOT_RUN,NOT_RUN
P09,10.1016/j.adt.2019.05.002,papers/published/P09/1-s2.0-S0092640X19300191-main.pdf,a1d662ab0f5689eb99fa3046047139bcf679ab5b512616bcc3790f92f90a9fbf,11,11,29,1.6,4p,,,1.6,atomic_unit_of_velocity,relative_projectile_target_velocity;target-rest electronic representation;no_energy_adapter,NOT_EXPLICITLY_ASSIGNED,He2+,H(2s),He+(4p),electron_capture_cross_section,4.640e−02,10^-16 cm^2,AOCC;author average of B1/B2 GTO bases,1.1e−02,epsilon=abs(sigma_B1-sigma_B2)/sigma_average;dimensionless convergence diagnostic;not Gaussian uncertainty,LITERATURE_SUPPORTED,PDF10_11_VISUAL_PLUS_TWO_TEXT_PARSERS_ALL_TOKENS_MATCH,NATIVE_VELOCITY_ONLY;NO_EXACT_KEVU_ROW_ASSERTED;G1_NOT_AUTHORIZED,NOT_RUN,NOT_RUN,NOT_RUN
P09,10.1016/j.adt.2019.05.002,papers/published/P09/1-s2.0-S0092640X19300191-main.pdf,a1d662ab0f5689eb99fa3046047139bcf679ab5b512616bcc3790f92f90a9fbf,11,11,29,1.6,5p,,,1.6,atomic_unit_of_velocity,relative_projectile_target_velocity;target-rest electronic representation;no_energy_adapter,NOT_EXPLICITLY_ASSIGNED,He2+,H(2s),He+(5p),electron_capture_cross_section,3.188e−02,10^-16 cm^2,AOCC;author average of B1/B2 GTO bases,2.6e−01,epsilon=abs(sigma_B1-sigma_B2)/sigma_average;dimensionless convergence diagnostic;not Gaussian uncertainty,LITERATURE_SUPPORTED,PDF10_11_VISUAL_PLUS_TWO_TEXT_PARSERS_ALL_TOKENS_MATCH,NATIVE_VELOCITY_ONLY;NO_EXACT_KEVU_ROW_ASSERTED;G1_NOT_AUTHORIZED,NOT_RUN,NOT_RUN,NOT_RUN
P09,10.1016/j.adt.2019.05.002,papers/published/P09/1-s2.0-S0092640X19300191-main.pdf,a1d662ab0f5689eb99fa3046047139bcf679ab5b512616bcc3790f92f90a9fbf,11,11,29,1.6,3d,,,1.6,atomic_unit_of_velocity,relative_projectile_target_velocity;target-rest electronic representation;no_energy_adapter,NOT_EXPLICITLY_ASSIGNED,He2+,H(2s),He+(3d),electron_capture_cross_section,5.803e−02,10^-16 cm^2,AOCC;author average of B1/B2 GTO bases,1.9e−02,epsilon=abs(sigma_B1-sigma_B2)/sigma_average;dimensionless convergence diagnostic;not Gaussian uncertainty,LITERATURE_SUPPORTED,PDF10_11_VISUAL_PLUS_TWO_TEXT_PARSERS_ALL_TOKENS_MATCH,NATIVE_VELOCITY_ONLY;NO_EXACT_KEVU_ROW_ASSERTED;G1_NOT_AUTHORIZED,NOT_RUN,NOT_RUN,NOT_RUN
P09,10.1016/j.adt.2019.05.002,papers/published/P09/1-s2.0-S0092640X19300191-main.pdf,a1d662ab0f5689eb99fa3046047139bcf679ab5b512616bcc3790f92f90a9fbf,11,11,29,1.8,2p,,,1.8,atomic_unit_of_velocity,relative_projectile_target_velocity;target-rest electronic representation;no_energy_adapter,NOT_EXPLICITLY_ASSIGNED,He2+,H(2s),He+(2p),electron_capture_cross_section,9.121e−02,10^-16 cm^2,AOCC;author average of B1/B2 GTO bases,3.2e−02,epsilon=abs(sigma_B1-sigma_B2)/sigma_average;dimensionless convergence diagnostic;not Gaussian uncertainty,LITERATURE_SUPPORTED,PDF10_11_VISUAL_PLUS_TWO_TEXT_PARSERS_ALL_TOKENS_MATCH,NATIVE_VELOCITY_ONLY;NO_EXACT_KEVU_ROW_ASSERTED;G1_NOT_AUTHORIZED,NOT_RUN,NOT_RUN,NOT_RUN
P09,10.1016/j.adt.2019.05.002,papers/published/P09/1-s2.0-S0092640X19300191-main.pdf,a1d662ab0f5689eb99fa3046047139bcf679ab5b512616bcc3790f92f90a9fbf,11,11,29,1.8,3p,,,1.8,atomic_unit_of_velocity,relative_projectile_target_velocity;target-rest electronic representation;no_energy_adapter,NOT_EXPLICITLY_ASSIGNED,He2+,H(2s),He+(3p),electron_capture_cross_section,4.035e−02,10^-16 cm^2,AOCC;author average of B1/B2 GTO bases,5.2e−04,epsilon=abs(sigma_B1-sigma_B2)/sigma_average;dimensionless convergence diagnostic;not Gaussian uncertainty,LITERATURE_SUPPORTED,PDF10_11_VISUAL_PLUS_TWO_TEXT_PARSERS_ALL_TOKENS_MATCH,NATIVE_VELOCITY_ONLY;NO_EXACT_KEVU_ROW_ASSERTED;G1_NOT_AUTHORIZED,NOT_RUN,NOT_RUN,NOT_RUN
P09,10.1016/j.adt.2019.05.002,papers/published/P09/1-s2.0-S0092640X19300191-main.pdf,a1d662ab0f5689eb99fa3046047139bcf679ab5b512616bcc3790f92f90a9fbf,11,11,29,1.8,4p,,,1.8,atomic_unit_of_velocity,relative_projectile_target_velocity;target-rest electronic representation;no_energy_adapter,NOT_EXPLICITLY_ASSIGNED,He2+,H(2s),He+(4p),electron_capture_cross_section,1.933e−02,10^-16 cm^2,AOCC;author average of B1/B2 GTO bases,4.1e−02,epsilon=abs(sigma_B1-sigma_B2)/sigma_average;dimensionless convergence diagnostic;not Gaussian uncertainty,LITERATURE_SUPPORTED,PDF10_11_VISUAL_PLUS_TWO_TEXT_PARSERS_ALL_TOKENS_MATCH,NATIVE_VELOCITY_ONLY;NO_EXACT_KEVU_ROW_ASSERTED;G1_NOT_AUTHORIZED,NOT_RUN,NOT_RUN,NOT_RUN
P09,10.1016/j.adt.2019.05.002,papers/published/P09/1-s2.0-S0092640X19300191-main.pdf,a1d662ab0f5689eb99fa3046047139bcf679ab5b512616bcc3790f92f90a9fbf,11,11,29,1.8,5p,,,1.8,atomic_unit_of_velocity,relative_projectile_target_velocity;target-rest electronic representation;no_energy_adapter,NOT_EXPLICITLY_ASSIGNED,He2+,H(2s),He+(5p),electron_capture_cross_section,1.157e−02,10^-16 cm^2,AOCC;author average of B1/B2 GTO bases,4.0e−01,epsilon=abs(sigma_B1-sigma_B2)/sigma_average;dimensionless convergence diagnostic;not Gaussian uncertainty,LITERATURE_SUPPORTED,PDF10_11_VISUAL_PLUS_TWO_TEXT_PARSERS_ALL_TOKENS_MATCH,NATIVE_VELOCITY_ONLY;NO_EXACT_KEVU_ROW_ASSERTED;G1_NOT_AUTHORIZED,NOT_RUN,NOT_RUN,NOT_RUN
P09,10.1016/j.adt.2019.05.002,papers/published/P09/1-s2.0-S0092640X19300191-main.pdf,a1d662ab0f5689eb99fa3046047139bcf679ab5b512616bcc3790f92f90a9fbf,11,11,29,1.8,3d,,,1.8,atomic_unit_of_velocity,relative_projectile_target_velocity;target-rest electronic representation;no_energy_adapter,NOT_EXPLICITLY_ASSIGNED,He2+,H(2s),He+(3d),electron_capture_cross_section,1.784e−02,10^-16 cm^2,AOCC;author average of B1/B2 GTO bases,8.2e−03,epsilon=abs(sigma_B1-sigma_B2)/sigma_average;dimensionless convergence diagnostic;not Gaussian uncertainty,LITERATURE_SUPPORTED,PDF10_11_VISUAL_PLUS_TWO_TEXT_PARSERS_ALL_TOKENS_MATCH,NATIVE_VELOCITY_ONLY;NO_EXACT_KEVU_ROW_ASSERTED;G1_NOT_AUTHORIZED,NOT_RUN,NOT_RUN,NOT_RUN
P09,10.1016/j.adt.2019.05.002,papers/published/P09/1-s2.0-S0092640X19300191-main.pdf,a1d662ab0f5689eb99fa3046047139bcf679ab5b512616bcc3790f92f90a9fbf,11,11,29,2,2p,,,2,atomic_unit_of_velocity,relative_projectile_target_velocity;target-rest electronic representation;no_energy_adapter,NOT_EXPLICITLY_ASSIGNED,He2+,H(2s),He+(2p),electron_capture_cross_section,3.719e−02,10^-16 cm^2,AOCC;author average of B1/B2 GTO bases,2.0e−03,epsilon=abs(sigma_B1-sigma_B2)/sigma_average;dimensionless convergence diagnostic;not Gaussian uncertainty,LITERATURE_SUPPORTED,PDF10_11_VISUAL_PLUS_TWO_TEXT_PARSERS_ALL_TOKENS_MATCH,NATIVE_VELOCITY_ONLY;NO_EXACT_KEVU_ROW_ASSERTED;G1_NOT_AUTHORIZED,NOT_RUN,NOT_RUN,NOT_RUN
P09,10.1016/j.adt.2019.05.002,papers/published/P09/1-s2.0-S0092640X19300191-main.pdf,a1d662ab0f5689eb99fa3046047139bcf679ab5b512616bcc3790f92f90a9fbf,11,11,29,2,3p,,,2,atomic_unit_of_velocity,relative_projectile_target_velocity;target-rest electronic representation;no_energy_adapter,NOT_EXPLICITLY_ASSIGNED,He2+,H(2s),He+(3p),electron_capture_cross_section,1.575e−02,10^-16 cm^2,AOCC;author average of B1/B2 GTO bases,1.3e−02,epsilon=abs(sigma_B1-sigma_B2)/sigma_average;dimensionless convergence diagnostic;not Gaussian uncertainty,LITERATURE_SUPPORTED,PDF10_11_VISUAL_PLUS_TWO_TEXT_PARSERS_ALL_TOKENS_MATCH,NATIVE_VELOCITY_ONLY;NO_EXACT_KEVU_ROW_ASSERTED;G1_NOT_AUTHORIZED,NOT_RUN,NOT_RUN,NOT_RUN
P09,10.1016/j.adt.2019.05.002,papers/published/P09/1-s2.0-S0092640X19300191-main.pdf,a1d662ab0f5689eb99fa3046047139bcf679ab5b512616bcc3790f92f90a9fbf,11,11,29,2,4p,,,2,atomic_unit_of_velocity,relative_projectile_target_velocity;target-rest electronic representation;no_energy_adapter,NOT_EXPLICITLY_ASSIGNED,He2+,H(2s),He+(4p),electron_capture_cross_section,7.548e−03,10^-16 cm^2,AOCC;author average of B1/B2 GTO bases,4.4e−02,epsilon=abs(sigma_B1-sigma_B2)/sigma_average;dimensionless convergence diagnostic;not Gaussian uncertainty,LITERATURE_SUPPORTED,PDF10_11_VISUAL_PLUS_TWO_TEXT_PARSERS_ALL_TOKENS_MATCH,NATIVE_VELOCITY_ONLY;NO_EXACT_KEVU_ROW_ASSERTED;G1_NOT_AUTHORIZED,NOT_RUN,NOT_RUN,NOT_RUN
P09,10.1016/j.adt.2019.05.002,papers/published/P09/1-s2.0-S0092640X19300191-main.pdf,a1d662ab0f5689eb99fa3046047139bcf679ab5b512616bcc3790f92f90a9fbf,11,11,29,2,5p,,,2,atomic_unit_of_velocity,relative_projectile_target_velocity;target-rest electronic representation;no_energy_adapter,NOT_EXPLICITLY_ASSIGNED,He2+,H(2s),He+(5p),electron_capture_cross_section,4.648e−03,10^-16 cm^2,AOCC;author average of B1/B2 GTO bases,2.2e−01,epsilon=abs(sigma_B1-sigma_B2)/sigma_average;dimensionless convergence diagnostic;not Gaussian uncertainty,LITERATURE_SUPPORTED,PDF10_11_VISUAL_PLUS_TWO_TEXT_PARSERS_ALL_TOKENS_MATCH,NATIVE_VELOCITY_ONLY;NO_EXACT_KEVU_ROW_ASSERTED;G1_NOT_AUTHORIZED,NOT_RUN,NOT_RUN,NOT_RUN
P09,10.1016/j.adt.2019.05.002,papers/published/P09/1-s2.0-S0092640X19300191-main.pdf,a1d662ab0f5689eb99fa3046047139bcf679ab5b512616bcc3790f92f90a9fbf,11,11,29,2,3d,,,2,atomic_unit_of_velocity,relative_projectile_target_velocity;target-rest electronic representation;no_energy_adapter,NOT_EXPLICITLY_ASSIGNED,He2+,H(2s),He+(3d),electron_capture_cross_section,5.765e−03,10^-16 cm^2,AOCC;author average of B1/B2 GTO bases,5.1e−03,epsilon=abs(sigma_B1-sigma_B2)/sigma_average;dimensionless convergence diagnostic;not Gaussian uncertainty,LITERATURE_SUPPORTED,PDF10_11_VISUAL_PLUS_TWO_TEXT_PARSERS_ALL_TOKENS_MATCH,NATIVE_VELOCITY_ONLY;NO_EXACT_KEVU_ROW_ASSERTED;G1_NOT_AUTHORIZED,NOT_RUN,NOT_RUN,NOT_RUN
P09,10.1016/j.adt.2019.05.002,papers/published/P09/1-s2.0-S0092640X19300191-main.pdf,a1d662ab0f5689eb99fa3046047139bcf679ab5b512616bcc3790f92f90a9fbf,11,11,30,0.2,4d,,,0.2,atomic_unit_of_velocity,relative_projectile_target_velocity;target-rest electronic representation;no_energy_adapter,NOT_EXPLICITLY_ASSIGNED,He2+,H(2s),He+(4d),electron_capture_cross_section,1.479e+01,10^-16 cm^2,AOCC;author average of B1/B2 GTO bases,1.4e−01,epsilon=abs(sigma_B1-sigma_B2)/sigma_average;dimensionless convergence diagnostic;not Gaussian uncertainty,LITERATURE_SUPPORTED,PDF10_11_VISUAL_PLUS_TWO_TEXT_PARSERS_ALL_TOKENS_MATCH,NATIVE_VELOCITY_ONLY;NO_EXACT_KEVU_ROW_ASSERTED;G1_NOT_AUTHORIZED,NOT_RUN,NOT_RUN,NOT_RUN
P09,10.1016/j.adt.2019.05.002,papers/published/P09/1-s2.0-S0092640X19300191-main.pdf,a1d662ab0f5689eb99fa3046047139bcf679ab5b512616bcc3790f92f90a9fbf,11,11,30,0.2,5d,,,0.2,atomic_unit_of_velocity,relative_projectile_target_velocity;target-rest electronic representation;no_energy_adapter,NOT_EXPLICITLY_ASSIGNED,He2+,H(2s),He+(5d),electron_capture_cross_section,2.785e+00,10^-16 cm^2,AOCC;author average of B1/B2 GTO bases,5.9e−01,epsilon=abs(sigma_B1-sigma_B2)/sigma_average;dimensionless convergence diagnostic;not Gaussian uncertainty,LITERATURE_SUPPORTED,PDF10_11_VISUAL_PLUS_TWO_TEXT_PARSERS_ALL_TOKENS_MATCH,NATIVE_VELOCITY_ONLY;NO_EXACT_KEVU_ROW_ASSERTED;G1_NOT_AUTHORIZED,NOT_RUN,NOT_RUN,NOT_RUN
P09,10.1016/j.adt.2019.05.002,papers/published/P09/1-s2.0-S0092640X19300191-main.pdf,a1d662ab0f5689eb99fa3046047139bcf679ab5b512616bcc3790f92f90a9fbf,11,11,30,0.2,4f,,,0.2,atomic_unit_of_velocity,relative_projectile_target_velocity;target-rest electronic representation;no_energy_adapter,NOT_EXPLICITLY_ASSIGNED,He2+,H(2s),He+(4f),electron_capture_cross_section,9.822e+00,10^-16 cm^2,AOCC;author average of B1/B2 GTO bases,2.7e−01,epsilon=abs(sigma_B1-sigma_B2)/sigma_average;dimensionless convergence diagnostic;not Gaussian uncertainty,LITERATURE_SUPPORTED,PDF10_11_VISUAL_PLUS_TWO_TEXT_PARSERS_ALL_TOKENS_MATCH,NATIVE_VELOCITY_ONLY;NO_EXACT_KEVU_ROW_ASSERTED;G1_NOT_AUTHORIZED,NOT_RUN,NOT_RUN,NOT_RUN
P09,10.1016/j.adt.2019.05.002,papers/published/P09/1-s2.0-S0092640X19300191-main.pdf,a1d662ab0f5689eb99fa3046047139bcf679ab5b512616bcc3790f92f90a9fbf,11,11,30,0.2,5f,,,0.2,atomic_unit_of_velocity,relative_projectile_target_velocity;target-rest electronic representation;no_energy_adapter,NOT_EXPLICITLY_ASSIGNED,He2+,H(2s),He+(5f),electron_capture_cross_section,3.561e+00,10^-16 cm^2,AOCC;author average of B1/B2 GTO bases,3.8e−01,epsilon=abs(sigma_B1-sigma_B2)/sigma_average;dimensionless convergence diagnostic;not Gaussian uncertainty,LITERATURE_SUPPORTED,PDF10_11_VISUAL_PLUS_TWO_TEXT_PARSERS_ALL_TOKENS_MATCH,NATIVE_VELOCITY_ONLY;NO_EXACT_KEVU_ROW_ASSERTED;G1_NOT_AUTHORIZED,NOT_RUN,NOT_RUN,NOT_RUN
P09,10.1016/j.adt.2019.05.002,papers/published/P09/1-s2.0-S0092640X19300191-main.pdf,a1d662ab0f5689eb99fa3046047139bcf679ab5b512616bcc3790f92f90a9fbf,11,11,30,0.2,5g,,,0.2,atomic_unit_of_velocity,relative_projectile_target_velocity;target-rest electronic representation;no_energy_adapter,NOT_EXPLICITLY_ASSIGNED,He2+,H(2s),He+(5g),electron_capture_cross_section,1.085e+00,10^-16 cm^2,AOCC;author average of B1/B2 GTO bases,6.1e−01,epsilon=abs(sigma_B1-sigma_B2)/sigma_average;dimensionless convergence diagnostic;not Gaussian uncertainty,LITERATURE_SUPPORTED,PDF10_11_VISUAL_PLUS_TWO_TEXT_PARSERS_ALL_TOKENS_MATCH,NATIVE_VELOCITY_ONLY;NO_EXACT_KEVU_ROW_ASSERTED;G1_NOT_AUTHORIZED,NOT_RUN,NOT_RUN,NOT_RUN
P09,10.1016/j.adt.2019.05.002,papers/published/P09/1-s2.0-S0092640X19300191-main.pdf,a1d662ab0f5689eb99fa3046047139bcf679ab5b512616bcc3790f92f90a9fbf,11,11,30,0.4,4d,,,0.4,atomic_unit_of_velocity,relative_projectile_target_velocity;target-rest electronic representation;no_energy_adapter,NOT_EXPLICITLY_ASSIGNED,He2+,H(2s),He+(4d),electron_capture_cross_section,2.164e+01,10^-16 cm^2,AOCC;author average of B1/B2 GTO bases,3.8e−02,epsilon=abs(sigma_B1-sigma_B2)/sigma_average;dimensionless convergence diagnostic;not Gaussian uncertainty,LITERATURE_SUPPORTED,PDF10_11_VISUAL_PLUS_TWO_TEXT_PARSERS_ALL_TOKENS_MATCH,NATIVE_VELOCITY_ONLY;NO_EXACT_KEVU_ROW_ASSERTED;G1_NOT_AUTHORIZED,NOT_RUN,NOT_RUN,NOT_RUN
P09,10.1016/j.adt.2019.05.002,papers/published/P09/1-s2.0-S0092640X19300191-main.pdf,a1d662ab0f5689eb99fa3046047139bcf679ab5b512616bcc3790f92f90a9fbf,11,11,30,0.4,5d,,,0.4,atomic_unit_of_velocity,relative_projectile_target_velocity;target-rest electronic representation;no_energy_adapter,NOT_EXPLICITLY_ASSIGNED,He2+,H(2s),He+(5d),electron_capture_cross_section,6.409e+00,10^-16 cm^2,AOCC;author average of B1/B2 GTO bases,8.8e−02,epsilon=abs(sigma_B1-sigma_B2)/sigma_average;dimensionless convergence diagnostic;not Gaussian uncertainty,LITERATURE_SUPPORTED,PDF10_11_VISUAL_PLUS_TWO_TEXT_PARSERS_ALL_TOKENS_MATCH,NATIVE_VELOCITY_ONLY;NO_EXACT_KEVU_ROW_ASSERTED;G1_NOT_AUTHORIZED,NOT_RUN,NOT_RUN,NOT_RUN
P09,10.1016/j.adt.2019.05.002,papers/published/P09/1-s2.0-S0092640X19300191-main.pdf,a1d662ab0f5689eb99fa3046047139bcf679ab5b512616bcc3790f92f90a9fbf,11,11,30,0.4,4f,,,0.4,atomic_unit_of_velocity,relative_projectile_target_velocity;target-rest electronic representation;no_energy_adapter,NOT_EXPLICITLY_ASSIGNED,He2+,H(2s),He+(4f),electron_capture_cross_section,1.875e+01,10^-16 cm^2,AOCC;author average of B1/B2 GTO bases,2.6e−02,epsilon=abs(sigma_B1-sigma_B2)/sigma_average;dimensionless convergence diagnostic;not Gaussian uncertainty,LITERATURE_SUPPORTED,PDF10_11_VISUAL_PLUS_TWO_TEXT_PARSERS_ALL_TOKENS_MATCH,NATIVE_VELOCITY_ONLY;NO_EXACT_KEVU_ROW_ASSERTED;G1_NOT_AUTHORIZED,NOT_RUN,NOT_RUN,NOT_RUN
P09,10.1016/j.adt.2019.05.002,papers/published/P09/1-s2.0-S0092640X19300191-main.pdf,a1d662ab0f5689eb99fa3046047139bcf679ab5b512616bcc3790f92f90a9fbf,11,11,30,0.4,5f,,,0.4,atomic_unit_of_velocity,relative_projectile_target_velocity;target-rest electronic representation;no_energy_adapter,NOT_EXPLICITLY_ASSIGNED,He2+,H(2s),He+(5f),electron_capture_cross_section,8.195e+00,10^-16 cm^2,AOCC;author average of B1/B2 GTO bases,6.2e−02,epsilon=abs(sigma_B1-sigma_B2)/sigma_average;dimensionless convergence diagnostic;not Gaussian uncertainty,LITERATURE_SUPPORTED,PDF10_11_VISUAL_PLUS_TWO_TEXT_PARSERS_ALL_TOKENS_MATCH,NATIVE_VELOCITY_ONLY;NO_EXACT_KEVU_ROW_ASSERTED;G1_NOT_AUTHORIZED,NOT_RUN,NOT_RUN,NOT_RUN
P09,10.1016/j.adt.2019.05.002,papers/published/P09/1-s2.0-S0092640X19300191-main.pdf,a1d662ab0f5689eb99fa3046047139bcf679ab5b512616bcc3790f92f90a9fbf,11,11,30,0.4,5g,,,0.4,atomic_unit_of_velocity,relative_projectile_target_velocity;target-rest electronic representation;no_energy_adapter,NOT_EXPLICITLY_ASSIGNED,He2+,H(2s),He+(5g),electron_capture_cross_section,5.124e+00,10^-16 cm^2,AOCC;author average of B1/B2 GTO bases,8.5e−03,epsilon=abs(sigma_B1-sigma_B2)/sigma_average;dimensionless convergence diagnostic;not Gaussian uncertainty,LITERATURE_SUPPORTED,PDF10_11_VISUAL_PLUS_TWO_TEXT_PARSERS_ALL_TOKENS_MATCH,NATIVE_VELOCITY_ONLY;NO_EXACT_KEVU_ROW_ASSERTED;G1_NOT_AUTHORIZED,NOT_RUN,NOT_RUN,NOT_RUN
P09,10.1016/j.adt.2019.05.002,papers/published/P09/1-s2.0-S0092640X19300191-main.pdf,a1d662ab0f5689eb99fa3046047139bcf679ab5b512616bcc3790f92f90a9fbf,11,11,30,0.6,4d,,,0.6,atomic_unit_of_velocity,relative_projectile_target_velocity;target-rest electronic representation;no_energy_adapter,NOT_EXPLICITLY_ASSIGNED,He2+,H(2s),He+(4d),electron_capture_cross_section,6.565e+00,10^-16 cm^2,AOCC;author average of B1/B2 GTO bases,3.1e−02,epsilon=abs(sigma_B1-sigma_B2)/sigma_average;dimensionless convergence diagnostic;not Gaussian uncertainty,LITERATURE_SUPPORTED,PDF10_11_VISUAL_PLUS_TWO_TEXT_PARSERS_ALL_TOKENS_MATCH,NATIVE_VELOCITY_ONLY;NO_EXACT_KEVU_ROW_ASSERTED;G1_NOT_AUTHORIZED,NOT_RUN,NOT_RUN,NOT_RUN
P09,10.1016/j.adt.2019.05.002,papers/published/P09/1-s2.0-S0092640X19300191-main.pdf,a1d662ab0f5689eb99fa3046047139bcf679ab5b512616bcc3790f92f90a9fbf,11,11,30,0.6,5d,,,0.6,atomic_unit_of_velocity,relative_projectile_target_velocity;target-rest electronic representation;no_energy_adapter,NOT_EXPLICITLY_ASSIGNED,He2+,H(2s),He+(5d),electron_capture_cross_section,4.707e+00,10^-16 cm^2,AOCC;author average of B1/B2 GTO bases,1.3e−01,epsilon=abs(sigma_B1-sigma_B2)/sigma_average;dimensionless convergence diagnostic;not Gaussian uncertainty,LITERATURE_SUPPORTED,PDF10_11_VISUAL_PLUS_TWO_TEXT_PARSERS_ALL_TOKENS_MATCH,NATIVE_VELOCITY_ONLY;NO_EXACT_KEVU_ROW_ASSERTED;G1_NOT_AUTHORIZED,NOT_RUN,NOT_RUN,NOT_RUN
P09,10.1016/j.adt.2019.05.002,papers/published/P09/1-s2.0-S0092640X19300191-main.pdf,a1d662ab0f5689eb99fa3046047139bcf679ab5b512616bcc3790f92f90a9fbf,11,11,30,0.6,4f,,,0.6,atomic_unit_of_velocity,relative_projectile_target_velocity;target-rest electronic representation;no_energy_adapter,NOT_EXPLICITLY_ASSIGNED,He2+,H(2s),He+(4f),electron_capture_cross_section,4.567e+00,10^-16 cm^2,AOCC;author average of B1/B2 GTO bases,6.5e−02,epsilon=abs(sigma_B1-sigma_B2)/sigma_average;dimensionless convergence diagnostic;not Gaussian uncertainty,LITERATURE_SUPPORTED,PDF10_11_VISUAL_PLUS_TWO_TEXT_PARSERS_ALL_TOKENS_MATCH,NATIVE_VELOCITY_ONLY;NO_EXACT_KEVU_ROW_ASSERTED;G1_NOT_AUTHORIZED,NOT_RUN,NOT_RUN,NOT_RUN
P09,10.1016/j.adt.2019.05.002,papers/published/P09/1-s2.0-S0092640X19300191-main.pdf,a1d662ab0f5689eb99fa3046047139bcf679ab5b512616bcc3790f92f90a9fbf,11,11,30,0.6,5f,,,0.6,atomic_unit_of_velocity,relative_projectile_target_velocity;target-rest electronic representation;no_energy_adapter,NOT_EXPLICITLY_ASSIGNED,He2+,H(2s),He+(5f),electron_capture_cross_section,2.874e+00,10^-16 cm^2,AOCC;author average of B1/B2 GTO bases,5.6e−02,epsilon=abs(sigma_B1-sigma_B2)/sigma_average;dimensionless convergence diagnostic;not Gaussian uncertainty,LITERATURE_SUPPORTED,PDF10_11_VISUAL_PLUS_TWO_TEXT_PARSERS_ALL_TOKENS_MATCH,NATIVE_VELOCITY_ONLY;NO_EXACT_KEVU_ROW_ASSERTED;G1_NOT_AUTHORIZED,NOT_RUN,NOT_RUN,NOT_RUN
P09,10.1016/j.adt.2019.05.002,papers/published/P09/1-s2.0-S0092640X19300191-main.pdf,a1d662ab0f5689eb99fa3046047139bcf679ab5b512616bcc3790f92f90a9fbf,11,11,30,0.6,5g,,,0.6,atomic_unit_of_velocity,relative_projectile_target_velocity;target-rest electronic representation;no_energy_adapter,NOT_EXPLICITLY_ASSIGNED,He2+,H(2s),He+(5g),electron_capture_cross_section,9.761e−01,10^-16 cm^2,AOCC;author average of B1/B2 GTO bases,1.6e−01,epsilon=abs(sigma_B1-sigma_B2)/sigma_average;dimensionless convergence diagnostic;not Gaussian uncertainty,LITERATURE_SUPPORTED,PDF10_11_VISUAL_PLUS_TWO_TEXT_PARSERS_ALL_TOKENS_MATCH,NATIVE_VELOCITY_ONLY;NO_EXACT_KEVU_ROW_ASSERTED;G1_NOT_AUTHORIZED,NOT_RUN,NOT_RUN,NOT_RUN
P09,10.1016/j.adt.2019.05.002,papers/published/P09/1-s2.0-S0092640X19300191-main.pdf,a1d662ab0f5689eb99fa3046047139bcf679ab5b512616bcc3790f92f90a9fbf,11,11,30,0.8,4d,,,0.8,atomic_unit_of_velocity,relative_projectile_target_velocity;target-rest electronic representation;no_energy_adapter,NOT_EXPLICITLY_ASSIGNED,He2+,H(2s),He+(4d),electron_capture_cross_section,2.144e+00,10^-16 cm^2,AOCC;author average of B1/B2 GTO bases,9.9e−03,epsilon=abs(sigma_B1-sigma_B2)/sigma_average;dimensionless convergence diagnostic;not Gaussian uncertainty,LITERATURE_SUPPORTED,PDF10_11_VISUAL_PLUS_TWO_TEXT_PARSERS_ALL_TOKENS_MATCH,NATIVE_VELOCITY_ONLY;NO_EXACT_KEVU_ROW_ASSERTED;G1_NOT_AUTHORIZED,NOT_RUN,NOT_RUN,NOT_RUN
P09,10.1016/j.adt.2019.05.002,papers/published/P09/1-s2.0-S0092640X19300191-main.pdf,a1d662ab0f5689eb99fa3046047139bcf679ab5b512616bcc3790f92f90a9fbf,11,11,30,0.8,5d,,,0.8,atomic_unit_of_velocity,relative_projectile_target_velocity;target-rest electronic representation;no_energy_adapter,NOT_EXPLICITLY_ASSIGNED,He2+,H(2s),He+(5d),electron_capture_cross_section,7.626e−01,10^-16 cm^2,AOCC;author average of B1/B2 GTO bases,2.5e−01,epsilon=abs(sigma_B1-sigma_B2)/sigma_average;dimensionless convergence diagnostic;not Gaussian uncertainty,LITERATURE_SUPPORTED,PDF10_11_VISUAL_PLUS_TWO_TEXT_PARSERS_ALL_TOKENS_MATCH,NATIVE_VELOCITY_ONLY;NO_EXACT_KEVU_ROW_ASSERTED;G1_NOT_AUTHORIZED,NOT_RUN,NOT_RUN,NOT_RUN
P09,10.1016/j.adt.2019.05.002,papers/published/P09/1-s2.0-S0092640X19300191-main.pdf,a1d662ab0f5689eb99fa3046047139bcf679ab5b512616bcc3790f92f90a9fbf,11,11,30,0.8,4f,,,0.8,atomic_unit_of_velocity,relative_projectile_target_velocity;target-rest electronic representation;no_energy_adapter,NOT_EXPLICITLY_ASSIGNED,He2+,H(2s),He+(4f),electron_capture_cross_section,1.020e+00,10^-16 cm^2,AOCC;author average of B1/B2 GTO bases,7.3e−02,epsilon=abs(sigma_B1-sigma_B2)/sigma_average;dimensionless convergence diagnostic;not Gaussian uncertainty,LITERATURE_SUPPORTED,PDF10_11_VISUAL_PLUS_TWO_TEXT_PARSERS_ALL_TOKENS_MATCH,NATIVE_VELOCITY_ONLY;NO_EXACT_KEVU_ROW_ASSERTED;G1_NOT_AUTHORIZED,NOT_RUN,NOT_RUN,NOT_RUN
P09,10.1016/j.adt.2019.05.002,papers/published/P09/1-s2.0-S0092640X19300191-main.pdf,a1d662ab0f5689eb99fa3046047139bcf679ab5b512616bcc3790f92f90a9fbf,11,11,30,0.8,5f,,,0.8,atomic_unit_of_velocity,relative_projectile_target_velocity;target-rest electronic representation;no_energy_adapter,NOT_EXPLICITLY_ASSIGNED,He2+,H(2s),He+(5f),electron_capture_cross_section,4.595e−01,10^-16 cm^2,AOCC;author average of B1/B2 GTO bases,2.2e−01,epsilon=abs(sigma_B1-sigma_B2)/sigma_average;dimensionless convergence diagnostic;not Gaussian uncertainty,LITERATURE_SUPPORTED,PDF10_11_VISUAL_PLUS_TWO_TEXT_PARSERS_ALL_TOKENS_MATCH,NATIVE_VELOCITY_ONLY;NO_EXACT_KEVU_ROW_ASSERTED;G1_NOT_AUTHORIZED,NOT_RUN,NOT_RUN,NOT_RUN
P09,10.1016/j.adt.2019.05.002,papers/published/P09/1-s2.0-S0092640X19300191-main.pdf,a1d662ab0f5689eb99fa3046047139bcf679ab5b512616bcc3790f92f90a9fbf,11,11,30,0.8,5g,,,0.8,atomic_unit_of_velocity,relative_projectile_target_velocity;target-rest electronic representation;no_energy_adapter,NOT_EXPLICITLY_ASSIGNED,He2+,H(2s),He+(5g),electron_capture_cross_section,1.387e−01,10^-16 cm^2,AOCC;author average of B1/B2 GTO bases,8.6e−02,epsilon=abs(sigma_B1-sigma_B2)/sigma_average;dimensionless convergence diagnostic;not Gaussian uncertainty,LITERATURE_SUPPORTED,PDF10_11_VISUAL_PLUS_TWO_TEXT_PARSERS_ALL_TOKENS_MATCH,NATIVE_VELOCITY_ONLY;NO_EXACT_KEVU_ROW_ASSERTED;G1_NOT_AUTHORIZED,NOT_RUN,NOT_RUN,NOT_RUN
P09,10.1016/j.adt.2019.05.002,papers/published/P09/1-s2.0-S0092640X19300191-main.pdf,a1d662ab0f5689eb99fa3046047139bcf679ab5b512616bcc3790f92f90a9fbf,11,11,30,1,4d,,,1,atomic_unit_of_velocity,relative_projectile_target_velocity;target-rest electronic representation;no_energy_adapter,NOT_EXPLICITLY_ASSIGNED,He2+,H(2s),He+(4d),electron_capture_cross_section,9.408e−01,10^-16 cm^2,AOCC;author average of B1/B2 GTO bases,1.5e−03,epsilon=abs(sigma_B1-sigma_B2)/sigma_average;dimensionless convergence diagnostic;not Gaussian uncertainty,LITERATURE_SUPPORTED,PDF10_11_VISUAL_PLUS_TWO_TEXT_PARSERS_ALL_TOKENS_MATCH,NATIVE_VELOCITY_ONLY;NO_EXACT_KEVU_ROW_ASSERTED;G1_NOT_AUTHORIZED,NOT_RUN,NOT_RUN,NOT_RUN
P09,10.1016/j.adt.2019.05.002,papers/published/P09/1-s2.0-S0092640X19300191-main.pdf,a1d662ab0f5689eb99fa3046047139bcf679ab5b512616bcc3790f92f90a9fbf,11,11,30,1,5d,,,1,atomic_unit_of_velocity,relative_projectile_target_velocity;target-rest electronic representation;no_energy_adapter,NOT_EXPLICITLY_ASSIGNED,He2+,H(2s),He+(5d),electron_capture_cross_section,4.135e−01,10^-16 cm^2,AOCC;author average of B1/B2 GTO bases,2.0e−01,epsilon=abs(sigma_B1-sigma_B2)/sigma_average;dimensionless convergence diagnostic;not Gaussian uncertainty,LITERATURE_SUPPORTED,PDF10_11_VISUAL_PLUS_TWO_TEXT_PARSERS_ALL_TOKENS_MATCH,NATIVE_VELOCITY_ONLY;NO_EXACT_KEVU_ROW_ASSERTED;G1_NOT_AUTHORIZED,NOT_RUN,NOT_RUN,NOT_RUN
P09,10.1016/j.adt.2019.05.002,papers/published/P09/1-s2.0-S0092640X19300191-main.pdf,a1d662ab0f5689eb99fa3046047139bcf679ab5b512616bcc3790f92f90a9fbf,11,11,30,1,4f,,,1,atomic_unit_of_velocity,relative_projectile_target_velocity;target-rest electronic representation;no_energy_adapter,NOT_EXPLICITLY_ASSIGNED,He2+,H(2s),He+(4f),electron_capture_cross_section,4.546e−01,10^-16 cm^2,AOCC;author average of B1/B2 GTO bases,4.7e−03,epsilon=abs(sigma_B1-sigma_B2)/sigma_average;dimensionless convergence diagnostic;not Gaussian uncertainty,LITERATURE_SUPPORTED,PDF10_11_VISUAL_PLUS_TWO_TEXT_PARSERS_ALL_TOKENS_MATCH,NATIVE_VELOCITY_ONLY;NO_EXACT_KEVU_ROW_ASSERTED;G1_NOT_AUTHORIZED,NOT_RUN,NOT_RUN,NOT_RUN
P09,10.1016/j.adt.2019.05.002,papers/published/P09/1-s2.0-S0092640X19300191-main.pdf,a1d662ab0f5689eb99fa3046047139bcf679ab5b512616bcc3790f92f90a9fbf,11,11,30,1,5f,,,1,atomic_unit_of_velocity,relative_projectile_target_velocity;target-rest electronic representation;no_energy_adapter,NOT_EXPLICITLY_ASSIGNED,He2+,H(2s),He+(5f),electron_capture_cross_section,2.732e−01,10^-16 cm^2,AOCC;author average of B1/B2 GTO bases,3.5e−01,epsilon=abs(sigma_B1-sigma_B2)/sigma_average;dimensionless convergence diagnostic;not Gaussian uncertainty,LITERATURE_SUPPORTED,PDF10_11_VISUAL_PLUS_TWO_TEXT_PARSERS_ALL_TOKENS_MATCH,NATIVE_VELOCITY_ONLY;NO_EXACT_KEVU_ROW_ASSERTED;G1_NOT_AUTHORIZED,NOT_RUN,NOT_RUN,NOT_RUN
P09,10.1016/j.adt.2019.05.002,papers/published/P09/1-s2.0-S0092640X19300191-main.pdf,a1d662ab0f5689eb99fa3046047139bcf679ab5b512616bcc3790f92f90a9fbf,11,11,30,1,5g,,,1,atomic_unit_of_velocity,relative_projectile_target_velocity;target-rest electronic representation;no_energy_adapter,NOT_EXPLICITLY_ASSIGNED,He2+,H(2s),He+(5g),electron_capture_cross_section,5.039e−02,10^-16 cm^2,AOCC;author average of B1/B2 GTO bases,6.0e−02,epsilon=abs(sigma_B1-sigma_B2)/sigma_average;dimensionless convergence diagnostic;not Gaussian uncertainty,LITERATURE_SUPPORTED,PDF10_11_VISUAL_PLUS_TWO_TEXT_PARSERS_ALL_TOKENS_MATCH,NATIVE_VELOCITY_ONLY;NO_EXACT_KEVU_ROW_ASSERTED;G1_NOT_AUTHORIZED,NOT_RUN,NOT_RUN,NOT_RUN
P09,10.1016/j.adt.2019.05.002,papers/published/P09/1-s2.0-S0092640X19300191-main.pdf,a1d662ab0f5689eb99fa3046047139bcf679ab5b512616bcc3790f92f90a9fbf,11,11,30,1.2,4d,,,1.2,atomic_unit_of_velocity,relative_projectile_target_velocity;target-rest electronic representation;no_energy_adapter,NOT_EXPLICITLY_ASSIGNED,He2+,H(2s),He+(4d),electron_capture_cross_section,3.138e−01,10^-16 cm^2,AOCC;author average of B1/B2 GTO bases,7.8e−02,epsilon=abs(sigma_B1-sigma_B2)/sigma_average;dimensionless convergence diagnostic;not Gaussian uncertainty,LITERATURE_SUPPORTED,PDF10_11_VISUAL_PLUS_TWO_TEXT_PARSERS_ALL_TOKENS_MATCH,NATIVE_VELOCITY_ONLY;NO_EXACT_KEVU_ROW_ASSERTED;G1_NOT_AUTHORIZED,NOT_RUN,NOT_RUN,NOT_RUN
P09,10.1016/j.adt.2019.05.002,papers/published/P09/1-s2.0-S0092640X19300191-main.pdf,a1d662ab0f5689eb99fa3046047139bcf679ab5b512616bcc3790f92f90a9fbf,11,11,30,1.2,5d,,,1.2,atomic_unit_of_velocity,relative_projectile_target_velocity;target-rest electronic representation;no_energy_adapter,NOT_EXPLICITLY_ASSIGNED,He2+,H(2s),He+(5d),electron_capture_cross_section,1.728e−01,10^-16 cm^2,AOCC;author average of B1/B2 GTO bases,3.0e−02,epsilon=abs(sigma_B1-sigma_B2)/sigma_average;dimensionless convergence diagnostic;not Gaussian uncertainty,LITERATURE_SUPPORTED,PDF10_11_VISUAL_PLUS_TWO_TEXT_PARSERS_ALL_TOKENS_MATCH,NATIVE_VELOCITY_ONLY;NO_EXACT_KEVU_ROW_ASSERTED;G1_NOT_AUTHORIZED,NOT_RUN,NOT_RUN,NOT_RUN
P09,10.1016/j.adt.2019.05.002,papers/published/P09/1-s2.0-S0092640X19300191-main.pdf,a1d662ab0f5689eb99fa3046047139bcf679ab5b512616bcc3790f92f90a9fbf,11,11,30,1.2,4f,,,1.2,atomic_unit_of_velocity,relative_projectile_target_velocity;target-rest electronic representation;no_energy_adapter,NOT_EXPLICITLY_ASSIGNED,He2+,H(2s),He+(4f),electron_capture_cross_section,1.238e−01,10^-16 cm^2,AOCC;author average of B1/B2 GTO bases,6.8e−02,epsilon=abs(sigma_B1-sigma_B2)/sigma_average;dimensionless convergence diagnostic;not Gaussian uncertainty,LITERATURE_SUPPORTED,PDF10_11_VISUAL_PLUS_TWO_TEXT_PARSERS_ALL_TOKENS_MATCH,NATIVE_VELOCITY_ONLY;NO_EXACT_KEVU_ROW_ASSERTED;G1_NOT_AUTHORIZED,NOT_RUN,NOT_RUN,NOT_RUN
P09,10.1016/j.adt.2019.05.002,papers/published/P09/1-s2.0-S0092640X19300191-main.pdf,a1d662ab0f5689eb99fa3046047139bcf679ab5b512616bcc3790f92f90a9fbf,11,11,30,1.2,5f,,,1.2,atomic_unit_of_velocity,relative_projectile_target_velocity;target-rest electronic representation;no_energy_adapter,NOT_EXPLICITLY_ASSIGNED,He2+,H(2s),He+(5f),electron_capture_cross_section,9.034e−02,10^-16 cm^2,AOCC;author average of B1/B2 GTO bases,3.2e−01,epsilon=abs(sigma_B1-sigma_B2)/sigma_average;dimensionless convergence diagnostic;not Gaussian uncertainty,LITERATURE_SUPPORTED,PDF10_11_VISUAL_PLUS_TWO_TEXT_PARSERS_ALL_TOKENS_MATCH,NATIVE_VELOCITY_ONLY;NO_EXACT_KEVU_ROW_ASSERTED;G1_NOT_AUTHORIZED,NOT_RUN,NOT_RUN,NOT_RUN
P09,10.1016/j.adt.2019.05.002,papers/published/P09/1-s2.0-S0092640X19300191-main.pdf,a1d662ab0f5689eb99fa3046047139bcf679ab5b512616bcc3790f92f90a9fbf,11,11,30,1.2,5g,,,1.2,atomic_unit_of_velocity,relative_projectile_target_velocity;target-rest electronic representation;no_energy_adapter,NOT_EXPLICITLY_ASSIGNED,He2+,H(2s),He+(5g),electron_capture_cross_section,1.361e−02,10^-16 cm^2,AOCC;author average of B1/B2 GTO bases,2.2e−01,epsilon=abs(sigma_B1-sigma_B2)/sigma_average;dimensionless convergence diagnostic;not Gaussian uncertainty,LITERATURE_SUPPORTED,PDF10_11_VISUAL_PLUS_TWO_TEXT_PARSERS_ALL_TOKENS_MATCH,NATIVE_VELOCITY_ONLY;NO_EXACT_KEVU_ROW_ASSERTED;G1_NOT_AUTHORIZED,NOT_RUN,NOT_RUN,NOT_RUN
P09,10.1016/j.adt.2019.05.002,papers/published/P09/1-s2.0-S0092640X19300191-main.pdf,a1d662ab0f5689eb99fa3046047139bcf679ab5b512616bcc3790f92f90a9fbf,11,11,30,1.4,4d,,,1.4,atomic_unit_of_velocity,relative_projectile_target_velocity;target-rest electronic representation;no_energy_adapter,NOT_EXPLICITLY_ASSIGNED,He2+,H(2s),He+(4d),electron_capture_cross_section,9.708e−02,10^-16 cm^2,AOCC;author average of B1/B2 GTO bases,4.5e−02,epsilon=abs(sigma_B1-sigma_B2)/sigma_average;dimensionless convergence diagnostic;not Gaussian uncertainty,LITERATURE_SUPPORTED,PDF10_11_VISUAL_PLUS_TWO_TEXT_PARSERS_ALL_TOKENS_MATCH,NATIVE_VELOCITY_ONLY;NO_EXACT_KEVU_ROW_ASSERTED;G1_NOT_AUTHORIZED,NOT_RUN,NOT_RUN,NOT_RUN
P09,10.1016/j.adt.2019.05.002,papers/published/P09/1-s2.0-S0092640X19300191-main.pdf,a1d662ab0f5689eb99fa3046047139bcf679ab5b512616bcc3790f92f90a9fbf,11,11,30,1.4,5d,,,1.4,atomic_unit_of_velocity,relative_projectile_target_velocity;target-rest electronic representation;no_energy_adapter,NOT_EXPLICITLY_ASSIGNED,He2+,H(2s),He+(5d),electron_capture_cross_section,5.988e−02,10^-16 cm^2,AOCC;author average of B1/B2 GTO bases,2.5e−01,epsilon=abs(sigma_B1-sigma_B2)/sigma_average;dimensionless convergence diagnostic;not Gaussian uncertainty,LITERATURE_SUPPORTED,PDF10_11_VISUAL_PLUS_TWO_TEXT_PARSERS_ALL_TOKENS_MATCH,NATIVE_VELOCITY_ONLY;NO_EXACT_KEVU_ROW_ASSERTED;G1_NOT_AUTHORIZED,NOT_RUN,NOT_RUN,NOT_RUN
P09,10.1016/j.adt.2019.05.002,papers/published/P09/1-s2.0-S0092640X19300191-main.pdf,a1d662ab0f5689eb99fa3046047139bcf679ab5b512616bcc3790f92f90a9fbf,11,11,30,1.4,4f,,,1.4,atomic_unit_of_velocity,relative_projectile_target_velocity;target-rest electronic representation;no_energy_adapter,NOT_EXPLICITLY_ASSIGNED,He2+,H(2s),He+(4f),electron_capture_cross_section,2.982e−02,10^-16 cm^2,AOCC;author average of B1/B2 GTO bases,1.6e−02,epsilon=abs(sigma_B1-sigma_B2)/sigma_average;dimensionless convergence diagnostic;not Gaussian uncertainty,LITERATURE_SUPPORTED,PDF10_11_VISUAL_PLUS_TWO_TEXT_PARSERS_ALL_TOKENS_MATCH,NATIVE_VELOCITY_ONLY;NO_EXACT_KEVU_ROW_ASSERTED;G1_NOT_AUTHORIZED,NOT_RUN,NOT_RUN,NOT_RUN
P09,10.1016/j.adt.2019.05.002,papers/published/P09/1-s2.0-S0092640X19300191-main.pdf,a1d662ab0f5689eb99fa3046047139bcf679ab5b512616bcc3790f92f90a9fbf,11,11,30,1.4,5f,,,1.4,atomic_unit_of_velocity,relative_projectile_target_velocity;target-rest electronic representation;no_energy_adapter,NOT_EXPLICITLY_ASSIGNED,He2+,H(2s),He+(5f),electron_capture_cross_section,2.472e−02,10^-16 cm^2,AOCC;author average of B1/B2 GTO bases,8.6e−02,epsilon=abs(sigma_B1-sigma_B2)/sigma_average;dimensionless convergence diagnostic;not Gaussian uncertainty,LITERATURE_SUPPORTED,PDF10_11_VISUAL_PLUS_TWO_TEXT_PARSERS_ALL_TOKENS_MATCH,NATIVE_VELOCITY_ONLY;NO_EXACT_KEVU_ROW_ASSERTED;G1_NOT_AUTHORIZED,NOT_RUN,NOT_RUN,NOT_RUN
P09,10.1016/j.adt.2019.05.002,papers/published/P09/1-s2.0-S0092640X19300191-main.pdf,a1d662ab0f5689eb99fa3046047139bcf679ab5b512616bcc3790f92f90a9fbf,11,11,30,1.4,5g,,,1.4,atomic_unit_of_velocity,relative_projectile_target_velocity;target-rest electronic representation;no_energy_adapter,NOT_EXPLICITLY_ASSIGNED,He2+,H(2s),He+(5g),electron_capture_cross_section,4.230e−03,10^-16 cm^2,AOCC;author average of B1/B2 GTO bases,4.3e−01,epsilon=abs(sigma_B1-sigma_B2)/sigma_average;dimensionless convergence diagnostic;not Gaussian uncertainty,LITERATURE_SUPPORTED,PDF10_11_VISUAL_PLUS_TWO_TEXT_PARSERS_ALL_TOKENS_MATCH,NATIVE_VELOCITY_ONLY;NO_EXACT_KEVU_ROW_ASSERTED;G1_NOT_AUTHORIZED,NOT_RUN,NOT_RUN,NOT_RUN
P09,10.1016/j.adt.2019.05.002,papers/published/P09/1-s2.0-S0092640X19300191-main.pdf,a1d662ab0f5689eb99fa3046047139bcf679ab5b512616bcc3790f92f90a9fbf,11,11,30,1.6,4d,,,1.6,atomic_unit_of_velocity,relative_projectile_target_velocity;target-rest electronic representation;no_energy_adapter,NOT_EXPLICITLY_ASSIGNED,He2+,H(2s),He+(4d),electron_capture_cross_section,3.028e−02,10^-16 cm^2,AOCC;author average of B1/B2 GTO bases,4.8e−02,epsilon=abs(sigma_B1-sigma_B2)/sigma_average;dimensionless convergence diagnostic;not Gaussian uncertainty,LITERATURE_SUPPORTED,PDF10_11_VISUAL_PLUS_TWO_TEXT_PARSERS_ALL_TOKENS_MATCH,NATIVE_VELOCITY_ONLY;NO_EXACT_KEVU_ROW_ASSERTED;G1_NOT_AUTHORIZED,NOT_RUN,NOT_RUN,NOT_RUN
P09,10.1016/j.adt.2019.05.002,papers/published/P09/1-s2.0-S0092640X19300191-main.pdf,a1d662ab0f5689eb99fa3046047139bcf679ab5b512616bcc3790f92f90a9fbf,11,11,30,1.6,5d,,,1.6,atomic_unit_of_velocity,relative_projectile_target_velocity;target-rest electronic representation;no_energy_adapter,NOT_EXPLICITLY_ASSIGNED,He2+,H(2s),He+(5d),electron_capture_cross_section,1.975e−02,10^-16 cm^2,AOCC;author average of B1/B2 GTO bases,3.6e−01,epsilon=abs(sigma_B1-sigma_B2)/sigma_average;dimensionless convergence diagnostic;not Gaussian uncertainty,LITERATURE_SUPPORTED,PDF10_11_VISUAL_PLUS_TWO_TEXT_PARSERS_ALL_TOKENS_MATCH,NATIVE_VELOCITY_ONLY;NO_EXACT_KEVU_ROW_ASSERTED;G1_NOT_AUTHORIZED,NOT_RUN,NOT_RUN,NOT_RUN
P09,10.1016/j.adt.2019.05.002,papers/published/P09/1-s2.0-S0092640X19300191-main.pdf,a1d662ab0f5689eb99fa3046047139bcf679ab5b512616bcc3790f92f90a9fbf,11,11,30,1.6,4f,,,1.6,atomic_unit_of_velocity,relative_projectile_target_velocity;target-rest electronic representation;no_energy_adapter,NOT_EXPLICITLY_ASSIGNED,He2+,H(2s),He+(4f),electron_capture_cross_section,7.346e−03,10^-16 cm^2,AOCC;author average of B1/B2 GTO bases,1.3e−03,epsilon=abs(sigma_B1-sigma_B2)/sigma_average;dimensionless convergence diagnostic;not Gaussian uncertainty,LITERATURE_SUPPORTED,PDF10_11_VISUAL_PLUS_TWO_TEXT_PARSERS_ALL_TOKENS_MATCH,NATIVE_VELOCITY_ONLY;NO_EXACT_KEVU_ROW_ASSERTED;G1_NOT_AUTHORIZED,NOT_RUN,NOT_RUN,NOT_RUN
P09,10.1016/j.adt.2019.05.002,papers/published/P09/1-s2.0-S0092640X19300191-main.pdf,a1d662ab0f5689eb99fa3046047139bcf679ab5b512616bcc3790f92f90a9fbf,11,11,30,1.6,5f,,,1.6,atomic_unit_of_velocity,relative_projectile_target_velocity;target-rest electronic representation;no_energy_adapter,NOT_EXPLICITLY_ASSIGNED,He2+,H(2s),He+(5f),electron_capture_cross_section,5.175e−03,10^-16 cm^2,AOCC;author average of B1/B2 GTO bases,5.2e−02,epsilon=abs(sigma_B1-sigma_B2)/sigma_average;dimensionless convergence diagnostic;not Gaussian uncertainty,LITERATURE_SUPPORTED,PDF10_11_VISUAL_PLUS_TWO_TEXT_PARSERS_ALL_TOKENS_MATCH,NATIVE_VELOCITY_ONLY;NO_EXACT_KEVU_ROW_ASSERTED;G1_NOT_AUTHORIZED,NOT_RUN,NOT_RUN,NOT_RUN
P09,10.1016/j.adt.2019.05.002,papers/published/P09/1-s2.0-S0092640X19300191-main.pdf,a1d662ab0f5689eb99fa3046047139bcf679ab5b512616bcc3790f92f90a9fbf,11,11,30,1.6,5g,,,1.6,atomic_unit_of_velocity,relative_projectile_target_velocity;target-rest electronic representation;no_energy_adapter,NOT_EXPLICITLY_ASSIGNED,He2+,H(2s),He+(5g),electron_capture_cross_section,1.267e−03,10^-16 cm^2,AOCC;author average of B1/B2 GTO bases,2.2e−01,epsilon=abs(sigma_B1-sigma_B2)/sigma_average;dimensionless convergence diagnostic;not Gaussian uncertainty,LITERATURE_SUPPORTED,PDF10_11_VISUAL_PLUS_TWO_TEXT_PARSERS_ALL_TOKENS_MATCH,NATIVE_VELOCITY_ONLY;NO_EXACT_KEVU_ROW_ASSERTED;G1_NOT_AUTHORIZED,NOT_RUN,NOT_RUN,NOT_RUN
P09,10.1016/j.adt.2019.05.002,papers/published/P09/1-s2.0-S0092640X19300191-main.pdf,a1d662ab0f5689eb99fa3046047139bcf679ab5b512616bcc3790f92f90a9fbf,11,11,30,1.8,4d,,,1.8,atomic_unit_of_velocity,relative_projectile_target_velocity;target-rest electronic representation;no_energy_adapter,NOT_EXPLICITLY_ASSIGNED,He2+,H(2s),He+(4d),electron_capture_cross_section,9.985e−03,10^-16 cm^2,AOCC;author average of B1/B2 GTO bases,1.0e−01,epsilon=abs(sigma_B1-sigma_B2)/sigma_average;dimensionless convergence diagnostic;not Gaussian uncertainty,LITERATURE_SUPPORTED,PDF10_11_VISUAL_PLUS_TWO_TEXT_PARSERS_ALL_TOKENS_MATCH,NATIVE_VELOCITY_ONLY;NO_EXACT_KEVU_ROW_ASSERTED;G1_NOT_AUTHORIZED,NOT_RUN,NOT_RUN,NOT_RUN
P09,10.1016/j.adt.2019.05.002,papers/published/P09/1-s2.0-S0092640X19300191-main.pdf,a1d662ab0f5689eb99fa3046047139bcf679ab5b512616bcc3790f92f90a9fbf,11,11,30,1.8,5d,,,1.8,atomic_unit_of_velocity,relative_projectile_target_velocity;target-rest electronic representation;no_energy_adapter,NOT_EXPLICITLY_ASSIGNED,He2+,H(2s),He+(5d),electron_capture_cross_section,6.575e−03,10^-16 cm^2,AOCC;author average of B1/B2 GTO bases,2.1e−01,epsilon=abs(sigma_B1-sigma_B2)/sigma_average;dimensionless convergence diagnostic;not Gaussian uncertainty,LITERATURE_SUPPORTED,PDF10_11_VISUAL_PLUS_TWO_TEXT_PARSERS_ALL_TOKENS_MATCH,NATIVE_VELOCITY_ONLY;NO_EXACT_KEVU_ROW_ASSERTED;G1_NOT_AUTHORIZED,NOT_RUN,NOT_RUN,NOT_RUN
P09,10.1016/j.adt.2019.05.002,papers/published/P09/1-s2.0-S0092640X19300191-main.pdf,a1d662ab0f5689eb99fa3046047139bcf679ab5b512616bcc3790f92f90a9fbf,11,11,30,1.8,4f,,,1.8,atomic_unit_of_velocity,relative_projectile_target_velocity;target-rest electronic representation;no_energy_adapter,NOT_EXPLICITLY_ASSIGNED,He2+,H(2s),He+(4f),electron_capture_cross_section,2.327e−03,10^-16 cm^2,AOCC;author average of B1/B2 GTO bases,2.2e−01,epsilon=abs(sigma_B1-sigma_B2)/sigma_average;dimensionless convergence diagnostic;not Gaussian uncertainty,LITERATURE_SUPPORTED,PDF10_11_VISUAL_PLUS_TWO_TEXT_PARSERS_ALL_TOKENS_MATCH,NATIVE_VELOCITY_ONLY;NO_EXACT_KEVU_ROW_ASSERTED;G1_NOT_AUTHORIZED,NOT_RUN,NOT_RUN,NOT_RUN
P09,10.1016/j.adt.2019.05.002,papers/published/P09/1-s2.0-S0092640X19300191-main.pdf,a1d662ab0f5689eb99fa3046047139bcf679ab5b512616bcc3790f92f90a9fbf,11,11,30,1.8,5f,,,1.8,atomic_unit_of_velocity,relative_projectile_target_velocity;target-rest electronic representation;no_energy_adapter,NOT_EXPLICITLY_ASSIGNED,He2+,H(2s),He+(5f),electron_capture_cross_section,1.662e−03,10^-16 cm^2,AOCC;author average of B1/B2 GTO bases,2.3e−01,epsilon=abs(sigma_B1-sigma_B2)/sigma_average;dimensionless convergence diagnostic;not Gaussian uncertainty,LITERATURE_SUPPORTED,PDF10_11_VISUAL_PLUS_TWO_TEXT_PARSERS_ALL_TOKENS_MATCH,NATIVE_VELOCITY_ONLY;NO_EXACT_KEVU_ROW_ASSERTED;G1_NOT_AUTHORIZED,NOT_RUN,NOT_RUN,NOT_RUN
P09,10.1016/j.adt.2019.05.002,papers/published/P09/1-s2.0-S0092640X19300191-main.pdf,a1d662ab0f5689eb99fa3046047139bcf679ab5b512616bcc3790f92f90a9fbf,11,11,30,1.8,5g,,,1.8,atomic_unit_of_velocity,relative_projectile_target_velocity;target-rest electronic representation;no_energy_adapter,NOT_EXPLICITLY_ASSIGNED,He2+,H(2s),He+(5g),electron_capture_cross_section,5.765e−04,10^-16 cm^2,AOCC;author average of B1/B2 GTO bases,8.5e−01,epsilon=abs(sigma_B1-sigma_B2)/sigma_average;dimensionless convergence diagnostic;not Gaussian uncertainty,LITERATURE_SUPPORTED,PDF10_11_VISUAL_PLUS_TWO_TEXT_PARSERS_ALL_TOKENS_MATCH,NATIVE_VELOCITY_ONLY;NO_EXACT_KEVU_ROW_ASSERTED;G1_NOT_AUTHORIZED,NOT_RUN,NOT_RUN,NOT_RUN
P09,10.1016/j.adt.2019.05.002,papers/published/P09/1-s2.0-S0092640X19300191-main.pdf,a1d662ab0f5689eb99fa3046047139bcf679ab5b512616bcc3790f92f90a9fbf,11,11,30,2,4d,,,2,atomic_unit_of_velocity,relative_projectile_target_velocity;target-rest electronic representation;no_energy_adapter,NOT_EXPLICITLY_ASSIGNED,He2+,H(2s),He+(4d),electron_capture_cross_section,3.050e−03,10^-16 cm^2,AOCC;author average of B1/B2 GTO bases,5.5e−02,epsilon=abs(sigma_B1-sigma_B2)/sigma_average;dimensionless convergence diagnostic;not Gaussian uncertainty,LITERATURE_SUPPORTED,PDF10_11_VISUAL_PLUS_TWO_TEXT_PARSERS_ALL_TOKENS_MATCH,NATIVE_VELOCITY_ONLY;NO_EXACT_KEVU_ROW_ASSERTED;G1_NOT_AUTHORIZED,NOT_RUN,NOT_RUN,NOT_RUN
P09,10.1016/j.adt.2019.05.002,papers/published/P09/1-s2.0-S0092640X19300191-main.pdf,a1d662ab0f5689eb99fa3046047139bcf679ab5b512616bcc3790f92f90a9fbf,11,11,30,2,5d,,,2,atomic_unit_of_velocity,relative_projectile_target_velocity;target-rest electronic representation;no_energy_adapter,NOT_EXPLICITLY_ASSIGNED,He2+,H(2s),He+(5d),electron_capture_cross_section,2.093e−03,10^-16 cm^2,AOCC;author average of B1/B2 GTO bases,2.0e−01,epsilon=abs(sigma_B1-sigma_B2)/sigma_average;dimensionless convergence diagnostic;not Gaussian uncertainty,LITERATURE_SUPPORTED,PDF10_11_VISUAL_PLUS_TWO_TEXT_PARSERS_ALL_TOKENS_MATCH,NATIVE_VELOCITY_ONLY;NO_EXACT_KEVU_ROW_ASSERTED;G1_NOT_AUTHORIZED,NOT_RUN,NOT_RUN,NOT_RUN
P09,10.1016/j.adt.2019.05.002,papers/published/P09/1-s2.0-S0092640X19300191-main.pdf,a1d662ab0f5689eb99fa3046047139bcf679ab5b512616bcc3790f92f90a9fbf,11,11,30,2,4f,,,2,atomic_unit_of_velocity,relative_projectile_target_velocity;target-rest electronic representation;no_energy_adapter,NOT_EXPLICITLY_ASSIGNED,He2+,H(2s),He+(4f),electron_capture_cross_section,6.193e−04,10^-16 cm^2,AOCC;author average of B1/B2 GTO bases,2.9e−01,epsilon=abs(sigma_B1-sigma_B2)/sigma_average;dimensionless convergence diagnostic;not Gaussian uncertainty,LITERATURE_SUPPORTED,PDF10_11_VISUAL_PLUS_TWO_TEXT_PARSERS_ALL_TOKENS_MATCH,NATIVE_VELOCITY_ONLY;NO_EXACT_KEVU_ROW_ASSERTED;G1_NOT_AUTHORIZED,NOT_RUN,NOT_RUN,NOT_RUN
P09,10.1016/j.adt.2019.05.002,papers/published/P09/1-s2.0-S0092640X19300191-main.pdf,a1d662ab0f5689eb99fa3046047139bcf679ab5b512616bcc3790f92f90a9fbf,11,11,30,2,5f,,,2,atomic_unit_of_velocity,relative_projectile_target_velocity;target-rest electronic representation;no_energy_adapter,NOT_EXPLICITLY_ASSIGNED,He2+,H(2s),He+(5f),electron_capture_cross_section,4.384e−04,10^-16 cm^2,AOCC;author average of B1/B2 GTO bases,5.9e−02,epsilon=abs(sigma_B1-sigma_B2)/sigma_average;dimensionless convergence diagnostic;not Gaussian uncertainty,LITERATURE_SUPPORTED,PDF10_11_VISUAL_PLUS_TWO_TEXT_PARSERS_ALL_TOKENS_MATCH,NATIVE_VELOCITY_ONLY;NO_EXACT_KEVU_ROW_ASSERTED;G1_NOT_AUTHORIZED,NOT_RUN,NOT_RUN,NOT_RUN
P09,10.1016/j.adt.2019.05.002,papers/published/P09/1-s2.0-S0092640X19300191-main.pdf,a1d662ab0f5689eb99fa3046047139bcf679ab5b512616bcc3790f92f90a9fbf,11,11,30,2,5g,,,2,atomic_unit_of_velocity,relative_projectile_target_velocity;target-rest electronic representation;no_energy_adapter,NOT_EXPLICITLY_ASSIGNED,He2+,H(2s),He+(5g),electron_capture_cross_section,1.725e−04,10^-16 cm^2,AOCC;author average of B1/B2 GTO bases,1.1e−01,epsilon=abs(sigma_B1-sigma_B2)/sigma_average;dimensionless convergence diagnostic;not Gaussian uncertainty,LITERATURE_SUPPORTED,PDF10_11_VISUAL_PLUS_TWO_TEXT_PARSERS_ALL_TOKENS_MATCH,NATIVE_VELOCITY_ONLY;NO_EXACT_KEVU_ROW_ASSERTED;G1_NOT_AUTHORIZED,NOT_RUN,NOT_RUN,NOT_RUN
P04,10.1088/0953-4075/41/13/135201,papers/published/P04/Minami_2008_J._Phys._B__At._Mol._Opt._Phys._41_135201.pdf,de5057454e4eee37a030f6b1f7dee3fc3fe9e00a3739033d016c0584e33d3add,8,7,A3,1,LTDSE,5,keV/u,,,NATIVE_IMPACT_ENERGY_KEV_PER_U;LAB_VS_CM_NOT_EXPLICIT;NO_CONVERSION,alpha/4He context;H notD/T;exact nuclear masses unspecified,He2+,H nativeP04;H(1s) bound by P01 Liu2024 introduction cross-reference,He+(n=1);source-native shell,electron_capture_cross_section,1.95e-19,cm^2,LTDSE,,NO_TABLE_A3_PER_CELL_ERROR_COLUMN;method_difference_not_statistical_error,LITERATURE_SUPPORTED,ALL_A3_NONBLANK_CELLS_VISUALLY_VERIFIED,SOURCE_NATIVE_CELL_ONLY;G1_NOT_AUTHORIZED,NOT_RUN,NOT_RUN,NOT_RUN
P04,10.1088/0953-4075/41/13/135201,papers/published/P04/Minami_2008_J._Phys._B__At._Mol._Opt._Phys._41_135201.pdf,de5057454e4eee37a030f6b1f7dee3fc3fe9e00a3739033d016c0584e33d3add,8,7,A3,1,AOCC-A,5,keV/u,,,NATIVE_IMPACT_ENERGY_KEV_PER_U;LAB_VS_CM_NOT_EXPLICIT;NO_CONVERSION,alpha/4He context;H notD/T;exact nuclear masses unspecified,He2+,H nativeP04;H(1s) bound by P01 Liu2024 introduction cross-reference,He+(n=1);source-native shell,electron_capture_cross_section,2.55e-19,cm^2,AOCC-A;Toshima1995 NIFS-DATA-26 values imported by Minami2008,,NO_TABLE_A3_PER_CELL_ERROR_COLUMN;method_difference_not_statistical_error,LITERATURE_SUPPORTED,ALL_A3_NONBLANK_CELLS_VISUALLY_VERIFIED,SOURCE_NATIVE_CELL_ONLY;G1_NOT_AUTHORIZED,NOT_RUN,NOT_RUN,NOT_RUN
P04,10.1088/0953-4075/41/13/135201,papers/published/P04/Minami_2008_J._Phys._B__At._Mol._Opt._Phys._41_135201.pdf,de5057454e4eee37a030f6b1f7dee3fc3fe9e00a3739033d016c0584e33d3add,8,7,A3,1,AOCC-B,5,keV/u,,,NATIVE_IMPACT_ENERGY_KEV_PER_U;LAB_VS_CM_NOT_EXPLICIT;NO_CONVERSION,alpha/4He context;H notD/T;exact nuclear masses unspecified,He2+,H nativeP04;H(1s) bound by P01 Liu2024 introduction cross-reference,He+(n=1);source-native shell,electron_capture_cross_section,2.33e-19,cm^2,AOCC-B,,NO_TABLE_A3_PER_CELL_ERROR_COLUMN;method_difference_not_statistical_error,LITERATURE_SUPPORTED,ALL_A3_NONBLANK_CELLS_VISUALLY_VERIFIED,SOURCE_NATIVE_CELL_ONLY;G1_NOT_AUTHORIZED,NOT_RUN,NOT_RUN,NOT_RUN
P04,10.1088/0953-4075/41/13/135201,papers/published/P04/Minami_2008_J._Phys._B__At._Mol._Opt._Phys._41_135201.pdf,de5057454e4eee37a030f6b1f7dee3fc3fe9e00a3739033d016c0584e33d3add,8,7,A3,1,CTMC,5,keV/u,,,NATIVE_IMPACT_ENERGY_KEV_PER_U;LAB_VS_CM_NOT_EXPLICIT;NO_CONVERSION,alpha/4He context;H notD/T;exact nuclear masses unspecified,He2+,H nativeP04;H(1s) bound by P01 Liu2024 introduction cross-reference,He+(n=1);source-native shell,electron_capture_cross_section,3.20e-17,cm^2,CTMC,,NO_TABLE_A3_PER_CELL_ERROR_COLUMN;method_difference_not_statistical_error,LITERATURE_SUPPORTED,ALL_A3_NONBLANK_CELLS_VISUALLY_VERIFIED,SOURCE_NATIVE_CELL_ONLY;G1_NOT_AUTHORIZED,NOT_RUN,NOT_RUN,NOT_RUN
P04,10.1088/0953-4075/41/13/135201,papers/published/P04/Minami_2008_J._Phys._B__At._Mol._Opt._Phys._41_135201.pdf,de5057454e4eee37a030f6b1f7dee3fc3fe9e00a3739033d016c0584e33d3add,8,7,A3,"2,0",LTDSE,5,keV/u,,,NATIVE_IMPACT_ENERGY_KEV_PER_U;LAB_VS_CM_NOT_EXPLICIT;NO_CONVERSION,alpha/4He context;H notD/T;exact nuclear masses unspecified,He2+,H nativeP04;H(1s) bound by P01 Liu2024 introduction cross-reference,"He+(n=2,l=0);source-native subshell",electron_capture_cross_section,2.25e-16,cm^2,LTDSE,,NO_TABLE_A3_PER_CELL_ERROR_COLUMN;method_difference_not_statistical_error,LITERATURE_SUPPORTED,ALL_A3_NONBLANK_CELLS_VISUALLY_VERIFIED,SOURCE_NATIVE_CELL_ONLY;G1_NOT_AUTHORIZED,NOT_RUN,NOT_RUN,NOT_RUN
P04,10.1088/0953-4075/41/13/135201,papers/published/P04/Minami_2008_J._Phys._B__At._Mol._Opt._Phys._41_135201.pdf,de5057454e4eee37a030f6b1f7dee3fc3fe9e00a3739033d016c0584e33d3add,8,7,A3,"2,0",AOCC-A,5,keV/u,,,NATIVE_IMPACT_ENERGY_KEV_PER_U;LAB_VS_CM_NOT_EXPLICIT;NO_CONVERSION,alpha/4He context;H notD/T;exact nuclear masses unspecified,He2+,H nativeP04;H(1s) bound by P01 Liu2024 introduction cross-reference,"He+(n=2,l=0);source-native subshell",electron_capture_cross_section,2.13e-16,cm^2,AOCC-A;Toshima1995 NIFS-DATA-26 values imported by Minami2008,,NO_TABLE_A3_PER_CELL_ERROR_COLUMN;method_difference_not_statistical_error,LITERATURE_SUPPORTED,ALL_A3_NONBLANK_CELLS_VISUALLY_VERIFIED,SOURCE_NATIVE_CELL_ONLY;G1_NOT_AUTHORIZED,NOT_RUN,NOT_RUN,NOT_RUN
P04,10.1088/0953-4075/41/13/135201,papers/published/P04/Minami_2008_J._Phys._B__At._Mol._Opt._Phys._41_135201.pdf,de5057454e4eee37a030f6b1f7dee3fc3fe9e00a3739033d016c0584e33d3add,8,7,A3,"2,0",AOCC-B,5,keV/u,,,NATIVE_IMPACT_ENERGY_KEV_PER_U;LAB_VS_CM_NOT_EXPLICIT;NO_CONVERSION,alpha/4He context;H notD/T;exact nuclear masses unspecified,He2+,H nativeP04;H(1s) bound by P01 Liu2024 introduction cross-reference,"He+(n=2,l=0);source-native subshell",electron_capture_cross_section,2.16e-16,cm^2,AOCC-B,,NO_TABLE_A3_PER_CELL_ERROR_COLUMN;method_difference_not_statistical_error,LITERATURE_SUPPORTED,ALL_A3_NONBLANK_CELLS_VISUALLY_VERIFIED,SOURCE_NATIVE_CELL_ONLY;G1_NOT_AUTHORIZED,NOT_RUN,NOT_RUN,NOT_RUN
P04,10.1088/0953-4075/41/13/135201,papers/published/P04/Minami_2008_J._Phys._B__At._Mol._Opt._Phys._41_135201.pdf,de5057454e4eee37a030f6b1f7dee3fc3fe9e00a3739033d016c0584e33d3add,8,7,A3,"2,0",CTMC,5,keV/u,,,NATIVE_IMPACT_ENERGY_KEV_PER_U;LAB_VS_CM_NOT_EXPLICIT;NO_CONVERSION,alpha/4He context;H notD/T;exact nuclear masses unspecified,He2+,H nativeP04;H(1s) bound by P01 Liu2024 introduction cross-reference,"He+(n=2,l=0);source-native subshell",electron_capture_cross_section,2.26e-16,cm^2,CTMC,,NO_TABLE_A3_PER_CELL_ERROR_COLUMN;method_difference_not_statistical_error,LITERATURE_SUPPORTED,ALL_A3_NONBLANK_CELLS_VISUALLY_VERIFIED,SOURCE_NATIVE_CELL_ONLY;G1_NOT_AUTHORIZED,NOT_RUN,NOT_RUN,NOT_RUN
P04,10.1088/0953-4075/41/13/135201,papers/published/P04/Minami_2008_J._Phys._B__At._Mol._Opt._Phys._41_135201.pdf,de5057454e4eee37a030f6b1f7dee3fc3fe9e00a3739033d016c0584e33d3add,8,7,A3,"2,1",LTDSE,5,keV/u,,,NATIVE_IMPACT_ENERGY_KEV_PER_U;LAB_VS_CM_NOT_EXPLICIT;NO_CONVERSION,alpha/4He context;H notD/T;exact nuclear masses unspecified,He2+,H nativeP04;H(1s) bound by P01 Liu2024 introduction cross-reference,"He+(n=2,l=1);source-native subshell",electron_capture_cross_section,8.95e-16,cm^2,LTDSE,,NO_TABLE_A3_PER_CELL_ERROR_COLUMN;method_difference_not_statistical_error,LITERATURE_SUPPORTED,ALL_A3_NONBLANK_CELLS_VISUALLY_VERIFIED,SOURCE_NATIVE_CELL_ONLY;G1_NOT_AUTHORIZED,NOT_RUN,NOT_RUN,NOT_RUN
P04,10.1088/0953-4075/41/13/135201,papers/published/P04/Minami_2008_J._Phys._B__At._Mol._Opt._Phys._41_135201.pdf,de5057454e4eee37a030f6b1f7dee3fc3fe9e00a3739033d016c0584e33d3add,8,7,A3,"2,1",AOCC-A,5,keV/u,,,NATIVE_IMPACT_ENERGY_KEV_PER_U;LAB_VS_CM_NOT_EXPLICIT;NO_CONVERSION,alpha/4He context;H notD/T;exact nuclear masses unspecified,He2+,H nativeP04;H(1s) bound by P01 Liu2024 introduction cross-reference,"He+(n=2,l=1);source-native subshell",electron_capture_cross_section,9.00e-16,cm^2,AOCC-A;Toshima1995 NIFS-DATA-26 values imported by Minami2008,,NO_TABLE_A3_PER_CELL_ERROR_COLUMN;method_difference_not_statistical_error,LITERATURE_SUPPORTED,ALL_A3_NONBLANK_CELLS_VISUALLY_VERIFIED,SOURCE_NATIVE_CELL_ONLY;G1_NOT_AUTHORIZED,NOT_RUN,NOT_RUN,NOT_RUN
P04,10.1088/0953-4075/41/13/135201,papers/published/P04/Minami_2008_J._Phys._B__At._Mol._Opt._Phys._41_135201.pdf,de5057454e4eee37a030f6b1f7dee3fc3fe9e00a3739033d016c0584e33d3add,8,7,A3,"2,1",AOCC-B,5,keV/u,,,NATIVE_IMPACT_ENERGY_KEV_PER_U;LAB_VS_CM_NOT_EXPLICIT;NO_CONVERSION,alpha/4He context;H notD/T;exact nuclear masses unspecified,He2+,H nativeP04;H(1s) bound by P01 Liu2024 introduction cross-reference,"He+(n=2,l=1);source-native subshell",electron_capture_cross_section,8.95e-16,cm^2,AOCC-B,,NO_TABLE_A3_PER_CELL_ERROR_COLUMN;method_difference_not_statistical_error,LITERATURE_SUPPORTED,ALL_A3_NONBLANK_CELLS_VISUALLY_VERIFIED,SOURCE_NATIVE_CELL_ONLY;G1_NOT_AUTHORIZED,NOT_RUN,NOT_RUN,NOT_RUN
P04,10.1088/0953-4075/41/13/135201,papers/published/P04/Minami_2008_J._Phys._B__At._Mol._Opt._Phys._41_135201.pdf,de5057454e4eee37a030f6b1f7dee3fc3fe9e00a3739033d016c0584e33d3add,8,7,A3,"2,1",CTMC,5,keV/u,,,NATIVE_IMPACT_ENERGY_KEV_PER_U;LAB_VS_CM_NOT_EXPLICIT;NO_CONVERSION,alpha/4He context;H notD/T;exact nuclear masses unspecified,He2+,H nativeP04;H(1s) bound by P01 Liu2024 introduction cross-reference,"He+(n=2,l=1);source-native subshell",electron_capture_cross_section,5.57e-16,cm^2,CTMC,,NO_TABLE_A3_PER_CELL_ERROR_COLUMN;method_difference_not_statistical_error,LITERATURE_SUPPORTED,ALL_A3_NONBLANK_CELLS_VISUALLY_VERIFIED,SOURCE_NATIVE_CELL_ONLY;G1_NOT_AUTHORIZED,NOT_RUN,NOT_RUN,NOT_RUN
P04,10.1088/0953-4075/41/13/135201,papers/published/P04/Minami_2008_J._Phys._B__At._Mol._Opt._Phys._41_135201.pdf,de5057454e4eee37a030f6b1f7dee3fc3fe9e00a3739033d016c0584e33d3add,8,7,A3,2,LTDSE,5,keV/u,,,NATIVE_IMPACT_ENERGY_KEV_PER_U;LAB_VS_CM_NOT_EXPLICIT;NO_CONVERSION,alpha/4He context;H notD/T;exact nuclear masses unspecified,He2+,H nativeP04;H(1s) bound by P01 Liu2024 introduction cross-reference,He+(n=2);source-native shell,electron_capture_cross_section,1.12e-15,cm^2,LTDSE,,NO_TABLE_A3_PER_CELL_ERROR_COLUMN;method_difference_not_statistical_error,LITERATURE_SUPPORTED,ALL_A3_NONBLANK_CELLS_VISUALLY_VERIFIED,SOURCE_NATIVE_CELL_ONLY;G1_NOT_AUTHORIZED,NOT_RUN,NOT_RUN,NOT_RUN
P04,10.1088/0953-4075/41/13/135201,papers/published/P04/Minami_2008_J._Phys._B__At._Mol._Opt._Phys._41_135201.pdf,de5057454e4eee37a030f6b1f7dee3fc3fe9e00a3739033d016c0584e33d3add,8,7,A3,2,AOCC-A,5,keV/u,,,NATIVE_IMPACT_ENERGY_KEV_PER_U;LAB_VS_CM_NOT_EXPLICIT;NO_CONVERSION,alpha/4He context;H notD/T;exact nuclear masses unspecified,He2+,H nativeP04;H(1s) bound by P01 Liu2024 introduction cross-reference,He+(n=2);source-native shell,electron_capture_cross_section,1.11e-15,cm^2,AOCC-A;Toshima1995 NIFS-DATA-26 values imported by Minami2008,,NO_TABLE_A3_PER_CELL_ERROR_COLUMN;method_difference_not_statistical_error,LITERATURE_SUPPORTED,ALL_A3_NONBLANK_CELLS_VISUALLY_VERIFIED,SOURCE_NATIVE_CELL_ONLY;G1_NOT_AUTHORIZED,NOT_RUN,NOT_RUN,NOT_RUN
P04,10.1088/0953-4075/41/13/135201,papers/published/P04/Minami_2008_J._Phys._B__At._Mol._Opt._Phys._41_135201.pdf,de5057454e4eee37a030f6b1f7dee3fc3fe9e00a3739033d016c0584e33d3add,8,7,A3,2,AOCC-B,5,keV/u,,,NATIVE_IMPACT_ENERGY_KEV_PER_U;LAB_VS_CM_NOT_EXPLICIT;NO_CONVERSION,alpha/4He context;H notD/T;exact nuclear masses unspecified,He2+,H nativeP04;H(1s) bound by P01 Liu2024 introduction cross-reference,He+(n=2);source-native shell,electron_capture_cross_section,1.11e-15,cm^2,AOCC-B,,NO_TABLE_A3_PER_CELL_ERROR_COLUMN;method_difference_not_statistical_error,LITERATURE_SUPPORTED,ALL_A3_NONBLANK_CELLS_VISUALLY_VERIFIED,SOURCE_NATIVE_CELL_ONLY;G1_NOT_AUTHORIZED,NOT_RUN,NOT_RUN,NOT_RUN
P04,10.1088/0953-4075/41/13/135201,papers/published/P04/Minami_2008_J._Phys._B__At._Mol._Opt._Phys._41_135201.pdf,de5057454e4eee37a030f6b1f7dee3fc3fe9e00a3739033d016c0584e33d3add,8,7,A3,2,CTMC,5,keV/u,,,NATIVE_IMPACT_ENERGY_KEV_PER_U;LAB_VS_CM_NOT_EXPLICIT;NO_CONVERSION,alpha/4He context;H notD/T;exact nuclear masses unspecified,He2+,H nativeP04;H(1s) bound by P01 Liu2024 introduction cross-reference,He+(n=2);source-native shell,electron_capture_cross_section,7.83e-16,cm^2,CTMC,,NO_TABLE_A3_PER_CELL_ERROR_COLUMN;method_difference_not_statistical_error,LITERATURE_SUPPORTED,ALL_A3_NONBLANK_CELLS_VISUALLY_VERIFIED,SOURCE_NATIVE_CELL_ONLY;G1_NOT_AUTHORIZED,NOT_RUN,NOT_RUN,NOT_RUN
P04,10.1088/0953-4075/41/13/135201,papers/published/P04/Minami_2008_J._Phys._B__At._Mol._Opt._Phys._41_135201.pdf,de5057454e4eee37a030f6b1f7dee3fc3fe9e00a3739033d016c0584e33d3add,8,7,A3,"3,0",LTDSE,5,keV/u,,,NATIVE_IMPACT_ENERGY_KEV_PER_U;LAB_VS_CM_NOT_EXPLICIT;NO_CONVERSION,alpha/4He context;H notD/T;exact nuclear masses unspecified,He2+,H nativeP04;H(1s) bound by P01 Liu2024 introduction cross-reference,"He+(n=3,l=0);source-native subshell",electron_capture_cross_section,1.39e-17,cm^2,LTDSE,,NO_TABLE_A3_PER_CELL_ERROR_COLUMN;method_difference_not_statistical_error,LITERATURE_SUPPORTED,ALL_A3_NONBLANK_CELLS_VISUALLY_VERIFIED,SOURCE_NATIVE_CELL_ONLY;G1_NOT_AUTHORIZED,NOT_RUN,NOT_RUN,NOT_RUN
P04,10.1088/0953-4075/41/13/135201,papers/published/P04/Minami_2008_J._Phys._B__At._Mol._Opt._Phys._41_135201.pdf,de5057454e4eee37a030f6b1f7dee3fc3fe9e00a3739033d016c0584e33d3add,8,7,A3,"3,0",AOCC-A,5,keV/u,,,NATIVE_IMPACT_ENERGY_KEV_PER_U;LAB_VS_CM_NOT_EXPLICIT;NO_CONVERSION,alpha/4He context;H notD/T;exact nuclear masses unspecified,He2+,H nativeP04;H(1s) bound by P01 Liu2024 introduction cross-reference,"He+(n=3,l=0);source-native subshell",electron_capture_cross_section,1.24e-17,cm^2,AOCC-A;Toshima1995 NIFS-DATA-26 values imported by Minami2008,,NO_TABLE_A3_PER_CELL_ERROR_COLUMN;method_difference_not_statistical_error,LITERATURE_SUPPORTED,ALL_A3_NONBLANK_CELLS_VISUALLY_VERIFIED,SOURCE_NATIVE_CELL_ONLY;G1_NOT_AUTHORIZED,NOT_RUN,NOT_RUN,NOT_RUN
P04,10.1088/0953-4075/41/13/135201,papers/published/P04/Minami_2008_J._Phys._B__At._Mol._Opt._Phys._41_135201.pdf,de5057454e4eee37a030f6b1f7dee3fc3fe9e00a3739033d016c0584e33d3add,8,7,A3,"3,0",AOCC-B,5,keV/u,,,NATIVE_IMPACT_ENERGY_KEV_PER_U;LAB_VS_CM_NOT_EXPLICIT;NO_CONVERSION,alpha/4He context;H notD/T;exact nuclear masses unspecified,He2+,H nativeP04;H(1s) bound by P01 Liu2024 introduction cross-reference,"He+(n=3,l=0);source-native subshell",electron_capture_cross_section,1.21e-17,cm^2,AOCC-B,,NO_TABLE_A3_PER_CELL_ERROR_COLUMN;method_difference_not_statistical_error,LITERATURE_SUPPORTED,ALL_A3_NONBLANK_CELLS_VISUALLY_VERIFIED,SOURCE_NATIVE_CELL_ONLY;G1_NOT_AUTHORIZED,NOT_RUN,NOT_RUN,NOT_RUN
P04,10.1088/0953-4075/41/13/135201,papers/published/P04/Minami_2008_J._Phys._B__At._Mol._Opt._Phys._41_135201.pdf,de5057454e4eee37a030f6b1f7dee3fc3fe9e00a3739033d016c0584e33d3add,8,7,A3,"3,0",CTMC,5,keV/u,,,NATIVE_IMPACT_ENERGY_KEV_PER_U;LAB_VS_CM_NOT_EXPLICIT;NO_CONVERSION,alpha/4He context;H notD/T;exact nuclear masses unspecified,He2+,H nativeP04;H(1s) bound by P01 Liu2024 introduction cross-reference,"He+(n=3,l=0);source-native subshell",electron_capture_cross_section,4.61e-18,cm^2,CTMC,,NO_TABLE_A3_PER_CELL_ERROR_COLUMN;method_difference_not_statistical_error,LITERATURE_SUPPORTED,ALL_A3_NONBLANK_CELLS_VISUALLY_VERIFIED,SOURCE_NATIVE_CELL_ONLY;G1_NOT_AUTHORIZED,NOT_RUN,NOT_RUN,NOT_RUN
P04,10.1088/0953-4075/41/13/135201,papers/published/P04/Minami_2008_J._Phys._B__At._Mol._Opt._Phys._41_135201.pdf,de5057454e4eee37a030f6b1f7dee3fc3fe9e00a3739033d016c0584e33d3add,8,7,A3,"3,1",LTDSE,5,keV/u,,,NATIVE_IMPACT_ENERGY_KEV_PER_U;LAB_VS_CM_NOT_EXPLICIT;NO_CONVERSION,alpha/4He context;H notD/T;exact nuclear masses unspecified,He2+,H nativeP04;H(1s) bound by P01 Liu2024 introduction cross-reference,"He+(n=3,l=1);source-native subshell",electron_capture_cross_section,4.62e-17,cm^2,LTDSE,,NO_TABLE_A3_PER_CELL_ERROR_COLUMN;method_difference_not_statistical_error,LITERATURE_SUPPORTED,ALL_A3_NONBLANK_CELLS_VISUALLY_VERIFIED,SOURCE_NATIVE_CELL_ONLY;G1_NOT_AUTHORIZED,NOT_RUN,NOT_RUN,NOT_RUN
P04,10.1088/0953-4075/41/13/135201,papers/published/P04/Minami_2008_J._Phys._B__At._Mol._Opt._Phys._41_135201.pdf,de5057454e4eee37a030f6b1f7dee3fc3fe9e00a3739033d016c0584e33d3add,8,7,A3,"3,1",AOCC-A,5,keV/u,,,NATIVE_IMPACT_ENERGY_KEV_PER_U;LAB_VS_CM_NOT_EXPLICIT;NO_CONVERSION,alpha/4He context;H notD/T;exact nuclear masses unspecified,He2+,H nativeP04;H(1s) bound by P01 Liu2024 introduction cross-reference,"He+(n=3,l=1);source-native subshell",electron_capture_cross_section,3.62e-17,cm^2,AOCC-A;Toshima1995 NIFS-DATA-26 values imported by Minami2008,,NO_TABLE_A3_PER_CELL_ERROR_COLUMN;method_difference_not_statistical_error,LITERATURE_SUPPORTED,ALL_A3_NONBLANK_CELLS_VISUALLY_VERIFIED,SOURCE_NATIVE_CELL_ONLY;G1_NOT_AUTHORIZED,NOT_RUN,NOT_RUN,NOT_RUN
P04,10.1088/0953-4075/41/13/135201,papers/published/P04/Minami_2008_J._Phys._B__At._Mol._Opt._Phys._41_135201.pdf,de5057454e4eee37a030f6b1f7dee3fc3fe9e00a3739033d016c0584e33d3add,8,7,A3,"3,1",AOCC-B,5,keV/u,,,NATIVE_IMPACT_ENERGY_KEV_PER_U;LAB_VS_CM_NOT_EXPLICIT;NO_CONVERSION,alpha/4He context;H notD/T;exact nuclear masses unspecified,He2+,H nativeP04;H(1s) bound by P01 Liu2024 introduction cross-reference,"He+(n=3,l=1);source-native subshell",electron_capture_cross_section,3.56e-17,cm^2,AOCC-B,,NO_TABLE_A3_PER_CELL_ERROR_COLUMN;method_difference_not_statistical_error,LITERATURE_SUPPORTED,ALL_A3_NONBLANK_CELLS_VISUALLY_VERIFIED,SOURCE_NATIVE_CELL_ONLY;G1_NOT_AUTHORIZED,NOT_RUN,NOT_RUN,NOT_RUN
P04,10.1088/0953-4075/41/13/135201,papers/published/P04/Minami_2008_J._Phys._B__At._Mol._Opt._Phys._41_135201.pdf,de5057454e4eee37a030f6b1f7dee3fc3fe9e00a3739033d016c0584e33d3add,8,7,A3,"3,1",CTMC,5,keV/u,,,NATIVE_IMPACT_ENERGY_KEV_PER_U;LAB_VS_CM_NOT_EXPLICIT;NO_CONVERSION,alpha/4He context;H notD/T;exact nuclear masses unspecified,He2+,H nativeP04;H(1s) bound by P01 Liu2024 introduction cross-reference,"He+(n=3,l=1);source-native subshell",electron_capture_cross_section,1.02e-17,cm^2,CTMC,,NO_TABLE_A3_PER_CELL_ERROR_COLUMN;method_difference_not_statistical_error,LITERATURE_SUPPORTED,ALL_A3_NONBLANK_CELLS_VISUALLY_VERIFIED,SOURCE_NATIVE_CELL_ONLY;G1_NOT_AUTHORIZED,NOT_RUN,NOT_RUN,NOT_RUN
P04,10.1088/0953-4075/41/13/135201,papers/published/P04/Minami_2008_J._Phys._B__At._Mol._Opt._Phys._41_135201.pdf,de5057454e4eee37a030f6b1f7dee3fc3fe9e00a3739033d016c0584e33d3add,8,7,A3,"3,2",LTDSE,5,keV/u,,,NATIVE_IMPACT_ENERGY_KEV_PER_U;LAB_VS_CM_NOT_EXPLICIT;NO_CONVERSION,alpha/4He context;H notD/T;exact nuclear masses unspecified,He2+,H nativeP04;H(1s) bound by P01 Liu2024 introduction cross-reference,"He+(n=3,l=2);source-native subshell",electron_capture_cross_section,1.84e-17,cm^2,LTDSE,,NO_TABLE_A3_PER_CELL_ERROR_COLUMN;method_difference_not_statistical_error,LITERATURE_SUPPORTED,ALL_A3_NONBLANK_CELLS_VISUALLY_VERIFIED,SOURCE_NATIVE_CELL_ONLY;G1_NOT_AUTHORIZED,NOT_RUN,NOT_RUN,NOT_RUN
P04,10.1088/0953-4075/41/13/135201,papers/published/P04/Minami_2008_J._Phys._B__At._Mol._Opt._Phys._41_135201.pdf,de5057454e4eee37a030f6b1f7dee3fc3fe9e00a3739033d016c0584e33d3add,8,7,A3,"3,2",AOCC-A,5,keV/u,,,NATIVE_IMPACT_ENERGY_KEV_PER_U;LAB_VS_CM_NOT_EXPLICIT;NO_CONVERSION,alpha/4He context;H notD/T;exact nuclear masses unspecified,He2+,H nativeP04;H(1s) bound by P01 Liu2024 introduction cross-reference,"He+(n=3,l=2);source-native subshell",electron_capture_cross_section,2.02e-17,cm^2,AOCC-A;Toshima1995 NIFS-DATA-26 values imported by Minami2008,,NO_TABLE_A3_PER_CELL_ERROR_COLUMN;method_difference_not_statistical_error,LITERATURE_SUPPORTED,ALL_A3_NONBLANK_CELLS_VISUALLY_VERIFIED,SOURCE_NATIVE_CELL_ONLY;G1_NOT_AUTHORIZED,NOT_RUN,NOT_RUN,NOT_RUN
P04,10.1088/0953-4075/41/13/135201,papers/published/P04/Minami_2008_J._Phys._B__At._Mol._Opt._Phys._41_135201.pdf,de5057454e4eee37a030f6b1f7dee3fc3fe9e00a3739033d016c0584e33d3add,8,7,A3,"3,2",AOCC-B,5,keV/u,,,NATIVE_IMPACT_ENERGY_KEV_PER_U;LAB_VS_CM_NOT_EXPLICIT;NO_CONVERSION,alpha/4He context;H notD/T;exact nuclear masses unspecified,He2+,H nativeP04;H(1s) bound by P01 Liu2024 introduction cross-reference,"He+(n=3,l=2);source-native subshell",electron_capture_cross_section,1.91e-17,cm^2,AOCC-B,,NO_TABLE_A3_PER_CELL_ERROR_COLUMN;method_difference_not_statistical_error,LITERATURE_SUPPORTED,ALL_A3_NONBLANK_CELLS_VISUALLY_VERIFIED,SOURCE_NATIVE_CELL_ONLY;G1_NOT_AUTHORIZED,NOT_RUN,NOT_RUN,NOT_RUN
P04,10.1088/0953-4075/41/13/135201,papers/published/P04/Minami_2008_J._Phys._B__At._Mol._Opt._Phys._41_135201.pdf,de5057454e4eee37a030f6b1f7dee3fc3fe9e00a3739033d016c0584e33d3add,8,7,A3,"3,2",CTMC,5,keV/u,,,NATIVE_IMPACT_ENERGY_KEV_PER_U;LAB_VS_CM_NOT_EXPLICIT;NO_CONVERSION,alpha/4He context;H notD/T;exact nuclear masses unspecified,He2+,H nativeP04;H(1s) bound by P01 Liu2024 introduction cross-reference,"He+(n=3,l=2);source-native subshell",electron_capture_cross_section,6.44e-18,cm^2,CTMC,,NO_TABLE_A3_PER_CELL_ERROR_COLUMN;method_difference_not_statistical_error,LITERATURE_SUPPORTED,ALL_A3_NONBLANK_CELLS_VISUALLY_VERIFIED,SOURCE_NATIVE_CELL_ONLY;G1_NOT_AUTHORIZED,NOT_RUN,NOT_RUN,NOT_RUN
P04,10.1088/0953-4075/41/13/135201,papers/published/P04/Minami_2008_J._Phys._B__At._Mol._Opt._Phys._41_135201.pdf,de5057454e4eee37a030f6b1f7dee3fc3fe9e00a3739033d016c0584e33d3add,8,7,A3,3,LTDSE,5,keV/u,,,NATIVE_IMPACT_ENERGY_KEV_PER_U;LAB_VS_CM_NOT_EXPLICIT;NO_CONVERSION,alpha/4He context;H notD/T;exact nuclear masses unspecified,He2+,H nativeP04;H(1s) bound by P01 Liu2024 introduction cross-reference,He+(n=3);source-native shell,electron_capture_cross_section,7.85e-17,cm^2,LTDSE,,NO_TABLE_A3_PER_CELL_ERROR_COLUMN;method_difference_not_statistical_error,LITERATURE_SUPPORTED,ALL_A3_NONBLANK_CELLS_VISUALLY_VERIFIED,SOURCE_NATIVE_CELL_ONLY;G1_NOT_AUTHORIZED,NOT_RUN,NOT_RUN,NOT_RUN
P04,10.1088/0953-4075/41/13/135201,papers/published/P04/Minami_2008_J._Phys._B__At._Mol._Opt._Phys._41_135201.pdf,de5057454e4eee37a030f6b1f7dee3fc3fe9e00a3739033d016c0584e33d3add,8,7,A3,3,AOCC-A,5,keV/u,,,NATIVE_IMPACT_ENERGY_KEV_PER_U;LAB_VS_CM_NOT_EXPLICIT;NO_CONVERSION,alpha/4He context;H notD/T;exact nuclear masses unspecified,He2+,H nativeP04;H(1s) bound by P01 Liu2024 introduction cross-reference,He+(n=3);source-native shell,electron_capture_cross_section,6.88e-17,cm^2,AOCC-A;Toshima1995 NIFS-DATA-26 values imported by Minami2008,,NO_TABLE_A3_PER_CELL_ERROR_COLUMN;method_difference_not_statistical_error,LITERATURE_SUPPORTED,ALL_A3_NONBLANK_CELLS_VISUALLY_VERIFIED,SOURCE_NATIVE_CELL_ONLY;G1_NOT_AUTHORIZED,NOT_RUN,NOT_RUN,NOT_RUN
P04,10.1088/0953-4075/41/13/135201,papers/published/P04/Minami_2008_J._Phys._B__At._Mol._Opt._Phys._41_135201.pdf,de5057454e4eee37a030f6b1f7dee3fc3fe9e00a3739033d016c0584e33d3add,8,7,A3,3,AOCC-B,5,keV/u,,,NATIVE_IMPACT_ENERGY_KEV_PER_U;LAB_VS_CM_NOT_EXPLICIT;NO_CONVERSION,alpha/4He context;H notD/T;exact nuclear masses unspecified,He2+,H nativeP04;H(1s) bound by P01 Liu2024 introduction cross-reference,He+(n=3);source-native shell,electron_capture_cross_section,6.68e-17,cm^2,AOCC-B,,NO_TABLE_A3_PER_CELL_ERROR_COLUMN;method_difference_not_statistical_error,LITERATURE_SUPPORTED,ALL_A3_NONBLANK_CELLS_VISUALLY_VERIFIED,SOURCE_NATIVE_CELL_ONLY;G1_NOT_AUTHORIZED,NOT_RUN,NOT_RUN,NOT_RUN
P04,10.1088/0953-4075/41/13/135201,papers/published/P04/Minami_2008_J._Phys._B__At._Mol._Opt._Phys._41_135201.pdf,de5057454e4eee37a030f6b1f7dee3fc3fe9e00a3739033d016c0584e33d3add,8,7,A3,3,CTMC,5,keV/u,,,NATIVE_IMPACT_ENERGY_KEV_PER_U;LAB_VS_CM_NOT_EXPLICIT;NO_CONVERSION,alpha/4He context;H notD/T;exact nuclear masses unspecified,He2+,H nativeP04;H(1s) bound by P01 Liu2024 introduction cross-reference,He+(n=3);source-native shell,electron_capture_cross_section,2.13e-17,cm^2,CTMC,,NO_TABLE_A3_PER_CELL_ERROR_COLUMN;method_difference_not_statistical_error,LITERATURE_SUPPORTED,ALL_A3_NONBLANK_CELLS_VISUALLY_VERIFIED,SOURCE_NATIVE_CELL_ONLY;G1_NOT_AUTHORIZED,NOT_RUN,NOT_RUN,NOT_RUN
P04,10.1088/0953-4075/41/13/135201,papers/published/P04/Minami_2008_J._Phys._B__At._Mol._Opt._Phys._41_135201.pdf,de5057454e4eee37a030f6b1f7dee3fc3fe9e00a3739033d016c0584e33d3add,8,7,A3,4,LTDSE,5,keV/u,,,NATIVE_IMPACT_ENERGY_KEV_PER_U;LAB_VS_CM_NOT_EXPLICIT;NO_CONVERSION,alpha/4He context;H notD/T;exact nuclear masses unspecified,He2+,H nativeP04;H(1s) bound by P01 Liu2024 introduction cross-reference,He+(n=4);source-native shell,electron_capture_cross_section,9.09e-18,cm^2,LTDSE,,NO_TABLE_A3_PER_CELL_ERROR_COLUMN;method_difference_not_statistical_error,LITERATURE_SUPPORTED,ALL_A3_NONBLANK_CELLS_VISUALLY_VERIFIED,SOURCE_NATIVE_CELL_ONLY;G1_NOT_AUTHORIZED,NOT_RUN,NOT_RUN,NOT_RUN
P04,10.1088/0953-4075/41/13/135201,papers/published/P04/Minami_2008_J._Phys._B__At._Mol._Opt._Phys._41_135201.pdf,de5057454e4eee37a030f6b1f7dee3fc3fe9e00a3739033d016c0584e33d3add,8,7,A3,4,AOCC-A,5,keV/u,,,NATIVE_IMPACT_ENERGY_KEV_PER_U;LAB_VS_CM_NOT_EXPLICIT;NO_CONVERSION,alpha/4He context;H notD/T;exact nuclear masses unspecified,He2+,H nativeP04;H(1s) bound by P01 Liu2024 introduction cross-reference,He+(n=4);source-native shell,electron_capture_cross_section,8.21e-18,cm^2,AOCC-A;Toshima1995 NIFS-DATA-26 values imported by Minami2008,,NO_TABLE_A3_PER_CELL_ERROR_COLUMN;method_difference_not_statistical_error,LITERATURE_SUPPORTED,ALL_A3_NONBLANK_CELLS_VISUALLY_VERIFIED,SOURCE_NATIVE_CELL_ONLY;G1_NOT_AUTHORIZED,NOT_RUN,NOT_RUN,NOT_RUN
P04,10.1088/0953-4075/41/13/135201,papers/published/P04/Minami_2008_J._Phys._B__At._Mol._Opt._Phys._41_135201.pdf,de5057454e4eee37a030f6b1f7dee3fc3fe9e00a3739033d016c0584e33d3add,8,7,A3,4,AOCC-B,5,keV/u,,,NATIVE_IMPACT_ENERGY_KEV_PER_U;LAB_VS_CM_NOT_EXPLICIT;NO_CONVERSION,alpha/4He context;H notD/T;exact nuclear masses unspecified,He2+,H nativeP04;H(1s) bound by P01 Liu2024 introduction cross-reference,He+(n=4);source-native shell,electron_capture_cross_section,8.27e-18,cm^2,AOCC-B,,NO_TABLE_A3_PER_CELL_ERROR_COLUMN;method_difference_not_statistical_error,LITERATURE_SUPPORTED,ALL_A3_NONBLANK_CELLS_VISUALLY_VERIFIED,SOURCE_NATIVE_CELL_ONLY;G1_NOT_AUTHORIZED,NOT_RUN,NOT_RUN,NOT_RUN
P04,10.1088/0953-4075/41/13/135201,papers/published/P04/Minami_2008_J._Phys._B__At._Mol._Opt._Phys._41_135201.pdf,de5057454e4eee37a030f6b1f7dee3fc3fe9e00a3739033d016c0584e33d3add,8,7,A3,4,CTMC,5,keV/u,,,NATIVE_IMPACT_ENERGY_KEV_PER_U;LAB_VS_CM_NOT_EXPLICIT;NO_CONVERSION,alpha/4He context;H notD/T;exact nuclear masses unspecified,He2+,H nativeP04;H(1s) bound by P01 Liu2024 introduction cross-reference,He+(n=4);source-native shell,electron_capture_cross_section,1.85e-18,cm^2,CTMC,,NO_TABLE_A3_PER_CELL_ERROR_COLUMN;method_difference_not_statistical_error,LITERATURE_SUPPORTED,ALL_A3_NONBLANK_CELLS_VISUALLY_VERIFIED,SOURCE_NATIVE_CELL_ONLY;G1_NOT_AUTHORIZED,NOT_RUN,NOT_RUN,NOT_RUN
P04,10.1088/0953-4075/41/13/135201,papers/published/P04/Minami_2008_J._Phys._B__At._Mol._Opt._Phys._41_135201.pdf,de5057454e4eee37a030f6b1f7dee3fc3fe9e00a3739033d016c0584e33d3add,8,7,A3,5,LTDSE,5,keV/u,,,NATIVE_IMPACT_ENERGY_KEV_PER_U;LAB_VS_CM_NOT_EXPLICIT;NO_CONVERSION,alpha/4He context;H notD/T;exact nuclear masses unspecified,He2+,H nativeP04;H(1s) bound by P01 Liu2024 introduction cross-reference,He+(n=5);source-native shell,electron_capture_cross_section,3.74e-18,cm^2,LTDSE,,NO_TABLE_A3_PER_CELL_ERROR_COLUMN;method_difference_not_statistical_error,LITERATURE_SUPPORTED,ALL_A3_NONBLANK_CELLS_VISUALLY_VERIFIED,SOURCE_NATIVE_CELL_ONLY;G1_NOT_AUTHORIZED,NOT_RUN,NOT_RUN,NOT_RUN
P04,10.1088/0953-4075/41/13/135201,papers/published/P04/Minami_2008_J._Phys._B__At._Mol._Opt._Phys._41_135201.pdf,de5057454e4eee37a030f6b1f7dee3fc3fe9e00a3739033d016c0584e33d3add,8,7,A3,5,AOCC-A,5,keV/u,,,NATIVE_IMPACT_ENERGY_KEV_PER_U;LAB_VS_CM_NOT_EXPLICIT;NO_CONVERSION,alpha/4He context;H notD/T;exact nuclear masses unspecified,He2+,H nativeP04;H(1s) bound by P01 Liu2024 introduction cross-reference,He+(n=5);source-native shell,electron_capture_cross_section,2.10e-18,cm^2,AOCC-A;Toshima1995 NIFS-DATA-26 values imported by Minami2008,,NO_TABLE_A3_PER_CELL_ERROR_COLUMN;method_difference_not_statistical_error,LITERATURE_SUPPORTED,ALL_A3_NONBLANK_CELLS_VISUALLY_VERIFIED,SOURCE_NATIVE_CELL_ONLY;G1_NOT_AUTHORIZED,NOT_RUN,NOT_RUN,NOT_RUN
P04,10.1088/0953-4075/41/13/135201,papers/published/P04/Minami_2008_J._Phys._B__At._Mol._Opt._Phys._41_135201.pdf,de5057454e4eee37a030f6b1f7dee3fc3fe9e00a3739033d016c0584e33d3add,8,7,A3,5,AOCC-B,5,keV/u,,,NATIVE_IMPACT_ENERGY_KEV_PER_U;LAB_VS_CM_NOT_EXPLICIT;NO_CONVERSION,alpha/4He context;H notD/T;exact nuclear masses unspecified,He2+,H nativeP04;H(1s) bound by P01 Liu2024 introduction cross-reference,He+(n=5);source-native shell,electron_capture_cross_section,2.80e-18,cm^2,AOCC-B,,NO_TABLE_A3_PER_CELL_ERROR_COLUMN;method_difference_not_statistical_error,LITERATURE_SUPPORTED,ALL_A3_NONBLANK_CELLS_VISUALLY_VERIFIED,SOURCE_NATIVE_CELL_ONLY;G1_NOT_AUTHORIZED,NOT_RUN,NOT_RUN,NOT_RUN
P04,10.1088/0953-4075/41/13/135201,papers/published/P04/Minami_2008_J._Phys._B__At._Mol._Opt._Phys._41_135201.pdf,de5057454e4eee37a030f6b1f7dee3fc3fe9e00a3739033d016c0584e33d3add,8,7,A3,5,CTMC,5,keV/u,,,NATIVE_IMPACT_ENERGY_KEV_PER_U;LAB_VS_CM_NOT_EXPLICIT;NO_CONVERSION,alpha/4He context;H notD/T;exact nuclear masses unspecified,He2+,H nativeP04;H(1s) bound by P01 Liu2024 introduction cross-reference,He+(n=5);source-native shell,electron_capture_cross_section,5.04e-19,cm^2,CTMC,,NO_TABLE_A3_PER_CELL_ERROR_COLUMN;method_difference_not_statistical_error,LITERATURE_SUPPORTED,ALL_A3_NONBLANK_CELLS_VISUALLY_VERIFIED,SOURCE_NATIVE_CELL_ONLY;G1_NOT_AUTHORIZED,NOT_RUN,NOT_RUN,NOT_RUN
P04,10.1088/0953-4075/41/13/135201,papers/published/P04/Minami_2008_J._Phys._B__At._Mol._Opt._Phys._41_135201.pdf,de5057454e4eee37a030f6b1f7dee3fc3fe9e00a3739033d016c0584e33d3add,8,7,A3,6,CTMC,5,keV/u,,,NATIVE_IMPACT_ENERGY_KEV_PER_U;LAB_VS_CM_NOT_EXPLICIT;NO_CONVERSION,alpha/4He context;H notD/T;exact nuclear masses unspecified,He2+,H nativeP04;H(1s) bound by P01 Liu2024 introduction cross-reference,He+(n=6);source-native shell,electron_capture_cross_section,2.11e-19,cm^2,CTMC,,NO_TABLE_A3_PER_CELL_ERROR_COLUMN;method_difference_not_statistical_error,LITERATURE_SUPPORTED,ALL_A3_NONBLANK_CELLS_VISUALLY_VERIFIED,SOURCE_NATIVE_CELL_ONLY;G1_NOT_AUTHORIZED,NOT_RUN,NOT_RUN,NOT_RUN
P04,10.1088/0953-4075/41/13/135201,papers/published/P04/Minami_2008_J._Phys._B__At._Mol._Opt._Phys._41_135201.pdf,de5057454e4eee37a030f6b1f7dee3fc3fe9e00a3739033d016c0584e33d3add,8,7,A3,7,CTMC,5,keV/u,,,NATIVE_IMPACT_ENERGY_KEV_PER_U;LAB_VS_CM_NOT_EXPLICIT;NO_CONVERSION,alpha/4He context;H notD/T;exact nuclear masses unspecified,He2+,H nativeP04;H(1s) bound by P01 Liu2024 introduction cross-reference,He+(n=7);source-native shell,electron_capture_cross_section,1.03e-19,cm^2,CTMC,,NO_TABLE_A3_PER_CELL_ERROR_COLUMN;method_difference_not_statistical_error,LITERATURE_SUPPORTED,ALL_A3_NONBLANK_CELLS_VISUALLY_VERIFIED,SOURCE_NATIVE_CELL_ONLY;G1_NOT_AUTHORIZED,NOT_RUN,NOT_RUN,NOT_RUN
P04,10.1088/0953-4075/41/13/135201,papers/published/P04/Minami_2008_J._Phys._B__At._Mol._Opt._Phys._41_135201.pdf,de5057454e4eee37a030f6b1f7dee3fc3fe9e00a3739033d016c0584e33d3add,8,7,A3,8,CTMC,5,keV/u,,,NATIVE_IMPACT_ENERGY_KEV_PER_U;LAB_VS_CM_NOT_EXPLICIT;NO_CONVERSION,alpha/4He context;H notD/T;exact nuclear masses unspecified,He2+,H nativeP04;H(1s) bound by P01 Liu2024 introduction cross-reference,He+(n=8);source-native shell,electron_capture_cross_section,6.07e-20,cm^2,CTMC,,NO_TABLE_A3_PER_CELL_ERROR_COLUMN;method_difference_not_statistical_error,LITERATURE_SUPPORTED,ALL_A3_NONBLANK_CELLS_VISUALLY_VERIFIED,SOURCE_NATIVE_CELL_ONLY;G1_NOT_AUTHORIZED,NOT_RUN,NOT_RUN,NOT_RUN
P04,10.1088/0953-4075/41/13/135201,papers/published/P04/Minami_2008_J._Phys._B__At._Mol._Opt._Phys._41_135201.pdf,de5057454e4eee37a030f6b1f7dee3fc3fe9e00a3739033d016c0584e33d3add,8,7,A3,9,CTMC,5,keV/u,,,NATIVE_IMPACT_ENERGY_KEV_PER_U;LAB_VS_CM_NOT_EXPLICIT;NO_CONVERSION,alpha/4He context;H notD/T;exact nuclear masses unspecified,He2+,H nativeP04;H(1s) bound by P01 Liu2024 introduction cross-reference,He+(n=9);source-native shell,electron_capture_cross_section,4.00e-20,cm^2,CTMC,,NO_TABLE_A3_PER_CELL_ERROR_COLUMN;method_difference_not_statistical_error,LITERATURE_SUPPORTED,ALL_A3_NONBLANK_CELLS_VISUALLY_VERIFIED,SOURCE_NATIVE_CELL_ONLY;G1_NOT_AUTHORIZED,NOT_RUN,NOT_RUN,NOT_RUN
P04,10.1088/0953-4075/41/13/135201,papers/published/P04/Minami_2008_J._Phys._B__At._Mol._Opt._Phys._41_135201.pdf,de5057454e4eee37a030f6b1f7dee3fc3fe9e00a3739033d016c0584e33d3add,8,7,A3,10,CTMC,5,keV/u,,,NATIVE_IMPACT_ENERGY_KEV_PER_U;LAB_VS_CM_NOT_EXPLICIT;NO_CONVERSION,alpha/4He context;H notD/T;exact nuclear masses unspecified,He2+,H nativeP04;H(1s) bound by P01 Liu2024 introduction cross-reference,He+(n=10);source-native shell,electron_capture_cross_section,2.66e-20,cm^2,CTMC,,NO_TABLE_A3_PER_CELL_ERROR_COLUMN;method_difference_not_statistical_error,LITERATURE_SUPPORTED,ALL_A3_NONBLANK_CELLS_VISUALLY_VERIFIED,SOURCE_NATIVE_CELL_ONLY;G1_NOT_AUTHORIZED,NOT_RUN,NOT_RUN,NOT_RUN
P04,10.1088/0953-4075/41/13/135201,papers/published/P04/Minami_2008_J._Phys._B__At._Mol._Opt._Phys._41_135201.pdf,de5057454e4eee37a030f6b1f7dee3fc3fe9e00a3739033d016c0584e33d3add,8,7,A3,11,CTMC,5,keV/u,,,NATIVE_IMPACT_ENERGY_KEV_PER_U;LAB_VS_CM_NOT_EXPLICIT;NO_CONVERSION,alpha/4He context;H notD/T;exact nuclear masses unspecified,He2+,H nativeP04;H(1s) bound by P01 Liu2024 introduction cross-reference,He+(n=11);source-native shell,electron_capture_cross_section,1.84e-20,cm^2,CTMC,,NO_TABLE_A3_PER_CELL_ERROR_COLUMN;method_difference_not_statistical_error,LITERATURE_SUPPORTED,ALL_A3_NONBLANK_CELLS_VISUALLY_VERIFIED,SOURCE_NATIVE_CELL_ONLY;G1_NOT_AUTHORIZED,NOT_RUN,NOT_RUN,NOT_RUN
P04,10.1088/0953-4075/41/13/135201,papers/published/P04/Minami_2008_J._Phys._B__At._Mol._Opt._Phys._41_135201.pdf,de5057454e4eee37a030f6b1f7dee3fc3fe9e00a3739033d016c0584e33d3add,8,7,A3,12,CTMC,5,keV/u,,,NATIVE_IMPACT_ENERGY_KEV_PER_U;LAB_VS_CM_NOT_EXPLICIT;NO_CONVERSION,alpha/4He context;H notD/T;exact nuclear masses unspecified,He2+,H nativeP04;H(1s) bound by P01 Liu2024 introduction cross-reference,He+(n=12);source-native shell,electron_capture_cross_section,1.30e-20,cm^2,CTMC,,NO_TABLE_A3_PER_CELL_ERROR_COLUMN;method_difference_not_statistical_error,LITERATURE_SUPPORTED,ALL_A3_NONBLANK_CELLS_VISUALLY_VERIFIED,SOURCE_NATIVE_CELL_ONLY;G1_NOT_AUTHORIZED,NOT_RUN,NOT_RUN,NOT_RUN
P04,10.1088/0953-4075/41/13/135201,papers/published/P04/Minami_2008_J._Phys._B__At._Mol._Opt._Phys._41_135201.pdf,de5057454e4eee37a030f6b1f7dee3fc3fe9e00a3739033d016c0584e33d3add,8,7,A3,13,CTMC,5,keV/u,,,NATIVE_IMPACT_ENERGY_KEV_PER_U;LAB_VS_CM_NOT_EXPLICIT;NO_CONVERSION,alpha/4He context;H notD/T;exact nuclear masses unspecified,He2+,H nativeP04;H(1s) bound by P01 Liu2024 introduction cross-reference,He+(n=13);source-native shell,electron_capture_cross_section,1.00e-20,cm^2,CTMC,,NO_TABLE_A3_PER_CELL_ERROR_COLUMN;method_difference_not_statistical_error,LITERATURE_SUPPORTED,ALL_A3_NONBLANK_CELLS_VISUALLY_VERIFIED,SOURCE_NATIVE_CELL_ONLY;G1_NOT_AUTHORIZED,NOT_RUN,NOT_RUN,NOT_RUN
P04,10.1088/0953-4075/41/13/135201,papers/published/P04/Minami_2008_J._Phys._B__At._Mol._Opt._Phys._41_135201.pdf,de5057454e4eee37a030f6b1f7dee3fc3fe9e00a3739033d016c0584e33d3add,8,7,A3,14,CTMC,5,keV/u,,,NATIVE_IMPACT_ENERGY_KEV_PER_U;LAB_VS_CM_NOT_EXPLICIT;NO_CONVERSION,alpha/4He context;H notD/T;exact nuclear masses unspecified,He2+,H nativeP04;H(1s) bound by P01 Liu2024 introduction cross-reference,He+(n=14);source-native shell,electron_capture_cross_section,8.45e-21,cm^2,CTMC,,NO_TABLE_A3_PER_CELL_ERROR_COLUMN;method_difference_not_statistical_error,LITERATURE_SUPPORTED,ALL_A3_NONBLANK_CELLS_VISUALLY_VERIFIED,SOURCE_NATIVE_CELL_ONLY;G1_NOT_AUTHORIZED,NOT_RUN,NOT_RUN,NOT_RUN
P04,10.1088/0953-4075/41/13/135201,papers/published/P04/Minami_2008_J._Phys._B__At._Mol._Opt._Phys._41_135201.pdf,de5057454e4eee37a030f6b1f7dee3fc3fe9e00a3739033d016c0584e33d3add,8,7,A3,15,CTMC,5,keV/u,,,NATIVE_IMPACT_ENERGY_KEV_PER_U;LAB_VS_CM_NOT_EXPLICIT;NO_CONVERSION,alpha/4He context;H notD/T;exact nuclear masses unspecified,He2+,H nativeP04;H(1s) bound by P01 Liu2024 introduction cross-reference,He+(n=15);source-native shell,electron_capture_cross_section,6.60e-21,cm^2,CTMC,,NO_TABLE_A3_PER_CELL_ERROR_COLUMN;method_difference_not_statistical_error,LITERATURE_SUPPORTED,ALL_A3_NONBLANK_CELLS_VISUALLY_VERIFIED,SOURCE_NATIVE_CELL_ONLY;G1_NOT_AUTHORIZED,NOT_RUN,NOT_RUN,NOT_RUN
P04,10.1088/0953-4075/41/13/135201,papers/published/P04/Minami_2008_J._Phys._B__At._Mol._Opt._Phys._41_135201.pdf,de5057454e4eee37a030f6b1f7dee3fc3fe9e00a3739033d016c0584e33d3add,8,7,A3,16,CTMC,5,keV/u,,,NATIVE_IMPACT_ENERGY_KEV_PER_U;LAB_VS_CM_NOT_EXPLICIT;NO_CONVERSION,alpha/4He context;H notD/T;exact nuclear masses unspecified,He2+,H nativeP04;H(1s) bound by P01 Liu2024 introduction cross-reference,He+(n=16);source-native shell,electron_capture_cross_section,5.50e-21,cm^2,CTMC,,NO_TABLE_A3_PER_CELL_ERROR_COLUMN;method_difference_not_statistical_error,LITERATURE_SUPPORTED,ALL_A3_NONBLANK_CELLS_VISUALLY_VERIFIED,SOURCE_NATIVE_CELL_ONLY;G1_NOT_AUTHORIZED,NOT_RUN,NOT_RUN,NOT_RUN
P04,10.1088/0953-4075/41/13/135201,papers/published/P04/Minami_2008_J._Phys._B__At._Mol._Opt._Phys._41_135201.pdf,de5057454e4eee37a030f6b1f7dee3fc3fe9e00a3739033d016c0584e33d3add,8,7,A3,17,CTMC,5,keV/u,,,NATIVE_IMPACT_ENERGY_KEV_PER_U;LAB_VS_CM_NOT_EXPLICIT;NO_CONVERSION,alpha/4He context;H notD/T;exact nuclear masses unspecified,He2+,H nativeP04;H(1s) bound by P01 Liu2024 introduction cross-reference,He+(n=17);source-native shell,electron_capture_cross_section,4.70e-21,cm^2,CTMC,,NO_TABLE_A3_PER_CELL_ERROR_COLUMN;method_difference_not_statistical_error,LITERATURE_SUPPORTED,ALL_A3_NONBLANK_CELLS_VISUALLY_VERIFIED,SOURCE_NATIVE_CELL_ONLY;G1_NOT_AUTHORIZED,NOT_RUN,NOT_RUN,NOT_RUN
P04,10.1088/0953-4075/41/13/135201,papers/published/P04/Minami_2008_J._Phys._B__At._Mol._Opt._Phys._41_135201.pdf,de5057454e4eee37a030f6b1f7dee3fc3fe9e00a3739033d016c0584e33d3add,8,7,A3,18,CTMC,5,keV/u,,,NATIVE_IMPACT_ENERGY_KEV_PER_U;LAB_VS_CM_NOT_EXPLICIT;NO_CONVERSION,alpha/4He context;H notD/T;exact nuclear masses unspecified,He2+,H nativeP04;H(1s) bound by P01 Liu2024 introduction cross-reference,He+(n=18);source-native shell,electron_capture_cross_section,3.83e-21,cm^2,CTMC,,NO_TABLE_A3_PER_CELL_ERROR_COLUMN;method_difference_not_statistical_error,LITERATURE_SUPPORTED,ALL_A3_NONBLANK_CELLS_VISUALLY_VERIFIED,SOURCE_NATIVE_CELL_ONLY;G1_NOT_AUTHORIZED,NOT_RUN,NOT_RUN,NOT_RUN
P04,10.1088/0953-4075/41/13/135201,papers/published/P04/Minami_2008_J._Phys._B__At._Mol._Opt._Phys._41_135201.pdf,de5057454e4eee37a030f6b1f7dee3fc3fe9e00a3739033d016c0584e33d3add,8,7,A3,19,CTMC,5,keV/u,,,NATIVE_IMPACT_ENERGY_KEV_PER_U;LAB_VS_CM_NOT_EXPLICIT;NO_CONVERSION,alpha/4He context;H notD/T;exact nuclear masses unspecified,He2+,H nativeP04;H(1s) bound by P01 Liu2024 introduction cross-reference,He+(n=19);source-native shell,electron_capture_cross_section,3.40e-21,cm^2,CTMC,,NO_TABLE_A3_PER_CELL_ERROR_COLUMN;method_difference_not_statistical_error,LITERATURE_SUPPORTED,ALL_A3_NONBLANK_CELLS_VISUALLY_VERIFIED,SOURCE_NATIVE_CELL_ONLY;G1_NOT_AUTHORIZED,NOT_RUN,NOT_RUN,NOT_RUN
P04,10.1088/0953-4075/41/13/135201,papers/published/P04/Minami_2008_J._Phys._B__At._Mol._Opt._Phys._41_135201.pdf,de5057454e4eee37a030f6b1f7dee3fc3fe9e00a3739033d016c0584e33d3add,8,7,A3,20,CTMC,5,keV/u,,,NATIVE_IMPACT_ENERGY_KEV_PER_U;LAB_VS_CM_NOT_EXPLICIT;NO_CONVERSION,alpha/4He context;H notD/T;exact nuclear masses unspecified,He2+,H nativeP04;H(1s) bound by P01 Liu2024 introduction cross-reference,He+(n=20);source-native shell,electron_capture_cross_section,2.83e-21,cm^2,CTMC,,NO_TABLE_A3_PER_CELL_ERROR_COLUMN;method_difference_not_statistical_error,LITERATURE_SUPPORTED,ALL_A3_NONBLANK_CELLS_VISUALLY_VERIFIED,SOURCE_NATIVE_CELL_ONLY;G1_NOT_AUTHORIZED,NOT_RUN,NOT_RUN,NOT_RUN
P04,10.1088/0953-4075/41/13/135201,papers/published/P04/Minami_2008_J._Phys._B__At._Mol._Opt._Phys._41_135201.pdf,de5057454e4eee37a030f6b1f7dee3fc3fe9e00a3739033d016c0584e33d3add,8,7,A3,sigma(n=1-5),LTDSE,5,keV/u,,,NATIVE_IMPACT_ENERGY_KEV_PER_U;LAB_VS_CM_NOT_EXPLICIT;NO_CONVERSION,alpha/4He context;H notD/T;exact nuclear masses unspecified,He2+,H nativeP04;H(1s) bound by P01 Liu2024 introduction cross-reference,sigma(n=1-5);published finite-shell sum as printed,electron_capture_cross_section,1.21e-15,cm^2,LTDSE,,NO_TABLE_A3_PER_CELL_ERROR_COLUMN;method_difference_not_statistical_error,LITERATURE_SUPPORTED,ALL_A3_NONBLANK_CELLS_VISUALLY_VERIFIED,SOURCE_NATIVE_CELL_ONLY;G1_NOT_AUTHORIZED,NOT_RUN,NOT_RUN,NOT_RUN
P04,10.1088/0953-4075/41/13/135201,papers/published/P04/Minami_2008_J._Phys._B__At._Mol._Opt._Phys._41_135201.pdf,de5057454e4eee37a030f6b1f7dee3fc3fe9e00a3739033d016c0584e33d3add,8,7,A3,sigma(n=1-5),AOCC-A,5,keV/u,,,NATIVE_IMPACT_ENERGY_KEV_PER_U;LAB_VS_CM_NOT_EXPLICIT;NO_CONVERSION,alpha/4He context;H notD/T;exact nuclear masses unspecified,He2+,H nativeP04;H(1s) bound by P01 Liu2024 introduction cross-reference,sigma(n=1-5);published finite-shell sum as printed,electron_capture_cross_section,1.19e-15,cm^2,AOCC-A;Toshima1995 NIFS-DATA-26 values imported by Minami2008,,NO_TABLE_A3_PER_CELL_ERROR_COLUMN;method_difference_not_statistical_error,LITERATURE_SUPPORTED,ALL_A3_NONBLANK_CELLS_VISUALLY_VERIFIED,SOURCE_NATIVE_CELL_ONLY;G1_NOT_AUTHORIZED,NOT_RUN,NOT_RUN,NOT_RUN
P04,10.1088/0953-4075/41/13/135201,papers/published/P04/Minami_2008_J._Phys._B__At._Mol._Opt._Phys._41_135201.pdf,de5057454e4eee37a030f6b1f7dee3fc3fe9e00a3739033d016c0584e33d3add,8,7,A3,sigma(n=1-5),AOCC-B,5,keV/u,,,NATIVE_IMPACT_ENERGY_KEV_PER_U;LAB_VS_CM_NOT_EXPLICIT;NO_CONVERSION,alpha/4He context;H notD/T;exact nuclear masses unspecified,He2+,H nativeP04;H(1s) bound by P01 Liu2024 introduction cross-reference,sigma(n=1-5);published finite-shell sum as printed,electron_capture_cross_section,1.19e-15,cm^2,AOCC-B,,NO_TABLE_A3_PER_CELL_ERROR_COLUMN;method_difference_not_statistical_error,LITERATURE_SUPPORTED,ALL_A3_NONBLANK_CELLS_VISUALLY_VERIFIED,SOURCE_NATIVE_CELL_ONLY;G1_NOT_AUTHORIZED,NOT_RUN,NOT_RUN,NOT_RUN
P04,10.1088/0953-4075/41/13/135201,papers/published/P04/Minami_2008_J._Phys._B__At._Mol._Opt._Phys._41_135201.pdf,de5057454e4eee37a030f6b1f7dee3fc3fe9e00a3739033d016c0584e33d3add,8,7,A3,sigma(n=1-5),CTMC,5,keV/u,,,NATIVE_IMPACT_ENERGY_KEV_PER_U;LAB_VS_CM_NOT_EXPLICIT;NO_CONVERSION,alpha/4He context;H notD/T;exact nuclear masses unspecified,He2+,H nativeP04;H(1s) bound by P01 Liu2024 introduction cross-reference,sigma(n=1-5);published finite-shell sum as printed,electron_capture_cross_section,8.39e-16,cm^2,CTMC,,NO_TABLE_A3_PER_CELL_ERROR_COLUMN;method_difference_not_statistical_error,LITERATURE_SUPPORTED,ALL_A3_NONBLANK_CELLS_VISUALLY_VERIFIED,SOURCE_NATIVE_CELL_ONLY;G1_NOT_AUTHORIZED,NOT_RUN,NOT_RUN,NOT_RUN
P04,10.1088/0953-4075/41/13/135201,papers/published/P04/Minami_2008_J._Phys._B__At._Mol._Opt._Phys._41_135201.pdf,de5057454e4eee37a030f6b1f7dee3fc3fe9e00a3739033d016c0584e33d3add,8,7,A3,sigma(n=1-20),LTDSE,5,keV/u,,,NATIVE_IMPACT_ENERGY_KEV_PER_U;LAB_VS_CM_NOT_EXPLICIT;NO_CONVERSION,alpha/4He context;H notD/T;exact nuclear masses unspecified,He2+,H nativeP04;H(1s) bound by P01 Liu2024 introduction cross-reference,sigma(n=1-20);LTDSE/AOCC-A/AOCC-B use CTMC n=6..20 normalized to each quantum method at n=5 (Appendix printedp10/PDF11); CTMC native sum1..20; equal rounded values in this 5keV/u table do not imply equivalence of definitions,electron_capture_cross_section,1.21e-15,cm^2,LTDSE,,NO_TABLE_A3_PER_CELL_ERROR_COLUMN;method_difference_not_statistical_error,LITERATURE_SUPPORTED,ALL_A3_NONBLANK_CELLS_VISUALLY_VERIFIED,SOURCE_NATIVE_CELL_ONLY;G1_NOT_AUTHORIZED,NOT_RUN,NOT_RUN,NOT_RUN
P04,10.1088/0953-4075/41/13/135201,papers/published/P04/Minami_2008_J._Phys._B__At._Mol._Opt._Phys._41_135201.pdf,de5057454e4eee37a030f6b1f7dee3fc3fe9e00a3739033d016c0584e33d3add,8,7,A3,sigma(n=1-20),AOCC-A,5,keV/u,,,NATIVE_IMPACT_ENERGY_KEV_PER_U;LAB_VS_CM_NOT_EXPLICIT;NO_CONVERSION,alpha/4He context;H notD/T;exact nuclear masses unspecified,He2+,H nativeP04;H(1s) bound by P01 Liu2024 introduction cross-reference,sigma(n=1-20);LTDSE/AOCC-A/AOCC-B use CTMC n=6..20 normalized to each quantum method at n=5 (Appendix printedp10/PDF11); CTMC native sum1..20; equal rounded values in this 5keV/u table do not imply equivalence of definitions,electron_capture_cross_section,1.19e-15,cm^2,AOCC-A;Toshima1995 NIFS-DATA-26 values imported by Minami2008,,NO_TABLE_A3_PER_CELL_ERROR_COLUMN;method_difference_not_statistical_error,LITERATURE_SUPPORTED,ALL_A3_NONBLANK_CELLS_VISUALLY_VERIFIED,SOURCE_NATIVE_CELL_ONLY;G1_NOT_AUTHORIZED,NOT_RUN,NOT_RUN,NOT_RUN
P04,10.1088/0953-4075/41/13/135201,papers/published/P04/Minami_2008_J._Phys._B__At._Mol._Opt._Phys._41_135201.pdf,de5057454e4eee37a030f6b1f7dee3fc3fe9e00a3739033d016c0584e33d3add,8,7,A3,sigma(n=1-20),AOCC-B,5,keV/u,,,NATIVE_IMPACT_ENERGY_KEV_PER_U;LAB_VS_CM_NOT_EXPLICIT;NO_CONVERSION,alpha/4He context;H notD/T;exact nuclear masses unspecified,He2+,H nativeP04;H(1s) bound by P01 Liu2024 introduction cross-reference,sigma(n=1-20);LTDSE/AOCC-A/AOCC-B use CTMC n=6..20 normalized to each quantum method at n=5 (Appendix printedp10/PDF11); CTMC native sum1..20; equal rounded values in this 5keV/u table do not imply equivalence of definitions,electron_capture_cross_section,1.19e-15,cm^2,AOCC-B,,NO_TABLE_A3_PER_CELL_ERROR_COLUMN;method_difference_not_statistical_error,LITERATURE_SUPPORTED,ALL_A3_NONBLANK_CELLS_VISUALLY_VERIFIED,SOURCE_NATIVE_CELL_ONLY;G1_NOT_AUTHORIZED,NOT_RUN,NOT_RUN,NOT_RUN
P04,10.1088/0953-4075/41/13/135201,papers/published/P04/Minami_2008_J._Phys._B__At._Mol._Opt._Phys._41_135201.pdf,de5057454e4eee37a030f6b1f7dee3fc3fe9e00a3739033d016c0584e33d3add,8,7,A3,sigma(n=1-20),CTMC,5,keV/u,,,NATIVE_IMPACT_ENERGY_KEV_PER_U;LAB_VS_CM_NOT_EXPLICIT;NO_CONVERSION,alpha/4He context;H notD/T;exact nuclear masses unspecified,He2+,H nativeP04;H(1s) bound by P01 Liu2024 introduction cross-reference,sigma(n=1-20);LTDSE/AOCC-A/AOCC-B use CTMC n=6..20 normalized to each quantum method at n=5 (Appendix printedp10/PDF11); CTMC native sum1..20; equal rounded values in this 5keV/u table do not imply equivalence of definitions,electron_capture_cross_section,8.39e-16,cm^2,CTMC,,NO_TABLE_A3_PER_CELL_ERROR_COLUMN;method_difference_not_statistical_error,LITERATURE_SUPPORTED,ALL_A3_NONBLANK_CELLS_VISUALLY_VERIFIED,SOURCE_NATIVE_CELL_ONLY;G1_NOT_AUTHORIZED,NOT_RUN,NOT_RUN,NOT_RUN
D-LIU24-1,10.57760/sciencedb.j00113.00114,datasets/liu2024_sciencedb/H1s-Capture cross sections.csv,78d710031b9f3539e3170f4dbd3d6d1ae4291923abe66e2076fe8fdac0d8f6f7,,,RAW_CSV,2,2:tot capture,2.25,keV/u,,,NOT_EXPLICIT_IN_RAW_CSV;NO_FRAME_CONVERSION,NOT_EXPLICITLY_ASSIGNED,He2+,H(1s),He+ capture center:tot capture,Electron capture cross sections,7.08E-16,UNRESOLVED_NOT_EXPLICIT_IN_RAW_METADATA,Liu2024 AOCC;3-basis mean in paperEq9;raw file no basis columns,,NO_UNCERTAINTY_COLUMN_IN_RAW_CSV,LITERATURE_SUPPORTED,ALL_LITERAL_NONBLANK_RAW_CSV_CELLS_AND_ASSOCIATED_ENERGY_COLUMNS_VERIFIED,BLOCKED_UNIT_AND_FRAME_SEMANTICS;G1_NOT_AUTHORIZED,NOT_RUN,NOT_RUN,NOT_RUN
D-LIU24-1,10.57760/sciencedb.j00113.00114,datasets/liu2024_sciencedb/H1s-Capture cross sections.csv,78d710031b9f3539e3170f4dbd3d6d1ae4291923abe66e2076fe8fdac0d8f6f7,,,RAW_CSV,3,2:tot capture,4,keV/u,,,NOT_EXPLICIT_IN_RAW_CSV;NO_FRAME_CONVERSION,NOT_EXPLICITLY_ASSIGNED,He2+,H(1s),He+ capture center:tot capture,Electron capture cross sections,1.06E-15,UNRESOLVED_NOT_EXPLICIT_IN_RAW_METADATA,Liu2024 AOCC;3-basis mean in paperEq9;raw file no basis columns,,NO_UNCERTAINTY_COLUMN_IN_RAW_CSV,LITERATURE_SUPPORTED,ALL_LITERAL_NONBLANK_RAW_CSV_CELLS_AND_ASSOCIATED_ENERGY_COLUMNS_VERIFIED,BLOCKED_UNIT_AND_FRAME_SEMANTICS;G1_NOT_AUTHORIZED,NOT_RUN,NOT_RUN,NOT_RUN
D-LIU24-1,10.57760/sciencedb.j00113.00114,datasets/liu2024_sciencedb/H1s-Capture cross sections.csv,78d710031b9f3539e3170f4dbd3d6d1ae4291923abe66e2076fe8fdac0d8f6f7,,,RAW_CSV,4,2:tot capture,6.25,keV/u,,,NOT_EXPLICIT_IN_RAW_CSV;NO_FRAME_CONVERSION,NOT_EXPLICITLY_ASSIGNED,He2+,H(1s),He+ capture center:tot capture,Electron capture cross sections,1.27E-15,UNRESOLVED_NOT_EXPLICIT_IN_RAW_METADATA,Liu2024 AOCC;3-basis mean in paperEq9;raw file no basis columns,,NO_UNCERTAINTY_COLUMN_IN_RAW_CSV,LITERATURE_SUPPORTED,ALL_LITERAL_NONBLANK_RAW_CSV_CELLS_AND_ASSOCIATED_ENERGY_COLUMNS_VERIFIED,BLOCKED_UNIT_AND_FRAME_SEMANTICS;G1_NOT_AUTHORIZED,NOT_RUN,NOT_RUN,NOT_RUN
D-LIU24-1,10.57760/sciencedb.j00113.00114,datasets/liu2024_sciencedb/H1s-Capture cross sections.csv,78d710031b9f3539e3170f4dbd3d6d1ae4291923abe66e2076fe8fdac0d8f6f7,,,RAW_CSV,5,2:tot capture,9,keV/u,,,NOT_EXPLICIT_IN_RAW_CSV;NO_FRAME_CONVERSION,NOT_EXPLICITLY_ASSIGNED,He2+,H(1s),He+ capture center:tot capture,Electron capture cross sections,1.34E-15,UNRESOLVED_NOT_EXPLICIT_IN_RAW_METADATA,Liu2024 AOCC;3-basis mean in paperEq9;raw file no basis columns,,NO_UNCERTAINTY_COLUMN_IN_RAW_CSV,LITERATURE_SUPPORTED,ALL_LITERAL_NONBLANK_RAW_CSV_CELLS_AND_ASSOCIATED_ENERGY_COLUMNS_VERIFIED,BLOCKED_UNIT_AND_FRAME_SEMANTICS;G1_NOT_AUTHORIZED,NOT_RUN,NOT_RUN,NOT_RUN
D-LIU24-1,10.57760/sciencedb.j00113.00114,datasets/liu2024_sciencedb/H1s-Capture cross sections.csv,78d710031b9f3539e3170f4dbd3d6d1ae4291923abe66e2076fe8fdac0d8f6f7,,,RAW_CSV,6,2:tot capture,12.25,keV/u,,,NOT_EXPLICIT_IN_RAW_CSV;NO_FRAME_CONVERSION,NOT_EXPLICITLY_ASSIGNED,He2+,H(1s),He+ capture center:tot capture,Electron capture cross sections,1.37E-15,UNRESOLVED_NOT_EXPLICIT_IN_RAW_METADATA,Liu2024 AOCC;3-basis mean in paperEq9;raw file no basis columns,,NO_UNCERTAINTY_COLUMN_IN_RAW_CSV,LITERATURE_SUPPORTED,ALL_LITERAL_NONBLANK_RAW_CSV_CELLS_AND_ASSOCIATED_ENERGY_COLUMNS_VERIFIED,BLOCKED_UNIT_AND_FRAME_SEMANTICS;G1_NOT_AUTHORIZED,NOT_RUN,NOT_RUN,NOT_RUN
D-LIU24-1,10.57760/sciencedb.j00113.00114,datasets/liu2024_sciencedb/H1s-Capture cross sections.csv,78d710031b9f3539e3170f4dbd3d6d1ae4291923abe66e2076fe8fdac0d8f6f7,,,RAW_CSV,7,2:tot capture,16,keV/u,,,NOT_EXPLICIT_IN_RAW_CSV;NO_FRAME_CONVERSION,NOT_EXPLICITLY_ASSIGNED,He2+,H(1s),He+ capture center:tot capture,Electron capture cross sections,1.29E-15,UNRESOLVED_NOT_EXPLICIT_IN_RAW_METADATA,Liu2024 AOCC;3-basis mean in paperEq9;raw file no basis columns,,NO_UNCERTAINTY_COLUMN_IN_RAW_CSV,LITERATURE_SUPPORTED,ALL_LITERAL_NONBLANK_RAW_CSV_CELLS_AND_ASSOCIATED_ENERGY_COLUMNS_VERIFIED,BLOCKED_UNIT_AND_FRAME_SEMANTICS;G1_NOT_AUTHORIZED,NOT_RUN,NOT_RUN,NOT_RUN
D-LIU24-1,10.57760/sciencedb.j00113.00114,datasets/liu2024_sciencedb/H1s-Capture cross sections.csv,78d710031b9f3539e3170f4dbd3d6d1ae4291923abe66e2076fe8fdac0d8f6f7,,,RAW_CSV,8,2:tot capture,20.25,keV/u,,,NOT_EXPLICIT_IN_RAW_CSV;NO_FRAME_CONVERSION,NOT_EXPLICITLY_ASSIGNED,He2+,H(1s),He+ capture center:tot capture,Electron capture cross sections,1.19E-15,UNRESOLVED_NOT_EXPLICIT_IN_RAW_METADATA,Liu2024 AOCC;3-basis mean in paperEq9;raw file no basis columns,,NO_UNCERTAINTY_COLUMN_IN_RAW_CSV,LITERATURE_SUPPORTED,ALL_LITERAL_NONBLANK_RAW_CSV_CELLS_AND_ASSOCIATED_ENERGY_COLUMNS_VERIFIED,BLOCKED_UNIT_AND_FRAME_SEMANTICS;G1_NOT_AUTHORIZED,NOT_RUN,NOT_RUN,NOT_RUN
D-LIU24-1,10.57760/sciencedb.j00113.00114,datasets/liu2024_sciencedb/H1s-Capture cross sections.csv,78d710031b9f3539e3170f4dbd3d6d1ae4291923abe66e2076fe8fdac0d8f6f7,,,RAW_CSV,9,2:tot capture,25,keV/u,,,NOT_EXPLICIT_IN_RAW_CSV;NO_FRAME_CONVERSION,NOT_EXPLICITLY_ASSIGNED,He2+,H(1s),He+ capture center:tot capture,Electron capture cross sections,1.06E-15,UNRESOLVED_NOT_EXPLICIT_IN_RAW_METADATA,Liu2024 AOCC;3-basis mean in paperEq9;raw file no basis columns,,NO_UNCERTAINTY_COLUMN_IN_RAW_CSV,LITERATURE_SUPPORTED,ALL_LITERAL_NONBLANK_RAW_CSV_CELLS_AND_ASSOCIATED_ENERGY_COLUMNS_VERIFIED,BLOCKED_UNIT_AND_FRAME_SEMANTICS;G1_NOT_AUTHORIZED,NOT_RUN,NOT_RUN,NOT_RUN
D-LIU24-1,10.57760/sciencedb.j00113.00114,datasets/liu2024_sciencedb/H1s-Capture cross sections.csv,78d710031b9f3539e3170f4dbd3d6d1ae4291923abe66e2076fe8fdac0d8f6f7,,,RAW_CSV,10,2:tot capture,30.25,keV/u,,,NOT_EXPLICIT_IN_RAW_CSV;NO_FRAME_CONVERSION,NOT_EXPLICITLY_ASSIGNED,He2+,H(1s),He+ capture center:tot capture,Electron capture cross sections,8.98E-16,UNRESOLVED_NOT_EXPLICIT_IN_RAW_METADATA,Liu2024 AOCC;3-basis mean in paperEq9;raw file no basis columns,,NO_UNCERTAINTY_COLUMN_IN_RAW_CSV,LITERATURE_SUPPORTED,ALL_LITERAL_NONBLANK_RAW_CSV_CELLS_AND_ASSOCIATED_ENERGY_COLUMNS_VERIFIED,BLOCKED_UNIT_AND_FRAME_SEMANTICS;G1_NOT_AUTHORIZED,NOT_RUN,NOT_RUN,NOT_RUN
D-LIU24-1,10.57760/sciencedb.j00113.00114,datasets/liu2024_sciencedb/H1s-Capture cross sections.csv,78d710031b9f3539e3170f4dbd3d6d1ae4291923abe66e2076fe8fdac0d8f6f7,,,RAW_CSV,11,2:tot capture,36,keV/u,,,NOT_EXPLICIT_IN_RAW_CSV;NO_FRAME_CONVERSION,NOT_EXPLICITLY_ASSIGNED,He2+,H(1s),He+ capture center:tot capture,Electron capture cross sections,7.25E-16,UNRESOLVED_NOT_EXPLICIT_IN_RAW_METADATA,Liu2024 AOCC;3-basis mean in paperEq9;raw file no basis columns,,NO_UNCERTAINTY_COLUMN_IN_RAW_CSV,LITERATURE_SUPPORTED,ALL_LITERAL_NONBLANK_RAW_CSV_CELLS_AND_ASSOCIATED_ENERGY_COLUMNS_VERIFIED,BLOCKED_UNIT_AND_FRAME_SEMANTICS;G1_NOT_AUTHORIZED,NOT_RUN,NOT_RUN,NOT_RUN
D-LIU24-1,10.57760/sciencedb.j00113.00114,datasets/liu2024_sciencedb/H1s-Capture cross sections.csv,78d710031b9f3539e3170f4dbd3d6d1ae4291923abe66e2076fe8fdac0d8f6f7,,,RAW_CSV,12,2:tot capture,42.25,keV/u,,,NOT_EXPLICIT_IN_RAW_CSV;NO_FRAME_CONVERSION,NOT_EXPLICITLY_ASSIGNED,He2+,H(1s),He+ capture center:tot capture,Electron capture cross sections,5.67E-16,UNRESOLVED_NOT_EXPLICIT_IN_RAW_METADATA,Liu2024 AOCC;3-basis mean in paperEq9;raw file no basis columns,,NO_UNCERTAINTY_COLUMN_IN_RAW_CSV,LITERATURE_SUPPORTED,ALL_LITERAL_NONBLANK_RAW_CSV_CELLS_AND_ASSOCIATED_ENERGY_COLUMNS_VERIFIED,BLOCKED_UNIT_AND_FRAME_SEMANTICS;G1_NOT_AUTHORIZED,NOT_RUN,NOT_RUN,NOT_RUN
D-LIU24-1,10.57760/sciencedb.j00113.00114,datasets/liu2024_sciencedb/H1s-Capture cross sections.csv,78d710031b9f3539e3170f4dbd3d6d1ae4291923abe66e2076fe8fdac0d8f6f7,,,RAW_CSV,13,2:tot capture,49,keV/u,,,NOT_EXPLICIT_IN_RAW_CSV;NO_FRAME_CONVERSION,NOT_EXPLICITLY_ASSIGNED,He2+,H(1s),He+ capture center:tot capture,Electron capture cross sections,4.25E-16,UNRESOLVED_NOT_EXPLICIT_IN_RAW_METADATA,Liu2024 AOCC;3-basis mean in paperEq9;raw file no basis columns,,NO_UNCERTAINTY_COLUMN_IN_RAW_CSV,LITERATURE_SUPPORTED,ALL_LITERAL_NONBLANK_RAW_CSV_CELLS_AND_ASSOCIATED_ENERGY_COLUMNS_VERIFIED,BLOCKED_UNIT_AND_FRAME_SEMANTICS;G1_NOT_AUTHORIZED,NOT_RUN,NOT_RUN,NOT_RUN
D-LIU24-1,10.57760/sciencedb.j00113.00114,datasets/liu2024_sciencedb/H1s-Capture cross sections.csv,78d710031b9f3539e3170f4dbd3d6d1ae4291923abe66e2076fe8fdac0d8f6f7,,,RAW_CSV,14,2:tot capture,56.25,keV/u,,,NOT_EXPLICIT_IN_RAW_CSV;NO_FRAME_CONVERSION,NOT_EXPLICITLY_ASSIGNED,He2+,H(1s),He+ capture center:tot capture,Electron capture cross sections,3.18E-16,UNRESOLVED_NOT_EXPLICIT_IN_RAW_METADATA,Liu2024 AOCC;3-basis mean in paperEq9;raw file no basis columns,,NO_UNCERTAINTY_COLUMN_IN_RAW_CSV,LITERATURE_SUPPORTED,ALL_LITERAL_NONBLANK_RAW_CSV_CELLS_AND_ASSOCIATED_ENERGY_COLUMNS_VERIFIED,BLOCKED_UNIT_AND_FRAME_SEMANTICS;G1_NOT_AUTHORIZED,NOT_RUN,NOT_RUN,NOT_RUN
D-LIU24-1,10.57760/sciencedb.j00113.00114,datasets/liu2024_sciencedb/H1s-Capture cross sections.csv,78d710031b9f3539e3170f4dbd3d6d1ae4291923abe66e2076fe8fdac0d8f6f7,,,RAW_CSV,15,2:tot capture,64,keV/u,,,NOT_EXPLICIT_IN_RAW_CSV;NO_FRAME_CONVERSION,NOT_EXPLICITLY_ASSIGNED,He2+,H(1s),He+ capture center:tot capture,Electron capture cross sections,2.26E-16,UNRESOLVED_NOT_EXPLICIT_IN_RAW_METADATA,Liu2024 AOCC;3-basis mean in paperEq9;raw file no basis columns,,NO_UNCERTAINTY_COLUMN_IN_RAW_CSV,LITERATURE_SUPPORTED,ALL_LITERAL_NONBLANK_RAW_CSV_CELLS_AND_ASSOCIATED_ENERGY_COLUMNS_VERIFIED,BLOCKED_UNIT_AND_FRAME_SEMANTICS;G1_NOT_AUTHORIZED,NOT_RUN,NOT_RUN,NOT_RUN
D-LIU24-1,10.57760/sciencedb.j00113.00114,datasets/liu2024_sciencedb/H1s-Capture cross sections.csv,78d710031b9f3539e3170f4dbd3d6d1ae4291923abe66e2076fe8fdac0d8f6f7,,,RAW_CSV,16,2:tot capture,72.25,keV/u,,,NOT_EXPLICIT_IN_RAW_CSV;NO_FRAME_CONVERSION,NOT_EXPLICITLY_ASSIGNED,He2+,H(1s),He+ capture center:tot capture,Electron capture cross sections,1.63E-16,UNRESOLVED_NOT_EXPLICIT_IN_RAW_METADATA,Liu2024 AOCC;3-basis mean in paperEq9;raw file no basis columns,,NO_UNCERTAINTY_COLUMN_IN_RAW_CSV,LITERATURE_SUPPORTED,ALL_LITERAL_NONBLANK_RAW_CSV_CELLS_AND_ASSOCIATED_ENERGY_COLUMNS_VERIFIED,BLOCKED_UNIT_AND_FRAME_SEMANTICS;G1_NOT_AUTHORIZED,NOT_RUN,NOT_RUN,NOT_RUN
D-LIU24-1,10.57760/sciencedb.j00113.00114,datasets/liu2024_sciencedb/H1s-Capture cross sections.csv,78d710031b9f3539e3170f4dbd3d6d1ae4291923abe66e2076fe8fdac0d8f6f7,,,RAW_CSV,17,2:tot capture,81,keV/u,,,NOT_EXPLICIT_IN_RAW_CSV;NO_FRAME_CONVERSION,NOT_EXPLICITLY_ASSIGNED,He2+,H(1s),He+ capture center:tot capture,Electron capture cross sections,1.17E-16,UNRESOLVED_NOT_EXPLICIT_IN_RAW_METADATA,Liu2024 AOCC;3-basis mean in paperEq9;raw file no basis columns,,NO_UNCERTAINTY_COLUMN_IN_RAW_CSV,LITERATURE_SUPPORTED,ALL_LITERAL_NONBLANK_RAW_CSV_CELLS_AND_ASSOCIATED_ENERGY_COLUMNS_VERIFIED,BLOCKED_UNIT_AND_FRAME_SEMANTICS;G1_NOT_AUTHORIZED,NOT_RUN,NOT_RUN,NOT_RUN
D-LIU24-1,10.57760/sciencedb.j00113.00114,datasets/liu2024_sciencedb/H1s-Capture cross sections.csv,78d710031b9f3539e3170f4dbd3d6d1ae4291923abe66e2076fe8fdac0d8f6f7,,,RAW_CSV,18,2:tot capture,90.25,keV/u,,,NOT_EXPLICIT_IN_RAW_CSV;NO_FRAME_CONVERSION,NOT_EXPLICITLY_ASSIGNED,He2+,H(1s),He+ capture center:tot capture,Electron capture cross sections,8.38E-17,UNRESOLVED_NOT_EXPLICIT_IN_RAW_METADATA,Liu2024 AOCC;3-basis mean in paperEq9;raw file no basis columns,,NO_UNCERTAINTY_COLUMN_IN_RAW_CSV,LITERATURE_SUPPORTED,ALL_LITERAL_NONBLANK_RAW_CSV_CELLS_AND_ASSOCIATED_ENERGY_COLUMNS_VERIFIED,BLOCKED_UNIT_AND_FRAME_SEMANTICS;G1_NOT_AUTHORIZED,NOT_RUN,NOT_RUN,NOT_RUN
D-LIU24-1,10.57760/sciencedb.j00113.00114,datasets/liu2024_sciencedb/H1s-Capture cross sections.csv,78d710031b9f3539e3170f4dbd3d6d1ae4291923abe66e2076fe8fdac0d8f6f7,,,RAW_CSV,19,2:tot capture,100,keV/u,,,NOT_EXPLICIT_IN_RAW_CSV;NO_FRAME_CONVERSION,NOT_EXPLICITLY_ASSIGNED,He2+,H(1s),He+ capture center:tot capture,Electron capture cross sections,6.16E-17,UNRESOLVED_NOT_EXPLICIT_IN_RAW_METADATA,Liu2024 AOCC;3-basis mean in paperEq9;raw file no basis columns,,NO_UNCERTAINTY_COLUMN_IN_RAW_CSV,LITERATURE_SUPPORTED,ALL_LITERAL_NONBLANK_RAW_CSV_CELLS_AND_ASSOCIATED_ENERGY_COLUMNS_VERIFIED,BLOCKED_UNIT_AND_FRAME_SEMANTICS;G1_NOT_AUTHORIZED,NOT_RUN,NOT_RUN,NOT_RUN
D-LIU24-1,10.57760/sciencedb.j00113.00114,datasets/liu2024_sciencedb/H1s-Capture cross sections.csv,78d710031b9f3539e3170f4dbd3d6d1ae4291923abe66e2076fe8fdac0d8f6f7,,,RAW_CSV,20,2:tot capture,110.25,keV/u,,,NOT_EXPLICIT_IN_RAW_CSV;NO_FRAME_CONVERSION,NOT_EXPLICITLY_ASSIGNED,He2+,H(1s),He+ capture center:tot capture,Electron capture cross sections,4.43E-17,UNRESOLVED_NOT_EXPLICIT_IN_RAW_METADATA,Liu2024 AOCC;3-basis mean in paperEq9;raw file no basis columns,,NO_UNCERTAINTY_COLUMN_IN_RAW_CSV,LITERATURE_SUPPORTED,ALL_LITERAL_NONBLANK_RAW_CSV_CELLS_AND_ASSOCIATED_ENERGY_COLUMNS_VERIFIED,BLOCKED_UNIT_AND_FRAME_SEMANTICS;G1_NOT_AUTHORIZED,NOT_RUN,NOT_RUN,NOT_RUN
D-LIU24-1,10.57760/sciencedb.j00113.00114,datasets/liu2024_sciencedb/H1s-Capture cross sections.csv,78d710031b9f3539e3170f4dbd3d6d1ae4291923abe66e2076fe8fdac0d8f6f7,,,RAW_CSV,21,2:tot capture,121,keV/u,,,NOT_EXPLICIT_IN_RAW_CSV;NO_FRAME_CONVERSION,NOT_EXPLICITLY_ASSIGNED,He2+,H(1s),He+ capture center:tot capture,Electron capture cross sections,3.26E-17,UNRESOLVED_NOT_EXPLICIT_IN_RAW_METADATA,Liu2024 AOCC;3-basis mean in paperEq9;raw file no basis columns,,NO_UNCERTAINTY_COLUMN_IN_RAW_CSV,LITERATURE_SUPPORTED,ALL_LITERAL_NONBLANK_RAW_CSV_CELLS_AND_ASSOCIATED_ENERGY_COLUMNS_VERIFIED,BLOCKED_UNIT_AND_FRAME_SEMANTICS;G1_NOT_AUTHORIZED,NOT_RUN,NOT_RUN,NOT_RUN
D-LIU24-1,10.57760/sciencedb.j00113.00114,datasets/liu2024_sciencedb/H1s-Capture cross sections.csv,78d710031b9f3539e3170f4dbd3d6d1ae4291923abe66e2076fe8fdac0d8f6f7,,,RAW_CSV,22,2:tot capture,132.25,keV/u,,,NOT_EXPLICIT_IN_RAW_CSV;NO_FRAME_CONVERSION,NOT_EXPLICITLY_ASSIGNED,He2+,H(1s),He+ capture center:tot capture,Electron capture cross sections,2.41E-17,UNRESOLVED_NOT_EXPLICIT_IN_RAW_METADATA,Liu2024 AOCC;3-basis mean in paperEq9;raw file no basis columns,,NO_UNCERTAINTY_COLUMN_IN_RAW_CSV,LITERATURE_SUPPORTED,ALL_LITERAL_NONBLANK_RAW_CSV_CELLS_AND_ASSOCIATED_ENERGY_COLUMNS_VERIFIED,BLOCKED_UNIT_AND_FRAME_SEMANTICS;G1_NOT_AUTHORIZED,NOT_RUN,NOT_RUN,NOT_RUN
D-LIU24-1,10.57760/sciencedb.j00113.00114,datasets/liu2024_sciencedb/H1s-Capture cross sections.csv,78d710031b9f3539e3170f4dbd3d6d1ae4291923abe66e2076fe8fdac0d8f6f7,,,RAW_CSV,23,2:tot capture,144,keV/u,,,NOT_EXPLICIT_IN_RAW_CSV;NO_FRAME_CONVERSION,NOT_EXPLICITLY_ASSIGNED,He2+,H(1s),He+ capture center:tot capture,Electron capture cross sections,1.79E-17,UNRESOLVED_NOT_EXPLICIT_IN_RAW_METADATA,Liu2024 AOCC;3-basis mean in paperEq9;raw file no basis columns,,NO_UNCERTAINTY_COLUMN_IN_RAW_CSV,LITERATURE_SUPPORTED,ALL_LITERAL_NONBLANK_RAW_CSV_CELLS_AND_ASSOCIATED_ENERGY_COLUMNS_VERIFIED,BLOCKED_UNIT_AND_FRAME_SEMANTICS;G1_NOT_AUTHORIZED,NOT_RUN,NOT_RUN,NOT_RUN
D-LIU24-1,10.57760/sciencedb.j00113.00114,datasets/liu2024_sciencedb/H1s-Capture cross sections.csv,78d710031b9f3539e3170f4dbd3d6d1ae4291923abe66e2076fe8fdac0d8f6f7,,,RAW_CSV,24,2:tot capture,156.25,keV/u,,,NOT_EXPLICIT_IN_RAW_CSV;NO_FRAME_CONVERSION,NOT_EXPLICITLY_ASSIGNED,He2+,H(1s),He+ capture center:tot capture,Electron capture cross sections,1.33E-17,UNRESOLVED_NOT_EXPLICIT_IN_RAW_METADATA,Liu2024 AOCC;3-basis mean in paperEq9;raw file no basis columns,,NO_UNCERTAINTY_COLUMN_IN_RAW_CSV,LITERATURE_SUPPORTED,ALL_LITERAL_NONBLANK_RAW_CSV_CELLS_AND_ASSOCIATED_ENERGY_COLUMNS_VERIFIED,BLOCKED_UNIT_AND_FRAME_SEMANTICS;G1_NOT_AUTHORIZED,NOT_RUN,NOT_RUN,NOT_RUN
D-LIU24-1,10.57760/sciencedb.j00113.00114,datasets/liu2024_sciencedb/H1s-Capture cross sections.csv,78d710031b9f3539e3170f4dbd3d6d1ae4291923abe66e2076fe8fdac0d8f6f7,,,RAW_CSV,25,2:tot capture,169,keV/u,,,NOT_EXPLICIT_IN_RAW_CSV;NO_FRAME_CONVERSION,NOT_EXPLICITLY_ASSIGNED,He2+,H(1s),He+ capture center:tot capture,Electron capture cross sections,9.95E-18,UNRESOLVED_NOT_EXPLICIT_IN_RAW_METADATA,Liu2024 AOCC;3-basis mean in paperEq9;raw file no basis columns,,NO_UNCERTAINTY_COLUMN_IN_RAW_CSV,LITERATURE_SUPPORTED,ALL_LITERAL_NONBLANK_RAW_CSV_CELLS_AND_ASSOCIATED_ENERGY_COLUMNS_VERIFIED,BLOCKED_UNIT_AND_FRAME_SEMANTICS;G1_NOT_AUTHORIZED,NOT_RUN,NOT_RUN,NOT_RUN
D-LIU24-1,10.57760/sciencedb.j00113.00114,datasets/liu2024_sciencedb/H1s-Capture cross sections.csv,78d710031b9f3539e3170f4dbd3d6d1ae4291923abe66e2076fe8fdac0d8f6f7,,,RAW_CSV,26,2:tot capture,182.25,keV/u,,,NOT_EXPLICIT_IN_RAW_CSV;NO_FRAME_CONVERSION,NOT_EXPLICITLY_ASSIGNED,He2+,H(1s),He+ capture center:tot capture,Electron capture cross sections,7.69E-18,UNRESOLVED_NOT_EXPLICIT_IN_RAW_METADATA,Liu2024 AOCC;3-basis mean in paperEq9;raw file no basis columns,,NO_UNCERTAINTY_COLUMN_IN_RAW_CSV,LITERATURE_SUPPORTED,ALL_LITERAL_NONBLANK_RAW_CSV_CELLS_AND_ASSOCIATED_ENERGY_COLUMNS_VERIFIED,BLOCKED_UNIT_AND_FRAME_SEMANTICS;G1_NOT_AUTHORIZED,NOT_RUN,NOT_RUN,NOT_RUN
D-LIU24-1,10.57760/sciencedb.j00113.00114,datasets/liu2024_sciencedb/H1s-Capture cross sections.csv,78d710031b9f3539e3170f4dbd3d6d1ae4291923abe66e2076fe8fdac0d8f6f7,,,RAW_CSV,27,2:tot capture,196,keV/u,,,NOT_EXPLICIT_IN_RAW_CSV;NO_FRAME_CONVERSION,NOT_EXPLICITLY_ASSIGNED,He2+,H(1s),He+ capture center:tot capture,Electron capture cross sections,5.81E-18,UNRESOLVED_NOT_EXPLICIT_IN_RAW_METADATA,Liu2024 AOCC;3-basis mean in paperEq9;raw file no basis columns,,NO_UNCERTAINTY_COLUMN_IN_RAW_CSV,LITERATURE_SUPPORTED,ALL_LITERAL_NONBLANK_RAW_CSV_CELLS_AND_ASSOCIATED_ENERGY_COLUMNS_VERIFIED,BLOCKED_UNIT_AND_FRAME_SEMANTICS;G1_NOT_AUTHORIZED,NOT_RUN,NOT_RUN,NOT_RUN
D-LIU24-1,10.57760/sciencedb.j00113.00114,datasets/liu2024_sciencedb/H1s-Capture cross sections.csv,78d710031b9f3539e3170f4dbd3d6d1ae4291923abe66e2076fe8fdac0d8f6f7,,,RAW_CSV,28,2:tot capture,210.25,keV/u,,,NOT_EXPLICIT_IN_RAW_CSV;NO_FRAME_CONVERSION,NOT_EXPLICITLY_ASSIGNED,He2+,H(1s),He+ capture center:tot capture,Electron capture cross sections,4.28E-18,UNRESOLVED_NOT_EXPLICIT_IN_RAW_METADATA,Liu2024 AOCC;3-basis mean in paperEq9;raw file no basis columns,,NO_UNCERTAINTY_COLUMN_IN_RAW_CSV,LITERATURE_SUPPORTED,ALL_LITERAL_NONBLANK_RAW_CSV_CELLS_AND_ASSOCIATED_ENERGY_COLUMNS_VERIFIED,BLOCKED_UNIT_AND_FRAME_SEMANTICS;G1_NOT_AUTHORIZED,NOT_RUN,NOT_RUN,NOT_RUN
D-LIU24-1,10.57760/sciencedb.j00113.00114,datasets/liu2024_sciencedb/H1s-Capture cross sections.csv,78d710031b9f3539e3170f4dbd3d6d1ae4291923abe66e2076fe8fdac0d8f6f7,,,RAW_CSV,29,2:tot capture,225,keV/u,,,NOT_EXPLICIT_IN_RAW_CSV;NO_FRAME_CONVERSION,NOT_EXPLICITLY_ASSIGNED,He2+,H(1s),He+ capture center:tot capture,Electron capture cross sections,3.43E-18,UNRESOLVED_NOT_EXPLICIT_IN_RAW_METADATA,Liu2024 AOCC;3-basis mean in paperEq9;raw file no basis columns,,NO_UNCERTAINTY_COLUMN_IN_RAW_CSV,LITERATURE_SUPPORTED,ALL_LITERAL_NONBLANK_RAW_CSV_CELLS_AND_ASSOCIATED_ENERGY_COLUMNS_VERIFIED,BLOCKED_UNIT_AND_FRAME_SEMANTICS;G1_NOT_AUTHORIZED,NOT_RUN,NOT_RUN,NOT_RUN
D-LIU24-1,10.57760/sciencedb.j00113.00114,datasets/liu2024_sciencedb/H1s-Capture cross sections.csv,78d710031b9f3539e3170f4dbd3d6d1ae4291923abe66e2076fe8fdac0d8f6f7,,,RAW_CSV,2,4:1s,2.25,keV/u,,,NOT_EXPLICIT_IN_RAW_CSV;NO_FRAME_CONVERSION,NOT_EXPLICITLY_ASSIGNED,He2+,H(1s),He+ capture center:1s,Electron capture cross sections,5.68E-19,UNRESOLVED_NOT_EXPLICIT_IN_RAW_METADATA,Liu2024 AOCC;3-basis mean in paperEq9;raw file no basis columns,,NO_UNCERTAINTY_COLUMN_IN_RAW_CSV,LITERATURE_SUPPORTED,ALL_LITERAL_NONBLANK_RAW_CSV_CELLS_AND_ASSOCIATED_ENERGY_COLUMNS_VERIFIED,BLOCKED_UNIT_AND_FRAME_SEMANTICS;G1_NOT_AUTHORIZED,NOT_RUN,NOT_RUN,NOT_RUN
D-LIU24-1,10.57760/sciencedb.j00113.00114,datasets/liu2024_sciencedb/H1s-Capture cross sections.csv,78d710031b9f3539e3170f4dbd3d6d1ae4291923abe66e2076fe8fdac0d8f6f7,,,RAW_CSV,3,4:1s,4,keV/u,,,NOT_EXPLICIT_IN_RAW_CSV;NO_FRAME_CONVERSION,NOT_EXPLICITLY_ASSIGNED,He2+,H(1s),He+ capture center:1s,Electron capture cross sections,1.02E-19,UNRESOLVED_NOT_EXPLICIT_IN_RAW_METADATA,Liu2024 AOCC;3-basis mean in paperEq9;raw file no basis columns,,NO_UNCERTAINTY_COLUMN_IN_RAW_CSV,LITERATURE_SUPPORTED,ALL_LITERAL_NONBLANK_RAW_CSV_CELLS_AND_ASSOCIATED_ENERGY_COLUMNS_VERIFIED,BLOCKED_UNIT_AND_FRAME_SEMANTICS;G1_NOT_AUTHORIZED,NOT_RUN,NOT_RUN,NOT_RUN
D-LIU24-1,10.57760/sciencedb.j00113.00114,datasets/liu2024_sciencedb/H1s-Capture cross sections.csv,78d710031b9f3539e3170f4dbd3d6d1ae4291923abe66e2076fe8fdac0d8f6f7,,,RAW_CSV,4,4:1s,6.25,keV/u,,,NOT_EXPLICIT_IN_RAW_CSV;NO_FRAME_CONVERSION,NOT_EXPLICITLY_ASSIGNED,He2+,H(1s),He+ capture center:1s,Electron capture cross sections,8.43E-20,UNRESOLVED_NOT_EXPLICIT_IN_RAW_METADATA,Liu2024 AOCC;3-basis mean in paperEq9;raw file no basis columns,,NO_UNCERTAINTY_COLUMN_IN_RAW_CSV,LITERATURE_SUPPORTED,ALL_LITERAL_NONBLANK_RAW_CSV_CELLS_AND_ASSOCIATED_ENERGY_COLUMNS_VERIFIED,BLOCKED_UNIT_AND_FRAME_SEMANTICS;G1_NOT_AUTHORIZED,NOT_RUN,NOT_RUN,NOT_RUN
D-LIU24-1,10.57760/sciencedb.j00113.00114,datasets/liu2024_sciencedb/H1s-Capture cross sections.csv,78d710031b9f3539e3170f4dbd3d6d1ae4291923abe66e2076fe8fdac0d8f6f7,,,RAW_CSV,5,4:1s,9,keV/u,,,NOT_EXPLICIT_IN_RAW_CSV;NO_FRAME_CONVERSION,NOT_EXPLICITLY_ASSIGNED,He2+,H(1s),He+ capture center:1s,Electron capture cross sections,8.41E-19,UNRESOLVED_NOT_EXPLICIT_IN_RAW_METADATA,Liu2024 AOCC;3-basis mean in paperEq9;raw file no basis columns,,NO_UNCERTAINTY_COLUMN_IN_RAW_CSV,LITERATURE_SUPPORTED,ALL_LITERAL_NONBLANK_RAW_CSV_CELLS_AND_ASSOCIATED_ENERGY_COLUMNS_VERIFIED,BLOCKED_UNIT_AND_FRAME_SEMANTICS;G1_NOT_AUTHORIZED,NOT_RUN,NOT_RUN,NOT_RUN
D-LIU24-1,10.57760/sciencedb.j00113.00114,datasets/liu2024_sciencedb/H1s-Capture cross sections.csv,78d710031b9f3539e3170f4dbd3d6d1ae4291923abe66e2076fe8fdac0d8f6f7,,,RAW_CSV,6,4:1s,11.56,keV/u,,,NOT_EXPLICIT_IN_RAW_CSV;NO_FRAME_CONVERSION,NOT_EXPLICITLY_ASSIGNED,He2+,H(1s),He+ capture center:1s,Electron capture cross sections,2.96E-18,UNRESOLVED_NOT_EXPLICIT_IN_RAW_METADATA,Liu2024 AOCC;3-basis mean in paperEq9;raw file no basis columns,,NO_UNCERTAINTY_COLUMN_IN_RAW_CSV,LITERATURE_SUPPORTED,ALL_LITERAL_NONBLANK_RAW_CSV_CELLS_AND_ASSOCIATED_ENERGY_COLUMNS_VERIFIED,BLOCKED_UNIT_AND_FRAME_SEMANTICS;G1_NOT_AUTHORIZED,NOT_RUN,NOT_RUN,NOT_RUN
D-LIU24-1,10.57760/sciencedb.j00113.00114,datasets/liu2024_sciencedb/H1s-Capture cross sections.csv,78d710031b9f3539e3170f4dbd3d6d1ae4291923abe66e2076fe8fdac0d8f6f7,,,RAW_CSV,7,4:1s,16,keV/u,,,NOT_EXPLICIT_IN_RAW_CSV;NO_FRAME_CONVERSION,NOT_EXPLICITLY_ASSIGNED,He2+,H(1s),He+ capture center:1s,Electron capture cross sections,7.60E-18,UNRESOLVED_NOT_EXPLICIT_IN_RAW_METADATA,Liu2024 AOCC;3-basis mean in paperEq9;raw file no basis columns,,NO_UNCERTAINTY_COLUMN_IN_RAW_CSV,LITERATURE_SUPPORTED,ALL_LITERAL_NONBLANK_RAW_CSV_CELLS_AND_ASSOCIATED_ENERGY_COLUMNS_VERIFIED,BLOCKED_UNIT_AND_FRAME_SEMANTICS;G1_NOT_AUTHORIZED,NOT_RUN,NOT_RUN,NOT_RUN
D-LIU24-1,10.57760/sciencedb.j00113.00114,datasets/liu2024_sciencedb/H1s-Capture cross sections.csv,78d710031b9f3539e3170f4dbd3d6d1ae4291923abe66e2076fe8fdac0d8f6f7,,,RAW_CSV,8,4:1s,20.25,keV/u,,,NOT_EXPLICIT_IN_RAW_CSV;NO_FRAME_CONVERSION,NOT_EXPLICITLY_ASSIGNED,He2+,H(1s),He+ capture center:1s,Electron capture cross sections,1.30E-17,UNRESOLVED_NOT_EXPLICIT_IN_RAW_METADATA,Liu2024 AOCC;3-basis mean in paperEq9;raw file no basis columns,,NO_UNCERTAINTY_COLUMN_IN_RAW_CSV,LITERATURE_SUPPORTED,ALL_LITERAL_NONBLANK_RAW_CSV_CELLS_AND_ASSOCIATED_ENERGY_COLUMNS_VERIFIED,BLOCKED_UNIT_AND_FRAME_SEMANTICS;G1_NOT_AUTHORIZED,NOT_RUN,NOT_RUN,NOT_RUN
D-LIU24-1,10.57760/sciencedb.j00113.00114,datasets/liu2024_sciencedb/H1s-Capture cross sections.csv,78d710031b9f3539e3170f4dbd3d6d1ae4291923abe66e2076fe8fdac0d8f6f7,,,RAW_CSV,9,4:1s,25,keV/u,,,NOT_EXPLICIT_IN_RAW_CSV;NO_FRAME_CONVERSION,NOT_EXPLICITLY_ASSIGNED,He2+,H(1s),He+ capture center:1s,Electron capture cross sections,1.78E-17,UNRESOLVED_NOT_EXPLICIT_IN_RAW_METADATA,Liu2024 AOCC;3-basis mean in paperEq9;raw file no basis columns,,NO_UNCERTAINTY_COLUMN_IN_RAW_CSV,LITERATURE_SUPPORTED,ALL_LITERAL_NONBLANK_RAW_CSV_CELLS_AND_ASSOCIATED_ENERGY_COLUMNS_VERIFIED,BLOCKED_UNIT_AND_FRAME_SEMANTICS;G1_NOT_AUTHORIZED,NOT_RUN,NOT_RUN,NOT_RUN
D-LIU24-1,10.57760/sciencedb.j00113.00114,datasets/liu2024_sciencedb/H1s-Capture cross sections.csv,78d710031b9f3539e3170f4dbd3d6d1ae4291923abe66e2076fe8fdac0d8f6f7,,,RAW_CSV,10,4:1s,30.25,keV/u,,,NOT_EXPLICIT_IN_RAW_CSV;NO_FRAME_CONVERSION,NOT_EXPLICITLY_ASSIGNED,He2+,H(1s),He+ capture center:1s,Electron capture cross sections,2.08E-17,UNRESOLVED_NOT_EXPLICIT_IN_RAW_METADATA,Liu2024 AOCC;3-basis mean in paperEq9;raw file no basis columns,,NO_UNCERTAINTY_COLUMN_IN_RAW_CSV,LITERATURE_SUPPORTED,ALL_LITERAL_NONBLANK_RAW_CSV_CELLS_AND_ASSOCIATED_ENERGY_COLUMNS_VERIFIED,BLOCKED_UNIT_AND_FRAME_SEMANTICS;G1_NOT_AUTHORIZED,NOT_RUN,NOT_RUN,NOT_RUN
D-LIU24-1,10.57760/sciencedb.j00113.00114,datasets/liu2024_sciencedb/H1s-Capture cross sections.csv,78d710031b9f3539e3170f4dbd3d6d1ae4291923abe66e2076fe8fdac0d8f6f7,,,RAW_CSV,11,4:1s,36,keV/u,,,NOT_EXPLICIT_IN_RAW_CSV;NO_FRAME_CONVERSION,NOT_EXPLICITLY_ASSIGNED,He2+,H(1s),He+ capture center:1s,Electron capture cross sections,2.31E-17,UNRESOLVED_NOT_EXPLICIT_IN_RAW_METADATA,Liu2024 AOCC;3-basis mean in paperEq9;raw file no basis columns,,NO_UNCERTAINTY_COLUMN_IN_RAW_CSV,LITERATURE_SUPPORTED,ALL_LITERAL_NONBLANK_RAW_CSV_CELLS_AND_ASSOCIATED_ENERGY_COLUMNS_VERIFIED,BLOCKED_UNIT_AND_FRAME_SEMANTICS;G1_NOT_AUTHORIZED,NOT_RUN,NOT_RUN,NOT_RUN
D-LIU24-1,10.57760/sciencedb.j00113.00114,datasets/liu2024_sciencedb/H1s-Capture cross sections.csv,78d710031b9f3539e3170f4dbd3d6d1ae4291923abe66e2076fe8fdac0d8f6f7,,,RAW_CSV,12,4:1s,42.25,keV/u,,,NOT_EXPLICIT_IN_RAW_CSV;NO_FRAME_CONVERSION,NOT_EXPLICITLY_ASSIGNED,He2+,H(1s),He+ capture center:1s,Electron capture cross sections,2.50E-17,UNRESOLVED_NOT_EXPLICIT_IN_RAW_METADATA,Liu2024 AOCC;3-basis mean in paperEq9;raw file no basis columns,,NO_UNCERTAINTY_COLUMN_IN_RAW_CSV,LITERATURE_SUPPORTED,ALL_LITERAL_NONBLANK_RAW_CSV_CELLS_AND_ASSOCIATED_ENERGY_COLUMNS_VERIFIED,BLOCKED_UNIT_AND_FRAME_SEMANTICS;G1_NOT_AUTHORIZED,NOT_RUN,NOT_RUN,NOT_RUN
D-LIU24-1,10.57760/sciencedb.j00113.00114,datasets/liu2024_sciencedb/H1s-Capture cross sections.csv,78d710031b9f3539e3170f4dbd3d6d1ae4291923abe66e2076fe8fdac0d8f6f7,,,RAW_CSV,13,4:1s,47.61,keV/u,,,NOT_EXPLICIT_IN_RAW_CSV;NO_FRAME_CONVERSION,NOT_EXPLICITLY_ASSIGNED,He2+,H(1s),He+ capture center:1s,Electron capture cross sections,2.34E-17,UNRESOLVED_NOT_EXPLICIT_IN_RAW_METADATA,Liu2024 AOCC;3-basis mean in paperEq9;raw file no basis columns,,NO_UNCERTAINTY_COLUMN_IN_RAW_CSV,LITERATURE_SUPPORTED,ALL_LITERAL_NONBLANK_RAW_CSV_CELLS_AND_ASSOCIATED_ENERGY_COLUMNS_VERIFIED,BLOCKED_UNIT_AND_FRAME_SEMANTICS;G1_NOT_AUTHORIZED,NOT_RUN,NOT_RUN,NOT_RUN
D-LIU24-1,10.57760/sciencedb.j00113.00114,datasets/liu2024_sciencedb/H1s-Capture cross sections.csv,78d710031b9f3539e3170f4dbd3d6d1ae4291923abe66e2076fe8fdac0d8f6f7,,,RAW_CSV,14,4:1s,64,keV/u,,,NOT_EXPLICIT_IN_RAW_CSV;NO_FRAME_CONVERSION,NOT_EXPLICITLY_ASSIGNED,He2+,H(1s),He+ capture center:1s,Electron capture cross sections,2.10E-17,UNRESOLVED_NOT_EXPLICIT_IN_RAW_METADATA,Liu2024 AOCC;3-basis mean in paperEq9;raw file no basis columns,,NO_UNCERTAINTY_COLUMN_IN_RAW_CSV,LITERATURE_SUPPORTED,ALL_LITERAL_NONBLANK_RAW_CSV_CELLS_AND_ASSOCIATED_ENERGY_COLUMNS_VERIFIED,BLOCKED_UNIT_AND_FRAME_SEMANTICS;G1_NOT_AUTHORIZED,NOT_RUN,NOT_RUN,NOT_RUN
D-LIU24-1,10.57760/sciencedb.j00113.00114,datasets/liu2024_sciencedb/H1s-Capture cross sections.csv,78d710031b9f3539e3170f4dbd3d6d1ae4291923abe66e2076fe8fdac0d8f6f7,,,RAW_CSV,15,4:1s,72.25,keV/u,,,NOT_EXPLICIT_IN_RAW_CSV;NO_FRAME_CONVERSION,NOT_EXPLICITLY_ASSIGNED,He2+,H(1s),He+ capture center:1s,Electron capture cross sections,1.84E-17,UNRESOLVED_NOT_EXPLICIT_IN_RAW_METADATA,Liu2024 AOCC;3-basis mean in paperEq9;raw file no basis columns,,NO_UNCERTAINTY_COLUMN_IN_RAW_CSV,LITERATURE_SUPPORTED,ALL_LITERAL_NONBLANK_RAW_CSV_CELLS_AND_ASSOCIATED_ENERGY_COLUMNS_VERIFIED,BLOCKED_UNIT_AND_FRAME_SEMANTICS;G1_NOT_AUTHORIZED,NOT_RUN,NOT_RUN,NOT_RUN
D-LIU24-1,10.57760/sciencedb.j00113.00114,datasets/liu2024_sciencedb/H1s-Capture cross sections.csv,78d710031b9f3539e3170f4dbd3d6d1ae4291923abe66e2076fe8fdac0d8f6f7,,,RAW_CSV,16,4:1s,81,keV/u,,,NOT_EXPLICIT_IN_RAW_CSV;NO_FRAME_CONVERSION,NOT_EXPLICITLY_ASSIGNED,He2+,H(1s),He+ capture center:1s,Electron capture cross sections,1.62E-17,UNRESOLVED_NOT_EXPLICIT_IN_RAW_METADATA,Liu2024 AOCC;3-basis mean in paperEq9;raw file no basis columns,,NO_UNCERTAINTY_COLUMN_IN_RAW_CSV,LITERATURE_SUPPORTED,ALL_LITERAL_NONBLANK_RAW_CSV_CELLS_AND_ASSOCIATED_ENERGY_COLUMNS_VERIFIED,BLOCKED_UNIT_AND_FRAME_SEMANTICS;G1_NOT_AUTHORIZED,NOT_RUN,NOT_RUN,NOT_RUN
D-LIU24-1,10.57760/sciencedb.j00113.00114,datasets/liu2024_sciencedb/H1s-Capture cross sections.csv,78d710031b9f3539e3170f4dbd3d6d1ae4291923abe66e2076fe8fdac0d8f6f7,,,RAW_CSV,17,4:1s,90.25,keV/u,,,NOT_EXPLICIT_IN_RAW_CSV;NO_FRAME_CONVERSION,NOT_EXPLICITLY_ASSIGNED,He2+,H(1s),He+ capture center:1s,Electron capture cross sections,1.35E-17,UNRESOLVED_NOT_EXPLICIT_IN_RAW_METADATA,Liu2024 AOCC;3-basis mean in paperEq9;raw file no basis columns,,NO_UNCERTAINTY_COLUMN_IN_RAW_CSV,LITERATURE_SUPPORTED,ALL_LITERAL_NONBLANK_RAW_CSV_CELLS_AND_ASSOCIATED_ENERGY_COLUMNS_VERIFIED,BLOCKED_UNIT_AND_FRAME_SEMANTICS;G1_NOT_AUTHORIZED,NOT_RUN,NOT_RUN,NOT_RUN
D-LIU24-1,10.57760/sciencedb.j00113.00114,datasets/liu2024_sciencedb/H1s-Capture cross sections.csv,78d710031b9f3539e3170f4dbd3d6d1ae4291923abe66e2076fe8fdac0d8f6f7,,,RAW_CSV,18,4:1s,100,keV/u,,,NOT_EXPLICIT_IN_RAW_CSV;NO_FRAME_CONVERSION,NOT_EXPLICITLY_ASSIGNED,He2+,H(1s),He+ capture center:1s,Electron capture cross sections,1.15E-17,UNRESOLVED_NOT_EXPLICIT_IN_RAW_METADATA,Liu2024 AOCC;3-basis mean in paperEq9;raw file no basis columns,,NO_UNCERTAINTY_COLUMN_IN_RAW_CSV,LITERATURE_SUPPORTED,ALL_LITERAL_NONBLANK_RAW_CSV_CELLS_AND_ASSOCIATED_ENERGY_COLUMNS_VERIFIED,BLOCKED_UNIT_AND_FRAME_SEMANTICS;G1_NOT_AUTHORIZED,NOT_RUN,NOT_RUN,NOT_RUN
D-LIU24-1,10.57760/sciencedb.j00113.00114,datasets/liu2024_sciencedb/H1s-Capture cross sections.csv,78d710031b9f3539e3170f4dbd3d6d1ae4291923abe66e2076fe8fdac0d8f6f7,,,RAW_CSV,19,4:1s,110.25,keV/u,,,NOT_EXPLICIT_IN_RAW_CSV;NO_FRAME_CONVERSION,NOT_EXPLICITLY_ASSIGNED,He2+,H(1s),He+ capture center:1s,Electron capture cross sections,9.60E-18,UNRESOLVED_NOT_EXPLICIT_IN_RAW_METADATA,Liu2024 AOCC;3-basis mean in paperEq9;raw file no basis columns,,NO_UNCERTAINTY_COLUMN_IN_RAW_CSV,LITERATURE_SUPPORTED,ALL_LITERAL_NONBLANK_RAW_CSV_CELLS_AND_ASSOCIATED_ENERGY_COLUMNS_VERIFIED,BLOCKED_UNIT_AND_FRAME_SEMANTICS;G1_NOT_AUTHORIZED,NOT_RUN,NOT_RUN,NOT_RUN
D-LIU24-1,10.57760/sciencedb.j00113.00114,datasets/liu2024_sciencedb/H1s-Capture cross sections.csv,78d710031b9f3539e3170f4dbd3d6d1ae4291923abe66e2076fe8fdac0d8f6f7,,,RAW_CSV,20,4:1s,121,keV/u,,,NOT_EXPLICIT_IN_RAW_CSV;NO_FRAME_CONVERSION,NOT_EXPLICITLY_ASSIGNED,He2+,H(1s),He+ capture center:1s,Electron capture cross sections,7.95E-18,UNRESOLVED_NOT_EXPLICIT_IN_RAW_METADATA,Liu2024 AOCC;3-basis mean in paperEq9;raw file no basis columns,,NO_UNCERTAINTY_COLUMN_IN_RAW_CSV,LITERATURE_SUPPORTED,ALL_LITERAL_NONBLANK_RAW_CSV_CELLS_AND_ASSOCIATED_ENERGY_COLUMNS_VERIFIED,BLOCKED_UNIT_AND_FRAME_SEMANTICS;G1_NOT_AUTHORIZED,NOT_RUN,NOT_RUN,NOT_RUN
D-LIU24-1,10.57760/sciencedb.j00113.00114,datasets/liu2024_sciencedb/H1s-Capture cross sections.csv,78d710031b9f3539e3170f4dbd3d6d1ae4291923abe66e2076fe8fdac0d8f6f7,,,RAW_CSV,21,4:1s,132.25,keV/u,,,NOT_EXPLICIT_IN_RAW_CSV;NO_FRAME_CONVERSION,NOT_EXPLICITLY_ASSIGNED,He2+,H(1s),He+ capture center:1s,Electron capture cross sections,6.53E-18,UNRESOLVED_NOT_EXPLICIT_IN_RAW_METADATA,Liu2024 AOCC;3-basis mean in paperEq9;raw file no basis columns,,NO_UNCERTAINTY_COLUMN_IN_RAW_CSV,LITERATURE_SUPPORTED,ALL_LITERAL_NONBLANK_RAW_CSV_CELLS_AND_ASSOCIATED_ENERGY_COLUMNS_VERIFIED,BLOCKED_UNIT_AND_FRAME_SEMANTICS;G1_NOT_AUTHORIZED,NOT_RUN,NOT_RUN,NOT_RUN
D-LIU24-1,10.57760/sciencedb.j00113.00114,datasets/liu2024_sciencedb/H1s-Capture cross sections.csv,78d710031b9f3539e3170f4dbd3d6d1ae4291923abe66e2076fe8fdac0d8f6f7,,,RAW_CSV,22,4:1s,144,keV/u,,,NOT_EXPLICIT_IN_RAW_CSV;NO_FRAME_CONVERSION,NOT_EXPLICITLY_ASSIGNED,He2+,H(1s),He+ capture center:1s,Electron capture cross sections,5.27E-18,UNRESOLVED_NOT_EXPLICIT_IN_RAW_METADATA,Liu2024 AOCC;3-basis mean in paperEq9;raw file no basis columns,,NO_UNCERTAINTY_COLUMN_IN_RAW_CSV,LITERATURE_SUPPORTED,ALL_LITERAL_NONBLANK_RAW_CSV_CELLS_AND_ASSOCIATED_ENERGY_COLUMNS_VERIFIED,BLOCKED_UNIT_AND_FRAME_SEMANTICS;G1_NOT_AUTHORIZED,NOT_RUN,NOT_RUN,NOT_RUN
D-LIU24-1,10.57760/sciencedb.j00113.00114,datasets/liu2024_sciencedb/H1s-Capture cross sections.csv,78d710031b9f3539e3170f4dbd3d6d1ae4291923abe66e2076fe8fdac0d8f6f7,,,RAW_CSV,23,4:1s,156.25,keV/u,,,NOT_EXPLICIT_IN_RAW_CSV;NO_FRAME_CONVERSION,NOT_EXPLICITLY_ASSIGNED,He2+,H(1s),He+ capture center:1s,Electron capture cross sections,4.45E-18,UNRESOLVED_NOT_EXPLICIT_IN_RAW_METADATA,Liu2024 AOCC;3-basis mean in paperEq9;raw file no basis columns,,NO_UNCERTAINTY_COLUMN_IN_RAW_CSV,LITERATURE_SUPPORTED,ALL_LITERAL_NONBLANK_RAW_CSV_CELLS_AND_ASSOCIATED_ENERGY_COLUMNS_VERIFIED,BLOCKED_UNIT_AND_FRAME_SEMANTICS;G1_NOT_AUTHORIZED,NOT_RUN,NOT_RUN,NOT_RUN
D-LIU24-1,10.57760/sciencedb.j00113.00114,datasets/liu2024_sciencedb/H1s-Capture cross sections.csv,78d710031b9f3539e3170f4dbd3d6d1ae4291923abe66e2076fe8fdac0d8f6f7,,,RAW_CSV,24,4:1s,169,keV/u,,,NOT_EXPLICIT_IN_RAW_CSV;NO_FRAME_CONVERSION,NOT_EXPLICITLY_ASSIGNED,He2+,H(1s),He+ capture center:1s,Electron capture cross sections,3.65E-18,UNRESOLVED_NOT_EXPLICIT_IN_RAW_METADATA,Liu2024 AOCC;3-basis mean in paperEq9;raw file no basis columns,,NO_UNCERTAINTY_COLUMN_IN_RAW_CSV,LITERATURE_SUPPORTED,ALL_LITERAL_NONBLANK_RAW_CSV_CELLS_AND_ASSOCIATED_ENERGY_COLUMNS_VERIFIED,BLOCKED_UNIT_AND_FRAME_SEMANTICS;G1_NOT_AUTHORIZED,NOT_RUN,NOT_RUN,NOT_RUN
D-LIU24-1,10.57760/sciencedb.j00113.00114,datasets/liu2024_sciencedb/H1s-Capture cross sections.csv,78d710031b9f3539e3170f4dbd3d6d1ae4291923abe66e2076fe8fdac0d8f6f7,,,RAW_CSV,25,4:1s,182.25,keV/u,,,NOT_EXPLICIT_IN_RAW_CSV;NO_FRAME_CONVERSION,NOT_EXPLICITLY_ASSIGNED,He2+,H(1s),He+ capture center:1s,Electron capture cross sections,2.93E-18,UNRESOLVED_NOT_EXPLICIT_IN_RAW_METADATA,Liu2024 AOCC;3-basis mean in paperEq9;raw file no basis columns,,NO_UNCERTAINTY_COLUMN_IN_RAW_CSV,LITERATURE_SUPPORTED,ALL_LITERAL_NONBLANK_RAW_CSV_CELLS_AND_ASSOCIATED_ENERGY_COLUMNS_VERIFIED,BLOCKED_UNIT_AND_FRAME_SEMANTICS;G1_NOT_AUTHORIZED,NOT_RUN,NOT_RUN,NOT_RUN
D-LIU24-1,10.57760/sciencedb.j00113.00114,datasets/liu2024_sciencedb/H1s-Capture cross sections.csv,78d710031b9f3539e3170f4dbd3d6d1ae4291923abe66e2076fe8fdac0d8f6f7,,,RAW_CSV,26,4:1s,196,keV/u,,,NOT_EXPLICIT_IN_RAW_CSV;NO_FRAME_CONVERSION,NOT_EXPLICITLY_ASSIGNED,He2+,H(1s),He+ capture center:1s,Electron capture cross sections,2.39E-18,UNRESOLVED_NOT_EXPLICIT_IN_RAW_METADATA,Liu2024 AOCC;3-basis mean in paperEq9;raw file no basis columns,,NO_UNCERTAINTY_COLUMN_IN_RAW_CSV,LITERATURE_SUPPORTED,ALL_LITERAL_NONBLANK_RAW_CSV_CELLS_AND_ASSOCIATED_ENERGY_COLUMNS_VERIFIED,BLOCKED_UNIT_AND_FRAME_SEMANTICS;G1_NOT_AUTHORIZED,NOT_RUN,NOT_RUN,NOT_RUN
D-LIU24-1,10.57760/sciencedb.j00113.00114,datasets/liu2024_sciencedb/H1s-Capture cross sections.csv,78d710031b9f3539e3170f4dbd3d6d1ae4291923abe66e2076fe8fdac0d8f6f7,,,RAW_CSV,27,4:1s,210.25,keV/u,,,NOT_EXPLICIT_IN_RAW_CSV;NO_FRAME_CONVERSION,NOT_EXPLICITLY_ASSIGNED,He2+,H(1s),He+ capture center:1s,Electron capture cross sections,1.86E-18,UNRESOLVED_NOT_EXPLICIT_IN_RAW_METADATA,Liu2024 AOCC;3-basis mean in paperEq9;raw file no basis columns,,NO_UNCERTAINTY_COLUMN_IN_RAW_CSV,LITERATURE_SUPPORTED,ALL_LITERAL_NONBLANK_RAW_CSV_CELLS_AND_ASSOCIATED_ENERGY_COLUMNS_VERIFIED,BLOCKED_UNIT_AND_FRAME_SEMANTICS;G1_NOT_AUTHORIZED,NOT_RUN,NOT_RUN,NOT_RUN
D-LIU24-1,10.57760/sciencedb.j00113.00114,datasets/liu2024_sciencedb/H1s-Capture cross sections.csv,78d710031b9f3539e3170f4dbd3d6d1ae4291923abe66e2076fe8fdac0d8f6f7,,,RAW_CSV,28,4:1s,225,keV/u,,,NOT_EXPLICIT_IN_RAW_CSV;NO_FRAME_CONVERSION,NOT_EXPLICITLY_ASSIGNED,He2+,H(1s),He+ capture center:1s,Electron capture cross sections,1.53E-18,UNRESOLVED_NOT_EXPLICIT_IN_RAW_METADATA,Liu2024 AOCC;3-basis mean in paperEq9;raw file no basis columns,,NO_UNCERTAINTY_COLUMN_IN_RAW_CSV,LITERATURE_SUPPORTED,ALL_LITERAL_NONBLANK_RAW_CSV_CELLS_AND_ASSOCIATED_ENERGY_COLUMNS_VERIFIED,BLOCKED_UNIT_AND_FRAME_SEMANTICS;G1_NOT_AUTHORIZED,NOT_RUN,NOT_RUN,NOT_RUN
D-LIU24-1,10.57760/sciencedb.j00113.00114,datasets/liu2024_sciencedb/H1s-Capture cross sections.csv,78d710031b9f3539e3170f4dbd3d6d1ae4291923abe66e2076fe8fdac0d8f6f7,,,RAW_CSV,2,6:2s,2.25,keV/u,,,NOT_EXPLICIT_IN_RAW_CSV;NO_FRAME_CONVERSION,NOT_EXPLICITLY_ASSIGNED,He2+,H(1s),He+ capture center:2s,Electron capture cross sections,1.42E-16,UNRESOLVED_NOT_EXPLICIT_IN_RAW_METADATA,Liu2024 AOCC;3-basis mean in paperEq9;raw file no basis columns,,NO_UNCERTAINTY_COLUMN_IN_RAW_CSV,LITERATURE_SUPPORTED,ALL_LITERAL_NONBLANK_RAW_CSV_CELLS_AND_ASSOCIATED_ENERGY_COLUMNS_VERIFIED,BLOCKED_UNIT_AND_FRAME_SEMANTICS;G1_NOT_AUTHORIZED,NOT_RUN,NOT_RUN,NOT_RUN
D-LIU24-1,10.57760/sciencedb.j00113.00114,datasets/liu2024_sciencedb/H1s-Capture cross sections.csv,78d710031b9f3539e3170f4dbd3d6d1ae4291923abe66e2076fe8fdac0d8f6f7,,,RAW_CSV,2,7:2p,2.25,keV/u,,,NOT_EXPLICIT_IN_RAW_CSV;NO_FRAME_CONVERSION,NOT_EXPLICITLY_ASSIGNED,He2+,H(1s),He+ capture center:2p,Electron capture cross sections,3.50E-16,UNRESOLVED_NOT_EXPLICIT_IN_RAW_METADATA,Liu2024 AOCC;3-basis mean in paperEq9;raw file no basis columns,,NO_UNCERTAINTY_COLUMN_IN_RAW_CSV,LITERATURE_SUPPORTED,ALL_LITERAL_NONBLANK_RAW_CSV_CELLS_AND_ASSOCIATED_ENERGY_COLUMNS_VERIFIED,BLOCKED_UNIT_AND_FRAME_SEMANTICS;G1_NOT_AUTHORIZED,NOT_RUN,NOT_RUN,NOT_RUN
D-LIU24-1,10.57760/sciencedb.j00113.00114,datasets/liu2024_sciencedb/H1s-Capture cross sections.csv,78d710031b9f3539e3170f4dbd3d6d1ae4291923abe66e2076fe8fdac0d8f6f7,,,RAW_CSV,2,8:3s,2.25,keV/u,,,NOT_EXPLICIT_IN_RAW_CSV;NO_FRAME_CONVERSION,NOT_EXPLICITLY_ASSIGNED,He2+,H(1s),He+ capture center:3s,Electron capture cross sections,5.75E-18,UNRESOLVED_NOT_EXPLICIT_IN_RAW_METADATA,Liu2024 AOCC;3-basis mean in paperEq9;raw file no basis columns,,NO_UNCERTAINTY_COLUMN_IN_RAW_CSV,LITERATURE_SUPPORTED,ALL_LITERAL_NONBLANK_RAW_CSV_CELLS_AND_ASSOCIATED_ENERGY_COLUMNS_VERIFIED,BLOCKED_UNIT_AND_FRAME_SEMANTICS;G1_NOT_AUTHORIZED,NOT_RUN,NOT_RUN,NOT_RUN
D-LIU24-1,10.57760/sciencedb.j00113.00114,datasets/liu2024_sciencedb/H1s-Capture cross sections.csv,78d710031b9f3539e3170f4dbd3d6d1ae4291923abe66e2076fe8fdac0d8f6f7,,,RAW_CSV,2,9:3p,2.25,keV/u,,,NOT_EXPLICIT_IN_RAW_CSV;NO_FRAME_CONVERSION,NOT_EXPLICITLY_ASSIGNED,He2+,H(1s),He+ capture center:3p,Electron capture cross sections,1.93E-17,UNRESOLVED_NOT_EXPLICIT_IN_RAW_METADATA,Liu2024 AOCC;3-basis mean in paperEq9;raw file no basis columns,,NO_UNCERTAINTY_COLUMN_IN_RAW_CSV,LITERATURE_SUPPORTED,ALL_LITERAL_NONBLANK_RAW_CSV_CELLS_AND_ASSOCIATED_ENERGY_COLUMNS_VERIFIED,BLOCKED_UNIT_AND_FRAME_SEMANTICS;G1_NOT_AUTHORIZED,NOT_RUN,NOT_RUN,NOT_RUN
D-LIU24-1,10.57760/sciencedb.j00113.00114,datasets/liu2024_sciencedb/H1s-Capture cross sections.csv,78d710031b9f3539e3170f4dbd3d6d1ae4291923abe66e2076fe8fdac0d8f6f7,,,RAW_CSV,2,10:3d,2.25,keV/u,,,NOT_EXPLICIT_IN_RAW_CSV;NO_FRAME_CONVERSION,NOT_EXPLICITLY_ASSIGNED,He2+,H(1s),He+ capture center:3d,Electron capture cross sections,1.21E-17,UNRESOLVED_NOT_EXPLICIT_IN_RAW_METADATA,Liu2024 AOCC;3-basis mean in paperEq9;raw file no basis columns,,NO_UNCERTAINTY_COLUMN_IN_RAW_CSV,LITERATURE_SUPPORTED,ALL_LITERAL_NONBLANK_RAW_CSV_CELLS_AND_ASSOCIATED_ENERGY_COLUMNS_VERIFIED,BLOCKED_UNIT_AND_FRAME_SEMANTICS;G1_NOT_AUTHORIZED,NOT_RUN,NOT_RUN,NOT_RUN
D-LIU24-1,10.57760/sciencedb.j00113.00114,datasets/liu2024_sciencedb/H1s-Capture cross sections.csv,78d710031b9f3539e3170f4dbd3d6d1ae4291923abe66e2076fe8fdac0d8f6f7,,,RAW_CSV,3,6:2s,4,keV/u,,,NOT_EXPLICIT_IN_RAW_CSV;NO_FRAME_CONVERSION,NOT_EXPLICITLY_ASSIGNED,He2+,H(1s),He+ capture center:2s,Electron capture cross sections,1.95E-16,UNRESOLVED_NOT_EXPLICIT_IN_RAW_METADATA,Liu2024 AOCC;3-basis mean in paperEq9;raw file no basis columns,,NO_UNCERTAINTY_COLUMN_IN_RAW_CSV,LITERATURE_SUPPORTED,ALL_LITERAL_NONBLANK_RAW_CSV_CELLS_AND_ASSOCIATED_ENERGY_COLUMNS_VERIFIED,BLOCKED_UNIT_AND_FRAME_SEMANTICS;G1_NOT_AUTHORIZED,NOT_RUN,NOT_RUN,NOT_RUN
D-LIU24-1,10.57760/sciencedb.j00113.00114,datasets/liu2024_sciencedb/H1s-Capture cross sections.csv,78d710031b9f3539e3170f4dbd3d6d1ae4291923abe66e2076fe8fdac0d8f6f7,,,RAW_CSV,3,7:2p,4,keV/u,,,NOT_EXPLICIT_IN_RAW_CSV;NO_FRAME_CONVERSION,NOT_EXPLICITLY_ASSIGNED,He2+,H(1s),He+ capture center:2p,Electron capture cross sections,4.00E-16,UNRESOLVED_NOT_EXPLICIT_IN_RAW_METADATA,Liu2024 AOCC;3-basis mean in paperEq9;raw file no basis columns,,NO_UNCERTAINTY_COLUMN_IN_RAW_CSV,LITERATURE_SUPPORTED,ALL_LITERAL_NONBLANK_RAW_CSV_CELLS_AND_ASSOCIATED_ENERGY_COLUMNS_VERIFIED,BLOCKED_UNIT_AND_FRAME_SEMANTICS;G1_NOT_AUTHORIZED,NOT_RUN,NOT_RUN,NOT_RUN
D-LIU24-1,10.57760/sciencedb.j00113.00114,datasets/liu2024_sciencedb/H1s-Capture cross sections.csv,78d710031b9f3539e3170f4dbd3d6d1ae4291923abe66e2076fe8fdac0d8f6f7,,,RAW_CSV,3,8:3s,4,keV/u,,,NOT_EXPLICIT_IN_RAW_CSV;NO_FRAME_CONVERSION,NOT_EXPLICITLY_ASSIGNED,He2+,H(1s),He+ capture center:3s,Electron capture cross sections,1.12E-17,UNRESOLVED_NOT_EXPLICIT_IN_RAW_METADATA,Liu2024 AOCC;3-basis mean in paperEq9;raw file no basis columns,,NO_UNCERTAINTY_COLUMN_IN_RAW_CSV,LITERATURE_SUPPORTED,ALL_LITERAL_NONBLANK_RAW_CSV_CELLS_AND_ASSOCIATED_ENERGY_COLUMNS_VERIFIED,BLOCKED_UNIT_AND_FRAME_SEMANTICS;G1_NOT_AUTHORIZED,NOT_RUN,NOT_RUN,NOT_RUN
D-LIU24-1,10.57760/sciencedb.j00113.00114,datasets/liu2024_sciencedb/H1s-Capture cross sections.csv,78d710031b9f3539e3170f4dbd3d6d1ae4291923abe66e2076fe8fdac0d8f6f7,,,RAW_CSV,3,9:3p,4,keV/u,,,NOT_EXPLICIT_IN_RAW_CSV;NO_FRAME_CONVERSION,NOT_EXPLICITLY_ASSIGNED,He2+,H(1s),He+ capture center:3p,Electron capture cross sections,2.98E-17,UNRESOLVED_NOT_EXPLICIT_IN_RAW_METADATA,Liu2024 AOCC;3-basis mean in paperEq9;raw file no basis columns,,NO_UNCERTAINTY_COLUMN_IN_RAW_CSV,LITERATURE_SUPPORTED,ALL_LITERAL_NONBLANK_RAW_CSV_CELLS_AND_ASSOCIATED_ENERGY_COLUMNS_VERIFIED,BLOCKED_UNIT_AND_FRAME_SEMANTICS;G1_NOT_AUTHORIZED,NOT_RUN,NOT_RUN,NOT_RUN
D-LIU24-1,10.57760/sciencedb.j00113.00114,datasets/liu2024_sciencedb/H1s-Capture cross sections.csv,78d710031b9f3539e3170f4dbd3d6d1ae4291923abe66e2076fe8fdac0d8f6f7,,,RAW_CSV,3,10:3d,4,keV/u,,,NOT_EXPLICIT_IN_RAW_CSV;NO_FRAME_CONVERSION,NOT_EXPLICITLY_ASSIGNED,He2+,H(1s),He+ capture center:3d,Electron capture cross sections,1.55E-17,UNRESOLVED_NOT_EXPLICIT_IN_RAW_METADATA,Liu2024 AOCC;3-basis mean in paperEq9;raw file no basis columns,,NO_UNCERTAINTY_COLUMN_IN_RAW_CSV,LITERATURE_SUPPORTED,ALL_LITERAL_NONBLANK_RAW_CSV_CELLS_AND_ASSOCIATED_ENERGY_COLUMNS_VERIFIED,BLOCKED_UNIT_AND_FRAME_SEMANTICS;G1_NOT_AUTHORIZED,NOT_RUN,NOT_RUN,NOT_RUN
D-LIU24-1,10.57760/sciencedb.j00113.00114,datasets/liu2024_sciencedb/H1s-Capture cross sections.csv,78d710031b9f3539e3170f4dbd3d6d1ae4291923abe66e2076fe8fdac0d8f6f7,,,RAW_CSV,4,6:2s,6.25,keV/u,,,NOT_EXPLICIT_IN_RAW_CSV;NO_FRAME_CONVERSION,NOT_EXPLICITLY_ASSIGNED,He2+,H(1s),He+ capture center:2s,Electron capture cross sections,2.15E-16,UNRESOLVED_NOT_EXPLICIT_IN_RAW_METADATA,Liu2024 AOCC;3-basis mean in paperEq9;raw file no basis columns,,NO_UNCERTAINTY_COLUMN_IN_RAW_CSV,LITERATURE_SUPPORTED,ALL_LITERAL_NONBLANK_RAW_CSV_CELLS_AND_ASSOCIATED_ENERGY_COLUMNS_VERIFIED,BLOCKED_UNIT_AND_FRAME_SEMANTICS;G1_NOT_AUTHORIZED,NOT_RUN,NOT_RUN,NOT_RUN
D-LIU24-1,10.57760/sciencedb.j00113.00114,datasets/liu2024_sciencedb/H1s-Capture cross sections.csv,78d710031b9f3539e3170f4dbd3d6d1ae4291923abe66e2076fe8fdac0d8f6f7,,,RAW_CSV,4,7:2p,6.25,keV/u,,,NOT_EXPLICIT_IN_RAW_CSV;NO_FRAME_CONVERSION,NOT_EXPLICITLY_ASSIGNED,He2+,H(1s),He+ capture center:2p,Electron capture cross sections,6.37E-16,UNRESOLVED_NOT_EXPLICIT_IN_RAW_METADATA,Liu2024 AOCC;3-basis mean in paperEq9;raw file no basis columns,,NO_UNCERTAINTY_COLUMN_IN_RAW_CSV,LITERATURE_SUPPORTED,ALL_LITERAL_NONBLANK_RAW_CSV_CELLS_AND_ASSOCIATED_ENERGY_COLUMNS_VERIFIED,BLOCKED_UNIT_AND_FRAME_SEMANTICS;G1_NOT_AUTHORIZED,NOT_RUN,NOT_RUN,NOT_RUN
D-LIU24-1,10.57760/sciencedb.j00113.00114,datasets/liu2024_sciencedb/H1s-Capture cross sections.csv,78d710031b9f3539e3170f4dbd3d6d1ae4291923abe66e2076fe8fdac0d8f6f7,,,RAW_CSV,4,8:3s,6.25,keV/u,,,NOT_EXPLICIT_IN_RAW_CSV;NO_FRAME_CONVERSION,NOT_EXPLICITLY_ASSIGNED,He2+,H(1s),He+ capture center:3s,Electron capture cross sections,1.18E-17,UNRESOLVED_NOT_EXPLICIT_IN_RAW_METADATA,Liu2024 AOCC;3-basis mean in paperEq9;raw file no basis columns,,NO_UNCERTAINTY_COLUMN_IN_RAW_CSV,LITERATURE_SUPPORTED,ALL_LITERAL_NONBLANK_RAW_CSV_CELLS_AND_ASSOCIATED_ENERGY_COLUMNS_VERIFIED,BLOCKED_UNIT_AND_FRAME_SEMANTICS;G1_NOT_AUTHORIZED,NOT_RUN,NOT_RUN,NOT_RUN
D-LIU24-1,10.57760/sciencedb.j00113.00114,datasets/liu2024_sciencedb/H1s-Capture cross sections.csv,78d710031b9f3539e3170f4dbd3d6d1ae4291923abe66e2076fe8fdac0d8f6f7,,,RAW_CSV,4,9:3p,6.25,keV/u,,,NOT_EXPLICIT_IN_RAW_CSV;NO_FRAME_CONVERSION,NOT_EXPLICITLY_ASSIGNED,He2+,H(1s),He+ capture center:3p,Electron capture cross sections,4.05E-17,UNRESOLVED_NOT_EXPLICIT_IN_RAW_METADATA,Liu2024 AOCC;3-basis mean in paperEq9;raw file no basis columns,,NO_UNCERTAINTY_COLUMN_IN_RAW_CSV,LITERATURE_SUPPORTED,ALL_LITERAL_NONBLANK_RAW_CSV_CELLS_AND_ASSOCIATED_ENERGY_COLUMNS_VERIFIED,BLOCKED_UNIT_AND_FRAME_SEMANTICS;G1_NOT_AUTHORIZED,NOT_RUN,NOT_RUN,NOT_RUN
D-LIU24-1,10.57760/sciencedb.j00113.00114,datasets/liu2024_sciencedb/H1s-Capture cross sections.csv,78d710031b9f3539e3170f4dbd3d6d1ae4291923abe66e2076fe8fdac0d8f6f7,,,RAW_CSV,4,10:3d,6.25,keV/u,,,NOT_EXPLICIT_IN_RAW_CSV;NO_FRAME_CONVERSION,NOT_EXPLICITLY_ASSIGNED,He2+,H(1s),He+ capture center:3d,Electron capture cross sections,2.82E-17,UNRESOLVED_NOT_EXPLICIT_IN_RAW_METADATA,Liu2024 AOCC;3-basis mean in paperEq9;raw file no basis columns,,NO_UNCERTAINTY_COLUMN_IN_RAW_CSV,LITERATURE_SUPPORTED,ALL_LITERAL_NONBLANK_RAW_CSV_CELLS_AND_ASSOCIATED_ENERGY_COLUMNS_VERIFIED,BLOCKED_UNIT_AND_FRAME_SEMANTICS;G1_NOT_AUTHORIZED,NOT_RUN,NOT_RUN,NOT_RUN
D-LIU24-1,10.57760/sciencedb.j00113.00114,datasets/liu2024_sciencedb/H1s-Capture cross sections.csv,78d710031b9f3539e3170f4dbd3d6d1ae4291923abe66e2076fe8fdac0d8f6f7,,,RAW_CSV,5,6:2s,9,keV/u,,,NOT_EXPLICIT_IN_RAW_CSV;NO_FRAME_CONVERSION,NOT_EXPLICITLY_ASSIGNED,He2+,H(1s),He+ capture center:2s,Electron capture cross sections,2.23E-16,UNRESOLVED_NOT_EXPLICIT_IN_RAW_METADATA,Liu2024 AOCC;3-basis mean in paperEq9;raw file no basis columns,,NO_UNCERTAINTY_COLUMN_IN_RAW_CSV,LITERATURE_SUPPORTED,ALL_LITERAL_NONBLANK_RAW_CSV_CELLS_AND_ASSOCIATED_ENERGY_COLUMNS_VERIFIED,BLOCKED_UNIT_AND_FRAME_SEMANTICS;G1_NOT_AUTHORIZED,NOT_RUN,NOT_RUN,NOT_RUN
D-LIU24-1,10.57760/sciencedb.j00113.00114,datasets/liu2024_sciencedb/H1s-Capture cross sections.csv,78d710031b9f3539e3170f4dbd3d6d1ae4291923abe66e2076fe8fdac0d8f6f7,,,RAW_CSV,5,7:2p,9,keV/u,,,NOT_EXPLICIT_IN_RAW_CSV;NO_FRAME_CONVERSION,NOT_EXPLICITLY_ASSIGNED,He2+,H(1s),He+ capture center:2p,Electron capture cross sections,6.65E-16,UNRESOLVED_NOT_EXPLICIT_IN_RAW_METADATA,Liu2024 AOCC;3-basis mean in paperEq9;raw file no basis columns,,NO_UNCERTAINTY_COLUMN_IN_RAW_CSV,LITERATURE_SUPPORTED,ALL_LITERAL_NONBLANK_RAW_CSV_CELLS_AND_ASSOCIATED_ENERGY_COLUMNS_VERIFIED,BLOCKED_UNIT_AND_FRAME_SEMANTICS;G1_NOT_AUTHORIZED,NOT_RUN,NOT_RUN,NOT_RUN
D-LIU24-1,10.57760/sciencedb.j00113.00114,datasets/liu2024_sciencedb/H1s-Capture cross sections.csv,78d710031b9f3539e3170f4dbd3d6d1ae4291923abe66e2076fe8fdac0d8f6f7,,,RAW_CSV,5,8:3s,9,keV/u,,,NOT_EXPLICIT_IN_RAW_CSV;NO_FRAME_CONVERSION,NOT_EXPLICITLY_ASSIGNED,He2+,H(1s),He+ capture center:3s,Electron capture cross sections,1.29E-17,UNRESOLVED_NOT_EXPLICIT_IN_RAW_METADATA,Liu2024 AOCC;3-basis mean in paperEq9;raw file no basis columns,,NO_UNCERTAINTY_COLUMN_IN_RAW_CSV,LITERATURE_SUPPORTED,ALL_LITERAL_NONBLANK_RAW_CSV_CELLS_AND_ASSOCIATED_ENERGY_COLUMNS_VERIFIED,BLOCKED_UNIT_AND_FRAME_SEMANTICS;G1_NOT_AUTHORIZED,NOT_RUN,NOT_RUN,NOT_RUN
D-LIU24-1,10.57760/sciencedb.j00113.00114,datasets/liu2024_sciencedb/H1s-Capture cross sections.csv,78d710031b9f3539e3170f4dbd3d6d1ae4291923abe66e2076fe8fdac0d8f6f7,,,RAW_CSV,5,9:3p,9,keV/u,,,NOT_EXPLICIT_IN_RAW_CSV;NO_FRAME_CONVERSION,NOT_EXPLICITLY_ASSIGNED,He2+,H(1s),He+ capture center:3p,Electron capture cross sections,3.58E-17,UNRESOLVED_NOT_EXPLICIT_IN_RAW_METADATA,Liu2024 AOCC;3-basis mean in paperEq9;raw file no basis columns,,NO_UNCERTAINTY_COLUMN_IN_RAW_CSV,LITERATURE_SUPPORTED,ALL_LITERAL_NONBLANK_RAW_CSV_CELLS_AND_ASSOCIATED_ENERGY_COLUMNS_VERIFIED,BLOCKED_UNIT_AND_FRAME_SEMANTICS;G1_NOT_AUTHORIZED,NOT_RUN,NOT_RUN,NOT_RUN
D-LIU24-1,10.57760/sciencedb.j00113.00114,datasets/liu2024_sciencedb/H1s-Capture cross sections.csv,78d710031b9f3539e3170f4dbd3d6d1ae4291923abe66e2076fe8fdac0d8f6f7,,,RAW_CSV,5,10:3d,9,keV/u,,,NOT_EXPLICIT_IN_RAW_CSV;NO_FRAME_CONVERSION,NOT_EXPLICITLY_ASSIGNED,He2+,H(1s),He+ capture center:3d,Electron capture cross sections,4.19E-17,UNRESOLVED_NOT_EXPLICIT_IN_RAW_METADATA,Liu2024 AOCC;3-basis mean in paperEq9;raw file no basis columns,,NO_UNCERTAINTY_COLUMN_IN_RAW_CSV,LITERATURE_SUPPORTED,ALL_LITERAL_NONBLANK_RAW_CSV_CELLS_AND_ASSOCIATED_ENERGY_COLUMNS_VERIFIED,BLOCKED_UNIT_AND_FRAME_SEMANTICS;G1_NOT_AUTHORIZED,NOT_RUN,NOT_RUN,NOT_RUN
D-LIU24-1,10.57760/sciencedb.j00113.00114,datasets/liu2024_sciencedb/H1s-Capture cross sections.csv,78d710031b9f3539e3170f4dbd3d6d1ae4291923abe66e2076fe8fdac0d8f6f7,,,RAW_CSV,6,6:2s,12.25,keV/u,,,NOT_EXPLICIT_IN_RAW_CSV;NO_FRAME_CONVERSION,NOT_EXPLICITLY_ASSIGNED,He2+,H(1s),He+ capture center:2s,Electron capture cross sections,2.48E-16,UNRESOLVED_NOT_EXPLICIT_IN_RAW_METADATA,Liu2024 AOCC;3-basis mean in paperEq9;raw file no basis columns,,NO_UNCERTAINTY_COLUMN_IN_RAW_CSV,LITERATURE_SUPPORTED,ALL_LITERAL_NONBLANK_RAW_CSV_CELLS_AND_ASSOCIATED_ENERGY_COLUMNS_VERIFIED,BLOCKED_UNIT_AND_FRAME_SEMANTICS;G1_NOT_AUTHORIZED,NOT_RUN,NOT_RUN,NOT_RUN
D-LIU24-1,10.57760/sciencedb.j00113.00114,datasets/liu2024_sciencedb/H1s-Capture cross sections.csv,78d710031b9f3539e3170f4dbd3d6d1ae4291923abe66e2076fe8fdac0d8f6f7,,,RAW_CSV,6,7:2p,12.25,keV/u,,,NOT_EXPLICIT_IN_RAW_CSV;NO_FRAME_CONVERSION,NOT_EXPLICITLY_ASSIGNED,He2+,H(1s),He+ capture center:2p,Electron capture cross sections,6.51E-16,UNRESOLVED_NOT_EXPLICIT_IN_RAW_METADATA,Liu2024 AOCC;3-basis mean in paperEq9;raw file no basis columns,,NO_UNCERTAINTY_COLUMN_IN_RAW_CSV,LITERATURE_SUPPORTED,ALL_LITERAL_NONBLANK_RAW_CSV_CELLS_AND_ASSOCIATED_ENERGY_COLUMNS_VERIFIED,BLOCKED_UNIT_AND_FRAME_SEMANTICS;G1_NOT_AUTHORIZED,NOT_RUN,NOT_RUN,NOT_RUN
D-LIU24-1,10.57760/sciencedb.j00113.00114,datasets/liu2024_sciencedb/H1s-Capture cross sections.csv,78d710031b9f3539e3170f4dbd3d6d1ae4291923abe66e2076fe8fdac0d8f6f7,,,RAW_CSV,6,8:3s,12.25,keV/u,,,NOT_EXPLICIT_IN_RAW_CSV;NO_FRAME_CONVERSION,NOT_EXPLICITLY_ASSIGNED,He2+,H(1s),He+ capture center:3s,Electron capture cross sections,1.55E-17,UNRESOLVED_NOT_EXPLICIT_IN_RAW_METADATA,Liu2024 AOCC;3-basis mean in paperEq9;raw file no basis columns,,NO_UNCERTAINTY_COLUMN_IN_RAW_CSV,LITERATURE_SUPPORTED,ALL_LITERAL_NONBLANK_RAW_CSV_CELLS_AND_ASSOCIATED_ENERGY_COLUMNS_VERIFIED,BLOCKED_UNIT_AND_FRAME_SEMANTICS;G1_NOT_AUTHORIZED,NOT_RUN,NOT_RUN,NOT_RUN
D-LIU24-1,10.57760/sciencedb.j00113.00114,datasets/liu2024_sciencedb/H1s-Capture cross sections.csv,78d710031b9f3539e3170f4dbd3d6d1ae4291923abe66e2076fe8fdac0d8f6f7,,,RAW_CSV,6,9:3p,12.25,keV/u,,,NOT_EXPLICIT_IN_RAW_CSV;NO_FRAME_CONVERSION,NOT_EXPLICITLY_ASSIGNED,He2+,H(1s),He+ capture center:3p,Electron capture cross sections,4.41E-17,UNRESOLVED_NOT_EXPLICIT_IN_RAW_METADATA,Liu2024 AOCC;3-basis mean in paperEq9;raw file no basis columns,,NO_UNCERTAINTY_COLUMN_IN_RAW_CSV,LITERATURE_SUPPORTED,ALL_LITERAL_NONBLANK_RAW_CSV_CELLS_AND_ASSOCIATED_ENERGY_COLUMNS_VERIFIED,BLOCKED_UNIT_AND_FRAME_SEMANTICS;G1_NOT_AUTHORIZED,NOT_RUN,NOT_RUN,NOT_RUN
D-LIU24-1,10.57760/sciencedb.j00113.00114,datasets/liu2024_sciencedb/H1s-Capture cross sections.csv,78d710031b9f3539e3170f4dbd3d6d1ae4291923abe66e2076fe8fdac0d8f6f7,,,RAW_CSV,6,10:3d,12.25,keV/u,,,NOT_EXPLICIT_IN_RAW_CSV;NO_FRAME_CONVERSION,NOT_EXPLICITLY_ASSIGNED,He2+,H(1s),He+ capture center:3d,Electron capture cross sections,4.27E-17,UNRESOLVED_NOT_EXPLICIT_IN_RAW_METADATA,Liu2024 AOCC;3-basis mean in paperEq9;raw file no basis columns,,NO_UNCERTAINTY_COLUMN_IN_RAW_CSV,LITERATURE_SUPPORTED,ALL_LITERAL_NONBLANK_RAW_CSV_CELLS_AND_ASSOCIATED_ENERGY_COLUMNS_VERIFIED,BLOCKED_UNIT_AND_FRAME_SEMANTICS;G1_NOT_AUTHORIZED,NOT_RUN,NOT_RUN,NOT_RUN
D-LIU24-1,10.57760/sciencedb.j00113.00114,datasets/liu2024_sciencedb/H1s-Capture cross sections.csv,78d710031b9f3539e3170f4dbd3d6d1ae4291923abe66e2076fe8fdac0d8f6f7,,,RAW_CSV,7,6:2s,16,keV/u,,,NOT_EXPLICIT_IN_RAW_CSV;NO_FRAME_CONVERSION,NOT_EXPLICITLY_ASSIGNED,He2+,H(1s),He+ capture center:2s,Electron capture cross sections,2.08E-16,UNRESOLVED_NOT_EXPLICIT_IN_RAW_METADATA,Liu2024 AOCC;3-basis mean in paperEq9;raw file no basis columns,,NO_UNCERTAINTY_COLUMN_IN_RAW_CSV,LITERATURE_SUPPORTED,ALL_LITERAL_NONBLANK_RAW_CSV_CELLS_AND_ASSOCIATED_ENERGY_COLUMNS_VERIFIED,BLOCKED_UNIT_AND_FRAME_SEMANTICS;G1_NOT_AUTHORIZED,NOT_RUN,NOT_RUN,NOT_RUN
D-LIU24-1,10.57760/sciencedb.j00113.00114,datasets/liu2024_sciencedb/H1s-Capture cross sections.csv,78d710031b9f3539e3170f4dbd3d6d1ae4291923abe66e2076fe8fdac0d8f6f7,,,RAW_CSV,7,7:2p,16,keV/u,,,NOT_EXPLICIT_IN_RAW_CSV;NO_FRAME_CONVERSION,NOT_EXPLICITLY_ASSIGNED,He2+,H(1s),He+ capture center:2p,Electron capture cross sections,5.93E-16,UNRESOLVED_NOT_EXPLICIT_IN_RAW_METADATA,Liu2024 AOCC;3-basis mean in paperEq9;raw file no basis columns,,NO_UNCERTAINTY_COLUMN_IN_RAW_CSV,LITERATURE_SUPPORTED,ALL_LITERAL_NONBLANK_RAW_CSV_CELLS_AND_ASSOCIATED_ENERGY_COLUMNS_VERIFIED,BLOCKED_UNIT_AND_FRAME_SEMANTICS;G1_NOT_AUTHORIZED,NOT_RUN,NOT_RUN,NOT_RUN
D-LIU24-1,10.57760/sciencedb.j00113.00114,datasets/liu2024_sciencedb/H1s-Capture cross sections.csv,78d710031b9f3539e3170f4dbd3d6d1ae4291923abe66e2076fe8fdac0d8f6f7,,,RAW_CSV,7,8:3s,16,keV/u,,,NOT_EXPLICIT_IN_RAW_CSV;NO_FRAME_CONVERSION,NOT_EXPLICITLY_ASSIGNED,He2+,H(1s),He+ capture center:3s,Electron capture cross sections,2.73E-17,UNRESOLVED_NOT_EXPLICIT_IN_RAW_METADATA,Liu2024 AOCC;3-basis mean in paperEq9;raw file no basis columns,,NO_UNCERTAINTY_COLUMN_IN_RAW_CSV,LITERATURE_SUPPORTED,ALL_LITERAL_NONBLANK_RAW_CSV_CELLS_AND_ASSOCIATED_ENERGY_COLUMNS_VERIFIED,BLOCKED_UNIT_AND_FRAME_SEMANTICS;G1_NOT_AUTHORIZED,NOT_RUN,NOT_RUN,NOT_RUN
D-LIU24-1,10.57760/sciencedb.j00113.00114,datasets/liu2024_sciencedb/H1s-Capture cross sections.csv,78d710031b9f3539e3170f4dbd3d6d1ae4291923abe66e2076fe8fdac0d8f6f7,,,RAW_CSV,7,9:3p,16,keV/u,,,NOT_EXPLICIT_IN_RAW_CSV;NO_FRAME_CONVERSION,NOT_EXPLICITLY_ASSIGNED,He2+,H(1s),He+ capture center:3p,Electron capture cross sections,6.25E-17,UNRESOLVED_NOT_EXPLICIT_IN_RAW_METADATA,Liu2024 AOCC;3-basis mean in paperEq9;raw file no basis columns,,NO_UNCERTAINTY_COLUMN_IN_RAW_CSV,LITERATURE_SUPPORTED,ALL_LITERAL_NONBLANK_RAW_CSV_CELLS_AND_ASSOCIATED_ENERGY_COLUMNS_VERIFIED,BLOCKED_UNIT_AND_FRAME_SEMANTICS;G1_NOT_AUTHORIZED,NOT_RUN,NOT_RUN,NOT_RUN
D-LIU24-1,10.57760/sciencedb.j00113.00114,datasets/liu2024_sciencedb/H1s-Capture cross sections.csv,78d710031b9f3539e3170f4dbd3d6d1ae4291923abe66e2076fe8fdac0d8f6f7,,,RAW_CSV,7,10:3d,16,keV/u,,,NOT_EXPLICIT_IN_RAW_CSV;NO_FRAME_CONVERSION,NOT_EXPLICITLY_ASSIGNED,He2+,H(1s),He+ capture center:3d,Electron capture cross sections,3.76E-17,UNRESOLVED_NOT_EXPLICIT_IN_RAW_METADATA,Liu2024 AOCC;3-basis mean in paperEq9;raw file no basis columns,,NO_UNCERTAINTY_COLUMN_IN_RAW_CSV,LITERATURE_SUPPORTED,ALL_LITERAL_NONBLANK_RAW_CSV_CELLS_AND_ASSOCIATED_ENERGY_COLUMNS_VERIFIED,BLOCKED_UNIT_AND_FRAME_SEMANTICS;G1_NOT_AUTHORIZED,NOT_RUN,NOT_RUN,NOT_RUN
D-LIU24-1,10.57760/sciencedb.j00113.00114,datasets/liu2024_sciencedb/H1s-Capture cross sections.csv,78d710031b9f3539e3170f4dbd3d6d1ae4291923abe66e2076fe8fdac0d8f6f7,,,RAW_CSV,8,6:2s,20.25,keV/u,,,NOT_EXPLICIT_IN_RAW_CSV;NO_FRAME_CONVERSION,NOT_EXPLICITLY_ASSIGNED,He2+,H(1s),He+ capture center:2s,Electron capture cross sections,1.75E-16,UNRESOLVED_NOT_EXPLICIT_IN_RAW_METADATA,Liu2024 AOCC;3-basis mean in paperEq9;raw file no basis columns,,NO_UNCERTAINTY_COLUMN_IN_RAW_CSV,LITERATURE_SUPPORTED,ALL_LITERAL_NONBLANK_RAW_CSV_CELLS_AND_ASSOCIATED_ENERGY_COLUMNS_VERIFIED,BLOCKED_UNIT_AND_FRAME_SEMANTICS;G1_NOT_AUTHORIZED,NOT_RUN,NOT_RUN,NOT_RUN
D-LIU24-1,10.57760/sciencedb.j00113.00114,datasets/liu2024_sciencedb/H1s-Capture cross sections.csv,78d710031b9f3539e3170f4dbd3d6d1ae4291923abe66e2076fe8fdac0d8f6f7,,,RAW_CSV,8,7:2p,20.25,keV/u,,,NOT_EXPLICIT_IN_RAW_CSV;NO_FRAME_CONVERSION,NOT_EXPLICITLY_ASSIGNED,He2+,H(1s),He+ capture center:2p,Electron capture cross sections,5.01E-16,UNRESOLVED_NOT_EXPLICIT_IN_RAW_METADATA,Liu2024 AOCC;3-basis mean in paperEq9;raw file no basis columns,,NO_UNCERTAINTY_COLUMN_IN_RAW_CSV,LITERATURE_SUPPORTED,ALL_LITERAL_NONBLANK_RAW_CSV_CELLS_AND_ASSOCIATED_ENERGY_COLUMNS_VERIFIED,BLOCKED_UNIT_AND_FRAME_SEMANTICS;G1_NOT_AUTHORIZED,NOT_RUN,NOT_RUN,NOT_RUN
D-LIU24-1,10.57760/sciencedb.j00113.00114,datasets/liu2024_sciencedb/H1s-Capture cross sections.csv,78d710031b9f3539e3170f4dbd3d6d1ae4291923abe66e2076fe8fdac0d8f6f7,,,RAW_CSV,8,8:3s,20.25,keV/u,,,NOT_EXPLICIT_IN_RAW_CSV;NO_FRAME_CONVERSION,NOT_EXPLICITLY_ASSIGNED,He2+,H(1s),He+ capture center:3s,Electron capture cross sections,4.23E-17,UNRESOLVED_NOT_EXPLICIT_IN_RAW_METADATA,Liu2024 AOCC;3-basis mean in paperEq9;raw file no basis columns,,NO_UNCERTAINTY_COLUMN_IN_RAW_CSV,LITERATURE_SUPPORTED,ALL_LITERAL_NONBLANK_RAW_CSV_CELLS_AND_ASSOCIATED_ENERGY_COLUMNS_VERIFIED,BLOCKED_UNIT_AND_FRAME_SEMANTICS;G1_NOT_AUTHORIZED,NOT_RUN,NOT_RUN,NOT_RUN
D-LIU24-1,10.57760/sciencedb.j00113.00114,datasets/liu2024_sciencedb/H1s-Capture cross sections.csv,78d710031b9f3539e3170f4dbd3d6d1ae4291923abe66e2076fe8fdac0d8f6f7,,,RAW_CSV,8,9:3p,20.25,keV/u,,,NOT_EXPLICIT_IN_RAW_CSV;NO_FRAME_CONVERSION,NOT_EXPLICITLY_ASSIGNED,He2+,H(1s),He+ capture center:3p,Electron capture cross sections,8.18E-17,UNRESOLVED_NOT_EXPLICIT_IN_RAW_METADATA,Liu2024 AOCC;3-basis mean in paperEq9;raw file no basis columns,,NO_UNCERTAINTY_COLUMN_IN_RAW_CSV,LITERATURE_SUPPORTED,ALL_LITERAL_NONBLANK_RAW_CSV_CELLS_AND_ASSOCIATED_ENERGY_COLUMNS_VERIFIED,BLOCKED_UNIT_AND_FRAME_SEMANTICS;G1_NOT_AUTHORIZED,NOT_RUN,NOT_RUN,NOT_RUN
D-LIU24-1,10.57760/sciencedb.j00113.00114,datasets/liu2024_sciencedb/H1s-Capture cross sections.csv,78d710031b9f3539e3170f4dbd3d6d1ae4291923abe66e2076fe8fdac0d8f6f7,,,RAW_CSV,8,10:3d,20.25,keV/u,,,NOT_EXPLICIT_IN_RAW_CSV;NO_FRAME_CONVERSION,NOT_EXPLICITLY_ASSIGNED,He2+,H(1s),He+ capture center:3d,Electron capture cross sections,3.32E-17,UNRESOLVED_NOT_EXPLICIT_IN_RAW_METADATA,Liu2024 AOCC;3-basis mean in paperEq9;raw file no basis columns,,NO_UNCERTAINTY_COLUMN_IN_RAW_CSV,LITERATURE_SUPPORTED,ALL_LITERAL_NONBLANK_RAW_CSV_CELLS_AND_ASSOCIATED_ENERGY_COLUMNS_VERIFIED,BLOCKED_UNIT_AND_FRAME_SEMANTICS;G1_NOT_AUTHORIZED,NOT_RUN,NOT_RUN,NOT_RUN
D-LIU24-1,10.57760/sciencedb.j00113.00114,datasets/liu2024_sciencedb/H1s-Capture cross sections.csv,78d710031b9f3539e3170f4dbd3d6d1ae4291923abe66e2076fe8fdac0d8f6f7,,,RAW_CSV,9,6:2s,25,keV/u,,,NOT_EXPLICIT_IN_RAW_CSV;NO_FRAME_CONVERSION,NOT_EXPLICITLY_ASSIGNED,He2+,H(1s),He+ capture center:2s,Electron capture cross sections,1.41E-16,UNRESOLVED_NOT_EXPLICIT_IN_RAW_METADATA,Liu2024 AOCC;3-basis mean in paperEq9;raw file no basis columns,,NO_UNCERTAINTY_COLUMN_IN_RAW_CSV,LITERATURE_SUPPORTED,ALL_LITERAL_NONBLANK_RAW_CSV_CELLS_AND_ASSOCIATED_ENERGY_COLUMNS_VERIFIED,BLOCKED_UNIT_AND_FRAME_SEMANTICS;G1_NOT_AUTHORIZED,NOT_RUN,NOT_RUN,NOT_RUN
D-LIU24-1,10.57760/sciencedb.j00113.00114,datasets/liu2024_sciencedb/H1s-Capture cross sections.csv,78d710031b9f3539e3170f4dbd3d6d1ae4291923abe66e2076fe8fdac0d8f6f7,,,RAW_CSV,9,7:2p,25,keV/u,,,NOT_EXPLICIT_IN_RAW_CSV;NO_FRAME_CONVERSION,NOT_EXPLICITLY_ASSIGNED,He2+,H(1s),He+ capture center:2p,Electron capture cross sections,3.98E-16,UNRESOLVED_NOT_EXPLICIT_IN_RAW_METADATA,Liu2024 AOCC;3-basis mean in paperEq9;raw file no basis columns,,NO_UNCERTAINTY_COLUMN_IN_RAW_CSV,LITERATURE_SUPPORTED,ALL_LITERAL_NONBLANK_RAW_CSV_CELLS_AND_ASSOCIATED_ENERGY_COLUMNS_VERIFIED,BLOCKED_UNIT_AND_FRAME_SEMANTICS;G1_NOT_AUTHORIZED,NOT_RUN,NOT_RUN,NOT_RUN
D-LIU24-1,10.57760/sciencedb.j00113.00114,datasets/liu2024_sciencedb/H1s-Capture cross sections.csv,78d710031b9f3539e3170f4dbd3d6d1ae4291923abe66e2076fe8fdac0d8f6f7,,,RAW_CSV,9,8:3s,25,keV/u,,,NOT_EXPLICIT_IN_RAW_CSV;NO_FRAME_CONVERSION,NOT_EXPLICITLY_ASSIGNED,He2+,H(1s),He+ capture center:3s,Electron capture cross sections,5.03E-17,UNRESOLVED_NOT_EXPLICIT_IN_RAW_METADATA,Liu2024 AOCC;3-basis mean in paperEq9;raw file no basis columns,,NO_UNCERTAINTY_COLUMN_IN_RAW_CSV,LITERATURE_SUPPORTED,ALL_LITERAL_NONBLANK_RAW_CSV_CELLS_AND_ASSOCIATED_ENERGY_COLUMNS_VERIFIED,BLOCKED_UNIT_AND_FRAME_SEMANTICS;G1_NOT_AUTHORIZED,NOT_RUN,NOT_RUN,NOT_RUN
D-LIU24-1,10.57760/sciencedb.j00113.00114,datasets/liu2024_sciencedb/H1s-Capture cross sections.csv,78d710031b9f3539e3170f4dbd3d6d1ae4291923abe66e2076fe8fdac0d8f6f7,,,RAW_CSV,9,9:3p,25,keV/u,,,NOT_EXPLICIT_IN_RAW_CSV;NO_FRAME_CONVERSION,NOT_EXPLICITLY_ASSIGNED,He2+,H(1s),He+ capture center:3p,Electron capture cross sections,9.21E-17,UNRESOLVED_NOT_EXPLICIT_IN_RAW_METADATA,Liu2024 AOCC;3-basis mean in paperEq9;raw file no basis columns,,NO_UNCERTAINTY_COLUMN_IN_RAW_CSV,LITERATURE_SUPPORTED,ALL_LITERAL_NONBLANK_RAW_CSV_CELLS_AND_ASSOCIATED_ENERGY_COLUMNS_VERIFIED,BLOCKED_UNIT_AND_FRAME_SEMANTICS;G1_NOT_AUTHORIZED,NOT_RUN,NOT_RUN,NOT_RUN
D-LIU24-1,10.57760/sciencedb.j00113.00114,datasets/liu2024_sciencedb/H1s-Capture cross sections.csv,78d710031b9f3539e3170f4dbd3d6d1ae4291923abe66e2076fe8fdac0d8f6f7,,,RAW_CSV,9,10:3d,25,keV/u,,,NOT_EXPLICIT_IN_RAW_CSV;NO_FRAME_CONVERSION,NOT_EXPLICITLY_ASSIGNED,He2+,H(1s),He+ capture center:3d,Electron capture cross sections,2.95E-17,UNRESOLVED_NOT_EXPLICIT_IN_RAW_METADATA,Liu2024 AOCC;3-basis mean in paperEq9;raw file no basis columns,,NO_UNCERTAINTY_COLUMN_IN_RAW_CSV,LITERATURE_SUPPORTED,ALL_LITERAL_NONBLANK_RAW_CSV_CELLS_AND_ASSOCIATED_ENERGY_COLUMNS_VERIFIED,BLOCKED_UNIT_AND_FRAME_SEMANTICS;G1_NOT_AUTHORIZED,NOT_RUN,NOT_RUN,NOT_RUN
D-LIU24-1,10.57760/sciencedb.j00113.00114,datasets/liu2024_sciencedb/H1s-Capture cross sections.csv,78d710031b9f3539e3170f4dbd3d6d1ae4291923abe66e2076fe8fdac0d8f6f7,,,RAW_CSV,10,6:2s,30.25,keV/u,,,NOT_EXPLICIT_IN_RAW_CSV;NO_FRAME_CONVERSION,NOT_EXPLICITLY_ASSIGNED,He2+,H(1s),He+ capture center:2s,Electron capture cross sections,1.12E-16,UNRESOLVED_NOT_EXPLICIT_IN_RAW_METADATA,Liu2024 AOCC;3-basis mean in paperEq9;raw file no basis columns,,NO_UNCERTAINTY_COLUMN_IN_RAW_CSV,LITERATURE_SUPPORTED,ALL_LITERAL_NONBLANK_RAW_CSV_CELLS_AND_ASSOCIATED_ENERGY_COLUMNS_VERIFIED,BLOCKED_UNIT_AND_FRAME_SEMANTICS;G1_NOT_AUTHORIZED,NOT_RUN,NOT_RUN,NOT_RUN
D-LIU24-1,10.57760/sciencedb.j00113.00114,datasets/liu2024_sciencedb/H1s-Capture cross sections.csv,78d710031b9f3539e3170f4dbd3d6d1ae4291923abe66e2076fe8fdac0d8f6f7,,,RAW_CSV,10,7:2p,30.25,keV/u,,,NOT_EXPLICIT_IN_RAW_CSV;NO_FRAME_CONVERSION,NOT_EXPLICITLY_ASSIGNED,He2+,H(1s),He+ capture center:2p,Electron capture cross sections,2.98E-16,UNRESOLVED_NOT_EXPLICIT_IN_RAW_METADATA,Liu2024 AOCC;3-basis mean in paperEq9;raw file no basis columns,,NO_UNCERTAINTY_COLUMN_IN_RAW_CSV,LITERATURE_SUPPORTED,ALL_LITERAL_NONBLANK_RAW_CSV_CELLS_AND_ASSOCIATED_ENERGY_COLUMNS_VERIFIED,BLOCKED_UNIT_AND_FRAME_SEMANTICS;G1_NOT_AUTHORIZED,NOT_RUN,NOT_RUN,NOT_RUN
D-LIU24-1,10.57760/sciencedb.j00113.00114,datasets/liu2024_sciencedb/H1s-Capture cross sections.csv,78d710031b9f3539e3170f4dbd3d6d1ae4291923abe66e2076fe8fdac0d8f6f7,,,RAW_CSV,10,8:3s,30.25,keV/u,,,NOT_EXPLICIT_IN_RAW_CSV;NO_FRAME_CONVERSION,NOT_EXPLICITLY_ASSIGNED,He2+,H(1s),He+ capture center:3s,Electron capture cross sections,4.96E-17,UNRESOLVED_NOT_EXPLICIT_IN_RAW_METADATA,Liu2024 AOCC;3-basis mean in paperEq9;raw file no basis columns,,NO_UNCERTAINTY_COLUMN_IN_RAW_CSV,LITERATURE_SUPPORTED,ALL_LITERAL_NONBLANK_RAW_CSV_CELLS_AND_ASSOCIATED_ENERGY_COLUMNS_VERIFIED,BLOCKED_UNIT_AND_FRAME_SEMANTICS;G1_NOT_AUTHORIZED,NOT_RUN,NOT_RUN,NOT_RUN
D-LIU24-1,10.57760/sciencedb.j00113.00114,datasets/liu2024_sciencedb/H1s-Capture cross sections.csv,78d710031b9f3539e3170f4dbd3d6d1ae4291923abe66e2076fe8fdac0d8f6f7,,,RAW_CSV,10,9:3p,30.25,keV/u,,,NOT_EXPLICIT_IN_RAW_CSV;NO_FRAME_CONVERSION,NOT_EXPLICITLY_ASSIGNED,He2+,H(1s),He+ capture center:3p,Electron capture cross sections,8.98E-17,UNRESOLVED_NOT_EXPLICIT_IN_RAW_METADATA,Liu2024 AOCC;3-basis mean in paperEq9;raw file no basis columns,,NO_UNCERTAINTY_COLUMN_IN_RAW_CSV,LITERATURE_SUPPORTED,ALL_LITERAL_NONBLANK_RAW_CSV_CELLS_AND_ASSOCIATED_ENERGY_COLUMNS_VERIFIED,BLOCKED_UNIT_AND_FRAME_SEMANTICS;G1_NOT_AUTHORIZED,NOT_RUN,NOT_RUN,NOT_RUN
D-LIU24-1,10.57760/sciencedb.j00113.00114,datasets/liu2024_sciencedb/H1s-Capture cross sections.csv,78d710031b9f3539e3170f4dbd3d6d1ae4291923abe66e2076fe8fdac0d8f6f7,,,RAW_CSV,10,10:3d,30.25,keV/u,,,NOT_EXPLICIT_IN_RAW_CSV;NO_FRAME_CONVERSION,NOT_EXPLICITLY_ASSIGNED,He2+,H(1s),He+ capture center:3d,Electron capture cross sections,2.57E-17,UNRESOLVED_NOT_EXPLICIT_IN_RAW_METADATA,Liu2024 AOCC;3-basis mean in paperEq9;raw file no basis columns,,NO_UNCERTAINTY_COLUMN_IN_RAW_CSV,LITERATURE_SUPPORTED,ALL_LITERAL_NONBLANK_RAW_CSV_CELLS_AND_ASSOCIATED_ENERGY_COLUMNS_VERIFIED,BLOCKED_UNIT_AND_FRAME_SEMANTICS;G1_NOT_AUTHORIZED,NOT_RUN,NOT_RUN,NOT_RUN
D-LIU24-1,10.57760/sciencedb.j00113.00114,datasets/liu2024_sciencedb/H1s-Capture cross sections.csv,78d710031b9f3539e3170f4dbd3d6d1ae4291923abe66e2076fe8fdac0d8f6f7,,,RAW_CSV,11,6:2s,36,keV/u,,,NOT_EXPLICIT_IN_RAW_CSV;NO_FRAME_CONVERSION,NOT_EXPLICITLY_ASSIGNED,He2+,H(1s),He+ capture center:2s,Electron capture cross sections,8.64E-17,UNRESOLVED_NOT_EXPLICIT_IN_RAW_METADATA,Liu2024 AOCC;3-basis mean in paperEq9;raw file no basis columns,,NO_UNCERTAINTY_COLUMN_IN_RAW_CSV,LITERATURE_SUPPORTED,ALL_LITERAL_NONBLANK_RAW_CSV_CELLS_AND_ASSOCIATED_ENERGY_COLUMNS_VERIFIED,BLOCKED_UNIT_AND_FRAME_SEMANTICS;G1_NOT_AUTHORIZED,NOT_RUN,NOT_RUN,NOT_RUN
D-LIU24-1,10.57760/sciencedb.j00113.00114,datasets/liu2024_sciencedb/H1s-Capture cross sections.csv,78d710031b9f3539e3170f4dbd3d6d1ae4291923abe66e2076fe8fdac0d8f6f7,,,RAW_CSV,11,7:2p,36,keV/u,,,NOT_EXPLICIT_IN_RAW_CSV;NO_FRAME_CONVERSION,NOT_EXPLICITLY_ASSIGNED,He2+,H(1s),He+ capture center:2p,Electron capture cross sections,2.19E-16,UNRESOLVED_NOT_EXPLICIT_IN_RAW_METADATA,Liu2024 AOCC;3-basis mean in paperEq9;raw file no basis columns,,NO_UNCERTAINTY_COLUMN_IN_RAW_CSV,LITERATURE_SUPPORTED,ALL_LITERAL_NONBLANK_RAW_CSV_CELLS_AND_ASSOCIATED_ENERGY_COLUMNS_VERIFIED,BLOCKED_UNIT_AND_FRAME_SEMANTICS;G1_NOT_AUTHORIZED,NOT_RUN,NOT_RUN,NOT_RUN
D-LIU24-1,10.57760/sciencedb.j00113.00114,datasets/liu2024_sciencedb/H1s-Capture cross sections.csv,78d710031b9f3539e3170f4dbd3d6d1ae4291923abe66e2076fe8fdac0d8f6f7,,,RAW_CSV,11,8:3s,36,keV/u,,,NOT_EXPLICIT_IN_RAW_CSV;NO_FRAME_CONVERSION,NOT_EXPLICITLY_ASSIGNED,He2+,H(1s),He+ capture center:3s,Electron capture cross sections,4.35E-17,UNRESOLVED_NOT_EXPLICIT_IN_RAW_METADATA,Liu2024 AOCC;3-basis mean in paperEq9;raw file no basis columns,,NO_UNCERTAINTY_COLUMN_IN_RAW_CSV,LITERATURE_SUPPORTED,ALL_LITERAL_NONBLANK_RAW_CSV_CELLS_AND_ASSOCIATED_ENERGY_COLUMNS_VERIFIED,BLOCKED_UNIT_AND_FRAME_SEMANTICS;G1_NOT_AUTHORIZED,NOT_RUN,NOT_RUN,NOT_RUN
D-LIU24-1,10.57760/sciencedb.j00113.00114,datasets/liu2024_sciencedb/H1s-Capture cross sections.csv,78d710031b9f3539e3170f4dbd3d6d1ae4291923abe66e2076fe8fdac0d8f6f7,,,RAW_CSV,11,9:3p,36,keV/u,,,NOT_EXPLICIT_IN_RAW_CSV;NO_FRAME_CONVERSION,NOT_EXPLICITLY_ASSIGNED,He2+,H(1s),He+ capture center:3p,Electron capture cross sections,7.72E-17,UNRESOLVED_NOT_EXPLICIT_IN_RAW_METADATA,Liu2024 AOCC;3-basis mean in paperEq9;raw file no basis columns,,NO_UNCERTAINTY_COLUMN_IN_RAW_CSV,LITERATURE_SUPPORTED,ALL_LITERAL_NONBLANK_RAW_CSV_CELLS_AND_ASSOCIATED_ENERGY_COLUMNS_VERIFIED,BLOCKED_UNIT_AND_FRAME_SEMANTICS;G1_NOT_AUTHORIZED,NOT_RUN,NOT_RUN,NOT_RUN
D-LIU24-1,10.57760/sciencedb.j00113.00114,datasets/liu2024_sciencedb/H1s-Capture cross sections.csv,78d710031b9f3539e3170f4dbd3d6d1ae4291923abe66e2076fe8fdac0d8f6f7,,,RAW_CSV,11,10:3d,36,keV/u,,,NOT_EXPLICIT_IN_RAW_CSV;NO_FRAME_CONVERSION,NOT_EXPLICITLY_ASSIGNED,He2+,H(1s),He+ capture center:3d,Electron capture cross sections,2.09E-17,UNRESOLVED_NOT_EXPLICIT_IN_RAW_METADATA,Liu2024 AOCC;3-basis mean in paperEq9;raw file no basis columns,,NO_UNCERTAINTY_COLUMN_IN_RAW_CSV,LITERATURE_SUPPORTED,ALL_LITERAL_NONBLANK_RAW_CSV_CELLS_AND_ASSOCIATED_ENERGY_COLUMNS_VERIFIED,BLOCKED_UNIT_AND_FRAME_SEMANTICS;G1_NOT_AUTHORIZED,NOT_RUN,NOT_RUN,NOT_RUN
D-LIU24-1,10.57760/sciencedb.j00113.00114,datasets/liu2024_sciencedb/H1s-Capture cross sections.csv,78d710031b9f3539e3170f4dbd3d6d1ae4291923abe66e2076fe8fdac0d8f6f7,,,RAW_CSV,12,6:2s,42.25,keV/u,,,NOT_EXPLICIT_IN_RAW_CSV;NO_FRAME_CONVERSION,NOT_EXPLICITLY_ASSIGNED,He2+,H(1s),He+ capture center:2s,Electron capture cross sections,6.69E-17,UNRESOLVED_NOT_EXPLICIT_IN_RAW_METADATA,Liu2024 AOCC;3-basis mean in paperEq9;raw file no basis columns,,NO_UNCERTAINTY_COLUMN_IN_RAW_CSV,LITERATURE_SUPPORTED,ALL_LITERAL_NONBLANK_RAW_CSV_CELLS_AND_ASSOCIATED_ENERGY_COLUMNS_VERIFIED,BLOCKED_UNIT_AND_FRAME_SEMANTICS;G1_NOT_AUTHORIZED,NOT_RUN,NOT_RUN,NOT_RUN
D-LIU24-1,10.57760/sciencedb.j00113.00114,datasets/liu2024_sciencedb/H1s-Capture cross sections.csv,78d710031b9f3539e3170f4dbd3d6d1ae4291923abe66e2076fe8fdac0d8f6f7,,,RAW_CSV,12,7:2p,42.25,keV/u,,,NOT_EXPLICIT_IN_RAW_CSV;NO_FRAME_CONVERSION,NOT_EXPLICITLY_ASSIGNED,He2+,H(1s),He+ capture center:2p,Electron capture cross sections,1.55E-16,UNRESOLVED_NOT_EXPLICIT_IN_RAW_METADATA,Liu2024 AOCC;3-basis mean in paperEq9;raw file no basis columns,,NO_UNCERTAINTY_COLUMN_IN_RAW_CSV,LITERATURE_SUPPORTED,ALL_LITERAL_NONBLANK_RAW_CSV_CELLS_AND_ASSOCIATED_ENERGY_COLUMNS_VERIFIED,BLOCKED_UNIT_AND_FRAME_SEMANTICS;G1_NOT_AUTHORIZED,NOT_RUN,NOT_RUN,NOT_RUN
D-LIU24-1,10.57760/sciencedb.j00113.00114,datasets/liu2024_sciencedb/H1s-Capture cross sections.csv,78d710031b9f3539e3170f4dbd3d6d1ae4291923abe66e2076fe8fdac0d8f6f7,,,RAW_CSV,12,8:3s,42.25,keV/u,,,NOT_EXPLICIT_IN_RAW_CSV;NO_FRAME_CONVERSION,NOT_EXPLICITLY_ASSIGNED,He2+,H(1s),He+ capture center:3s,Electron capture cross sections,3.53E-17,UNRESOLVED_NOT_EXPLICIT_IN_RAW_METADATA,Liu2024 AOCC;3-basis mean in paperEq9;raw file no basis columns,,NO_UNCERTAINTY_COLUMN_IN_RAW_CSV,LITERATURE_SUPPORTED,ALL_LITERAL_NONBLANK_RAW_CSV_CELLS_AND_ASSOCIATED_ENERGY_COLUMNS_VERIFIED,BLOCKED_UNIT_AND_FRAME_SEMANTICS;G1_NOT_AUTHORIZED,NOT_RUN,NOT_RUN,NOT_RUN
D-LIU24-1,10.57760/sciencedb.j00113.00114,datasets/liu2024_sciencedb/H1s-Capture cross sections.csv,78d710031b9f3539e3170f4dbd3d6d1ae4291923abe66e2076fe8fdac0d8f6f7,,,RAW_CSV,12,9:3p,42.25,keV/u,,,NOT_EXPLICIT_IN_RAW_CSV;NO_FRAME_CONVERSION,NOT_EXPLICITLY_ASSIGNED,He2+,H(1s),He+ capture center:3p,Electron capture cross sections,6.14E-17,UNRESOLVED_NOT_EXPLICIT_IN_RAW_METADATA,Liu2024 AOCC;3-basis mean in paperEq9;raw file no basis columns,,NO_UNCERTAINTY_COLUMN_IN_RAW_CSV,LITERATURE_SUPPORTED,ALL_LITERAL_NONBLANK_RAW_CSV_CELLS_AND_ASSOCIATED_ENERGY_COLUMNS_VERIFIED,BLOCKED_UNIT_AND_FRAME_SEMANTICS;G1_NOT_AUTHORIZED,NOT_RUN,NOT_RUN,NOT_RUN
D-LIU24-1,10.57760/sciencedb.j00113.00114,datasets/liu2024_sciencedb/H1s-Capture cross sections.csv,78d710031b9f3539e3170f4dbd3d6d1ae4291923abe66e2076fe8fdac0d8f6f7,,,RAW_CSV,12,10:3d,42.25,keV/u,,,NOT_EXPLICIT_IN_RAW_CSV;NO_FRAME_CONVERSION,NOT_EXPLICITLY_ASSIGNED,He2+,H(1s),He+ capture center:3d,Electron capture cross sections,1.62E-17,UNRESOLVED_NOT_EXPLICIT_IN_RAW_METADATA,Liu2024 AOCC;3-basis mean in paperEq9;raw file no basis columns,,NO_UNCERTAINTY_COLUMN_IN_RAW_CSV,LITERATURE_SUPPORTED,ALL_LITERAL_NONBLANK_RAW_CSV_CELLS_AND_ASSOCIATED_ENERGY_COLUMNS_VERIFIED,BLOCKED_UNIT_AND_FRAME_SEMANTICS;G1_NOT_AUTHORIZED,NOT_RUN,NOT_RUN,NOT_RUN
D-LIU24-1,10.57760/sciencedb.j00113.00114,datasets/liu2024_sciencedb/H1s-Capture cross sections.csv,78d710031b9f3539e3170f4dbd3d6d1ae4291923abe66e2076fe8fdac0d8f6f7,,,RAW_CSV,13,6:2s,49,keV/u,,,NOT_EXPLICIT_IN_RAW_CSV;NO_FRAME_CONVERSION,NOT_EXPLICITLY_ASSIGNED,He2+,H(1s),He+ capture center:2s,Electron capture cross sections,5.12E-17,UNRESOLVED_NOT_EXPLICIT_IN_RAW_METADATA,Liu2024 AOCC;3-basis mean in paperEq9;raw file no basis columns,,NO_UNCERTAINTY_COLUMN_IN_RAW_CSV,LITERATURE_SUPPORTED,ALL_LITERAL_NONBLANK_RAW_CSV_CELLS_AND_ASSOCIATED_ENERGY_COLUMNS_VERIFIED,BLOCKED_UNIT_AND_FRAME_SEMANTICS;G1_NOT_AUTHORIZED,NOT_RUN,NOT_RUN,NOT_RUN
D-LIU24-1,10.57760/sciencedb.j00113.00114,datasets/liu2024_sciencedb/H1s-Capture cross sections.csv,78d710031b9f3539e3170f4dbd3d6d1ae4291923abe66e2076fe8fdac0d8f6f7,,,RAW_CSV,13,7:2p,49,keV/u,,,NOT_EXPLICIT_IN_RAW_CSV;NO_FRAME_CONVERSION,NOT_EXPLICITLY_ASSIGNED,He2+,H(1s),He+ capture center:2p,Electron capture cross sections,1.06E-16,UNRESOLVED_NOT_EXPLICIT_IN_RAW_METADATA,Liu2024 AOCC;3-basis mean in paperEq9;raw file no basis columns,,NO_UNCERTAINTY_COLUMN_IN_RAW_CSV,LITERATURE_SUPPORTED,ALL_LITERAL_NONBLANK_RAW_CSV_CELLS_AND_ASSOCIATED_ENERGY_COLUMNS_VERIFIED,BLOCKED_UNIT_AND_FRAME_SEMANTICS;G1_NOT_AUTHORIZED,NOT_RUN,NOT_RUN,NOT_RUN
D-LIU24-1,10.57760/sciencedb.j00113.00114,datasets/liu2024_sciencedb/H1s-Capture cross sections.csv,78d710031b9f3539e3170f4dbd3d6d1ae4291923abe66e2076fe8fdac0d8f6f7,,,RAW_CSV,13,8:3s,49,keV/u,,,NOT_EXPLICIT_IN_RAW_CSV;NO_FRAME_CONVERSION,NOT_EXPLICITLY_ASSIGNED,He2+,H(1s),He+ capture center:3s,Electron capture cross sections,2.74E-17,UNRESOLVED_NOT_EXPLICIT_IN_RAW_METADATA,Liu2024 AOCC;3-basis mean in paperEq9;raw file no basis columns,,NO_UNCERTAINTY_COLUMN_IN_RAW_CSV,LITERATURE_SUPPORTED,ALL_LITERAL_NONBLANK_RAW_CSV_CELLS_AND_ASSOCIATED_ENERGY_COLUMNS_VERIFIED,BLOCKED_UNIT_AND_FRAME_SEMANTICS;G1_NOT_AUTHORIZED,NOT_RUN,NOT_RUN,NOT_RUN
D-LIU24-1,10.57760/sciencedb.j00113.00114,datasets/liu2024_sciencedb/H1s-Capture cross sections.csv,78d710031b9f3539e3170f4dbd3d6d1ae4291923abe66e2076fe8fdac0d8f6f7,,,RAW_CSV,13,9:3p,49,keV/u,,,NOT_EXPLICIT_IN_RAW_CSV;NO_FRAME_CONVERSION,NOT_EXPLICITLY_ASSIGNED,He2+,H(1s),He+ capture center:3p,Electron capture cross sections,4.61E-17,UNRESOLVED_NOT_EXPLICIT_IN_RAW_METADATA,Liu2024 AOCC;3-basis mean in paperEq9;raw file no basis columns,,NO_UNCERTAINTY_COLUMN_IN_RAW_CSV,LITERATURE_SUPPORTED,ALL_LITERAL_NONBLANK_RAW_CSV_CELLS_AND_ASSOCIATED_ENERGY_COLUMNS_VERIFIED,BLOCKED_UNIT_AND_FRAME_SEMANTICS;G1_NOT_AUTHORIZED,NOT_RUN,NOT_RUN,NOT_RUN
D-LIU24-1,10.57760/sciencedb.j00113.00114,datasets/liu2024_sciencedb/H1s-Capture cross sections.csv,78d710031b9f3539e3170f4dbd3d6d1ae4291923abe66e2076fe8fdac0d8f6f7,,,RAW_CSV,13,10:3d,49,keV/u,,,NOT_EXPLICIT_IN_RAW_CSV;NO_FRAME_CONVERSION,NOT_EXPLICITLY_ASSIGNED,He2+,H(1s),He+ capture center:3d,Electron capture cross sections,1.19E-17,UNRESOLVED_NOT_EXPLICIT_IN_RAW_METADATA,Liu2024 AOCC;3-basis mean in paperEq9;raw file no basis columns,,NO_UNCERTAINTY_COLUMN_IN_RAW_CSV,LITERATURE_SUPPORTED,ALL_LITERAL_NONBLANK_RAW_CSV_CELLS_AND_ASSOCIATED_ENERGY_COLUMNS_VERIFIED,BLOCKED_UNIT_AND_FRAME_SEMANTICS;G1_NOT_AUTHORIZED,NOT_RUN,NOT_RUN,NOT_RUN
D-LIU24-1,10.57760/sciencedb.j00113.00114,datasets/liu2024_sciencedb/H1s-Capture cross sections.csv,78d710031b9f3539e3170f4dbd3d6d1ae4291923abe66e2076fe8fdac0d8f6f7,,,RAW_CSV,14,6:2s,56.25,keV/u,,,NOT_EXPLICIT_IN_RAW_CSV;NO_FRAME_CONVERSION,NOT_EXPLICITLY_ASSIGNED,He2+,H(1s),He+ capture center:2s,Electron capture cross sections,3.91E-17,UNRESOLVED_NOT_EXPLICIT_IN_RAW_METADATA,Liu2024 AOCC;3-basis mean in paperEq9;raw file no basis columns,,NO_UNCERTAINTY_COLUMN_IN_RAW_CSV,LITERATURE_SUPPORTED,ALL_LITERAL_NONBLANK_RAW_CSV_CELLS_AND_ASSOCIATED_ENERGY_COLUMNS_VERIFIED,BLOCKED_UNIT_AND_FRAME_SEMANTICS;G1_NOT_AUTHORIZED,NOT_RUN,NOT_RUN,NOT_RUN
D-LIU24-1,10.57760/sciencedb.j00113.00114,datasets/liu2024_sciencedb/H1s-Capture cross sections.csv,78d710031b9f3539e3170f4dbd3d6d1ae4291923abe66e2076fe8fdac0d8f6f7,,,RAW_CSV,14,7:2p,56.25,keV/u,,,NOT_EXPLICIT_IN_RAW_CSV;NO_FRAME_CONVERSION,NOT_EXPLICITLY_ASSIGNED,He2+,H(1s),He+ capture center:2p,Electron capture cross sections,7.27E-17,UNRESOLVED_NOT_EXPLICIT_IN_RAW_METADATA,Liu2024 AOCC;3-basis mean in paperEq9;raw file no basis columns,,NO_UNCERTAINTY_COLUMN_IN_RAW_CSV,LITERATURE_SUPPORTED,ALL_LITERAL_NONBLANK_RAW_CSV_CELLS_AND_ASSOCIATED_ENERGY_COLUMNS_VERIFIED,BLOCKED_UNIT_AND_FRAME_SEMANTICS;G1_NOT_AUTHORIZED,NOT_RUN,NOT_RUN,NOT_RUN
D-LIU24-1,10.57760/sciencedb.j00113.00114,datasets/liu2024_sciencedb/H1s-Capture cross sections.csv,78d710031b9f3539e3170f4dbd3d6d1ae4291923abe66e2076fe8fdac0d8f6f7,,,RAW_CSV,14,8:3s,56.25,keV/u,,,NOT_EXPLICIT_IN_RAW_CSV;NO_FRAME_CONVERSION,NOT_EXPLICITLY_ASSIGNED,He2+,H(1s),He+ capture center:3s,Electron capture cross sections,2.09E-17,UNRESOLVED_NOT_EXPLICIT_IN_RAW_METADATA,Liu2024 AOCC;3-basis mean in paperEq9;raw file no basis columns,,NO_UNCERTAINTY_COLUMN_IN_RAW_CSV,LITERATURE_SUPPORTED,ALL_LITERAL_NONBLANK_RAW_CSV_CELLS_AND_ASSOCIATED_ENERGY_COLUMNS_VERIFIED,BLOCKED_UNIT_AND_FRAME_SEMANTICS;G1_NOT_AUTHORIZED,NOT_RUN,NOT_RUN,NOT_RUN
D-LIU24-1,10.57760/sciencedb.j00113.00114,datasets/liu2024_sciencedb/H1s-Capture cross sections.csv,78d710031b9f3539e3170f4dbd3d6d1ae4291923abe66e2076fe8fdac0d8f6f7,,,RAW_CSV,14,9:3p,56.25,keV/u,,,NOT_EXPLICIT_IN_RAW_CSV;NO_FRAME_CONVERSION,NOT_EXPLICITLY_ASSIGNED,He2+,H(1s),He+ capture center:3p,Electron capture cross sections,3.32E-17,UNRESOLVED_NOT_EXPLICIT_IN_RAW_METADATA,Liu2024 AOCC;3-basis mean in paperEq9;raw file no basis columns,,NO_UNCERTAINTY_COLUMN_IN_RAW_CSV,LITERATURE_SUPPORTED,ALL_LITERAL_NONBLANK_RAW_CSV_CELLS_AND_ASSOCIATED_ENERGY_COLUMNS_VERIFIED,BLOCKED_UNIT_AND_FRAME_SEMANTICS;G1_NOT_AUTHORIZED,NOT_RUN,NOT_RUN,NOT_RUN
D-LIU24-1,10.57760/sciencedb.j00113.00114,datasets/liu2024_sciencedb/H1s-Capture cross sections.csv,78d710031b9f3539e3170f4dbd3d6d1ae4291923abe66e2076fe8fdac0d8f6f7,,,RAW_CSV,14,10:3d,56.25,keV/u,,,NOT_EXPLICIT_IN_RAW_CSV;NO_FRAME_CONVERSION,NOT_EXPLICITLY_ASSIGNED,He2+,H(1s),He+ capture center:3d,Electron capture cross sections,8.27E-18,UNRESOLVED_NOT_EXPLICIT_IN_RAW_METADATA,Liu2024 AOCC;3-basis mean in paperEq9;raw file no basis columns,,NO_UNCERTAINTY_COLUMN_IN_RAW_CSV,LITERATURE_SUPPORTED,ALL_LITERAL_NONBLANK_RAW_CSV_CELLS_AND_ASSOCIATED_ENERGY_COLUMNS_VERIFIED,BLOCKED_UNIT_AND_FRAME_SEMANTICS;G1_NOT_AUTHORIZED,NOT_RUN,NOT_RUN,NOT_RUN
D-LIU24-1,10.57760/sciencedb.j00113.00114,datasets/liu2024_sciencedb/H1s-Capture cross sections.csv,78d710031b9f3539e3170f4dbd3d6d1ae4291923abe66e2076fe8fdac0d8f6f7,,,RAW_CSV,15,6:2s,64,keV/u,,,NOT_EXPLICIT_IN_RAW_CSV;NO_FRAME_CONVERSION,NOT_EXPLICITLY_ASSIGNED,He2+,H(1s),He+ capture center:2s,Electron capture cross sections,2.93E-17,UNRESOLVED_NOT_EXPLICIT_IN_RAW_METADATA,Liu2024 AOCC;3-basis mean in paperEq9;raw file no basis columns,,NO_UNCERTAINTY_COLUMN_IN_RAW_CSV,LITERATURE_SUPPORTED,ALL_LITERAL_NONBLANK_RAW_CSV_CELLS_AND_ASSOCIATED_ENERGY_COLUMNS_VERIFIED,BLOCKED_UNIT_AND_FRAME_SEMANTICS;G1_NOT_AUTHORIZED,NOT_RUN,NOT_RUN,NOT_RUN
D-LIU24-1,10.57760/sciencedb.j00113.00114,datasets/liu2024_sciencedb/H1s-Capture cross sections.csv,78d710031b9f3539e3170f4dbd3d6d1ae4291923abe66e2076fe8fdac0d8f6f7,,,RAW_CSV,15,7:2p,64,keV/u,,,NOT_EXPLICIT_IN_RAW_CSV;NO_FRAME_CONVERSION,NOT_EXPLICITLY_ASSIGNED,He2+,H(1s),He+ capture center:2p,Electron capture cross sections,4.84E-17,UNRESOLVED_NOT_EXPLICIT_IN_RAW_METADATA,Liu2024 AOCC;3-basis mean in paperEq9;raw file no basis columns,,NO_UNCERTAINTY_COLUMN_IN_RAW_CSV,LITERATURE_SUPPORTED,ALL_LITERAL_NONBLANK_RAW_CSV_CELLS_AND_ASSOCIATED_ENERGY_COLUMNS_VERIFIED,BLOCKED_UNIT_AND_FRAME_SEMANTICS;G1_NOT_AUTHORIZED,NOT_RUN,NOT_RUN,NOT_RUN
D-LIU24-1,10.57760/sciencedb.j00113.00114,datasets/liu2024_sciencedb/H1s-Capture cross sections.csv,78d710031b9f3539e3170f4dbd3d6d1ae4291923abe66e2076fe8fdac0d8f6f7,,,RAW_CSV,15,8:3s,64,keV/u,,,NOT_EXPLICIT_IN_RAW_CSV;NO_FRAME_CONVERSION,NOT_EXPLICITLY_ASSIGNED,He2+,H(1s),He+ capture center:3s,Electron capture cross sections,1.56E-17,UNRESOLVED_NOT_EXPLICIT_IN_RAW_METADATA,Liu2024 AOCC;3-basis mean in paperEq9;raw file no basis columns,,NO_UNCERTAINTY_COLUMN_IN_RAW_CSV,LITERATURE_SUPPORTED,ALL_LITERAL_NONBLANK_RAW_CSV_CELLS_AND_ASSOCIATED_ENERGY_COLUMNS_VERIFIED,BLOCKED_UNIT_AND_FRAME_SEMANTICS;G1_NOT_AUTHORIZED,NOT_RUN,NOT_RUN,NOT_RUN
D-LIU24-1,10.57760/sciencedb.j00113.00114,datasets/liu2024_sciencedb/H1s-Capture cross sections.csv,78d710031b9f3539e3170f4dbd3d6d1ae4291923abe66e2076fe8fdac0d8f6f7,,,RAW_CSV,15,9:3p,64,keV/u,,,NOT_EXPLICIT_IN_RAW_CSV;NO_FRAME_CONVERSION,NOT_EXPLICITLY_ASSIGNED,He2+,H(1s),He+ capture center:3p,Electron capture cross sections,2.35E-17,UNRESOLVED_NOT_EXPLICIT_IN_RAW_METADATA,Liu2024 AOCC;3-basis mean in paperEq9;raw file no basis columns,,NO_UNCERTAINTY_COLUMN_IN_RAW_CSV,LITERATURE_SUPPORTED,ALL_LITERAL_NONBLANK_RAW_CSV_CELLS_AND_ASSOCIATED_ENERGY_COLUMNS_VERIFIED,BLOCKED_UNIT_AND_FRAME_SEMANTICS;G1_NOT_AUTHORIZED,NOT_RUN,NOT_RUN,NOT_RUN
D-LIU24-1,10.57760/sciencedb.j00113.00114,datasets/liu2024_sciencedb/H1s-Capture cross sections.csv,78d710031b9f3539e3170f4dbd3d6d1ae4291923abe66e2076fe8fdac0d8f6f7,,,RAW_CSV,15,10:3d,64,keV/u,,,NOT_EXPLICIT_IN_RAW_CSV;NO_FRAME_CONVERSION,NOT_EXPLICITLY_ASSIGNED,He2+,H(1s),He+ capture center:3d,Electron capture cross sections,5.83E-18,UNRESOLVED_NOT_EXPLICIT_IN_RAW_METADATA,Liu2024 AOCC;3-basis mean in paperEq9;raw file no basis columns,,NO_UNCERTAINTY_COLUMN_IN_RAW_CSV,LITERATURE_SUPPORTED,ALL_LITERAL_NONBLANK_RAW_CSV_CELLS_AND_ASSOCIATED_ENERGY_COLUMNS_VERIFIED,BLOCKED_UNIT_AND_FRAME_SEMANTICS;G1_NOT_AUTHORIZED,NOT_RUN,NOT_RUN,NOT_RUN
D-LIU24-1,10.57760/sciencedb.j00113.00114,datasets/liu2024_sciencedb/H1s-Capture cross sections.csv,78d710031b9f3539e3170f4dbd3d6d1ae4291923abe66e2076fe8fdac0d8f6f7,,,RAW_CSV,16,6:2s,72.25,keV/u,,,NOT_EXPLICIT_IN_RAW_CSV;NO_FRAME_CONVERSION,NOT_EXPLICITLY_ASSIGNED,He2+,H(1s),He+ capture center:2s,Electron capture cross sections,2.20E-17,UNRESOLVED_NOT_EXPLICIT_IN_RAW_METADATA,Liu2024 AOCC;3-basis mean in paperEq9;raw file no basis columns,,NO_UNCERTAINTY_COLUMN_IN_RAW_CSV,LITERATURE_SUPPORTED,ALL_LITERAL_NONBLANK_RAW_CSV_CELLS_AND_ASSOCIATED_ENERGY_COLUMNS_VERIFIED,BLOCKED_UNIT_AND_FRAME_SEMANTICS;G1_NOT_AUTHORIZED,NOT_RUN,NOT_RUN,NOT_RUN
D-LIU24-1,10.57760/sciencedb.j00113.00114,datasets/liu2024_sciencedb/H1s-Capture cross sections.csv,78d710031b9f3539e3170f4dbd3d6d1ae4291923abe66e2076fe8fdac0d8f6f7,,,RAW_CSV,16,7:2p,72.25,keV/u,,,NOT_EXPLICIT_IN_RAW_CSV;NO_FRAME_CONVERSION,NOT_EXPLICITLY_ASSIGNED,He2+,H(1s),He+ capture center:2p,Electron capture cross sections,3.23E-17,UNRESOLVED_NOT_EXPLICIT_IN_RAW_METADATA,Liu2024 AOCC;3-basis mean in paperEq9;raw file no basis columns,,NO_UNCERTAINTY_COLUMN_IN_RAW_CSV,LITERATURE_SUPPORTED,ALL_LITERAL_NONBLANK_RAW_CSV_CELLS_AND_ASSOCIATED_ENERGY_COLUMNS_VERIFIED,BLOCKED_UNIT_AND_FRAME_SEMANTICS;G1_NOT_AUTHORIZED,NOT_RUN,NOT_RUN,NOT_RUN
D-LIU24-1,10.57760/sciencedb.j00113.00114,datasets/liu2024_sciencedb/H1s-Capture cross sections.csv,78d710031b9f3539e3170f4dbd3d6d1ae4291923abe66e2076fe8fdac0d8f6f7,,,RAW_CSV,16,8:3s,72.25,keV/u,,,NOT_EXPLICIT_IN_RAW_CSV;NO_FRAME_CONVERSION,NOT_EXPLICITLY_ASSIGNED,He2+,H(1s),He+ capture center:3s,Electron capture cross sections,1.14E-17,UNRESOLVED_NOT_EXPLICIT_IN_RAW_METADATA,Liu2024 AOCC;3-basis mean in paperEq9;raw file no basis columns,,NO_UNCERTAINTY_COLUMN_IN_RAW_CSV,LITERATURE_SUPPORTED,ALL_LITERAL_NONBLANK_RAW_CSV_CELLS_AND_ASSOCIATED_ENERGY_COLUMNS_VERIFIED,BLOCKED_UNIT_AND_FRAME_SEMANTICS;G1_NOT_AUTHORIZED,NOT_RUN,NOT_RUN,NOT_RUN
D-LIU24-1,10.57760/sciencedb.j00113.00114,datasets/liu2024_sciencedb/H1s-Capture cross sections.csv,78d710031b9f3539e3170f4dbd3d6d1ae4291923abe66e2076fe8fdac0d8f6f7,,,RAW_CSV,16,9:3p,72.25,keV/u,,,NOT_EXPLICIT_IN_RAW_CSV;NO_FRAME_CONVERSION,NOT_EXPLICITLY_ASSIGNED,He2+,H(1s),He+ capture center:3p,Electron capture cross sections,1.62E-17,UNRESOLVED_NOT_EXPLICIT_IN_RAW_METADATA,Liu2024 AOCC;3-basis mean in paperEq9;raw file no basis columns,,NO_UNCERTAINTY_COLUMN_IN_RAW_CSV,LITERATURE_SUPPORTED,ALL_LITERAL_NONBLANK_RAW_CSV_CELLS_AND_ASSOCIATED_ENERGY_COLUMNS_VERIFIED,BLOCKED_UNIT_AND_FRAME_SEMANTICS;G1_NOT_AUTHORIZED,NOT_RUN,NOT_RUN,NOT_RUN
D-LIU24-1,10.57760/sciencedb.j00113.00114,datasets/liu2024_sciencedb/H1s-Capture cross sections.csv,78d710031b9f3539e3170f4dbd3d6d1ae4291923abe66e2076fe8fdac0d8f6f7,,,RAW_CSV,16,10:3d,72.25,keV/u,,,NOT_EXPLICIT_IN_RAW_CSV;NO_FRAME_CONVERSION,NOT_EXPLICITLY_ASSIGNED,He2+,H(1s),He+ capture center:3d,Electron capture cross sections,3.88E-18,UNRESOLVED_NOT_EXPLICIT_IN_RAW_METADATA,Liu2024 AOCC;3-basis mean in paperEq9;raw file no basis columns,,NO_UNCERTAINTY_COLUMN_IN_RAW_CSV,LITERATURE_SUPPORTED,ALL_LITERAL_NONBLANK_RAW_CSV_CELLS_AND_ASSOCIATED_ENERGY_COLUMNS_VERIFIED,BLOCKED_UNIT_AND_FRAME_SEMANTICS;G1_NOT_AUTHORIZED,NOT_RUN,NOT_RUN,NOT_RUN
D-LIU24-1,10.57760/sciencedb.j00113.00114,datasets/liu2024_sciencedb/H1s-Capture cross sections.csv,78d710031b9f3539e3170f4dbd3d6d1ae4291923abe66e2076fe8fdac0d8f6f7,,,RAW_CSV,17,6:2s,81,keV/u,,,NOT_EXPLICIT_IN_RAW_CSV;NO_FRAME_CONVERSION,NOT_EXPLICITLY_ASSIGNED,He2+,H(1s),He+ capture center:2s,Electron capture cross sections,1.65E-17,UNRESOLVED_NOT_EXPLICIT_IN_RAW_METADATA,Liu2024 AOCC;3-basis mean in paperEq9;raw file no basis columns,,NO_UNCERTAINTY_COLUMN_IN_RAW_CSV,LITERATURE_SUPPORTED,ALL_LITERAL_NONBLANK_RAW_CSV_CELLS_AND_ASSOCIATED_ENERGY_COLUMNS_VERIFIED,BLOCKED_UNIT_AND_FRAME_SEMANTICS;G1_NOT_AUTHORIZED,NOT_RUN,NOT_RUN,NOT_RUN
D-LIU24-1,10.57760/sciencedb.j00113.00114,datasets/liu2024_sciencedb/H1s-Capture cross sections.csv,78d710031b9f3539e3170f4dbd3d6d1ae4291923abe66e2076fe8fdac0d8f6f7,,,RAW_CSV,17,7:2p,81,keV/u,,,NOT_EXPLICIT_IN_RAW_CSV;NO_FRAME_CONVERSION,NOT_EXPLICITLY_ASSIGNED,He2+,H(1s),He+ capture center:2p,Electron capture cross sections,2.17E-17,UNRESOLVED_NOT_EXPLICIT_IN_RAW_METADATA,Liu2024 AOCC;3-basis mean in paperEq9;raw file no basis columns,,NO_UNCERTAINTY_COLUMN_IN_RAW_CSV,LITERATURE_SUPPORTED,ALL_LITERAL_NONBLANK_RAW_CSV_CELLS_AND_ASSOCIATED_ENERGY_COLUMNS_VERIFIED,BLOCKED_UNIT_AND_FRAME_SEMANTICS;G1_NOT_AUTHORIZED,NOT_RUN,NOT_RUN,NOT_RUN
D-LIU24-1,10.57760/sciencedb.j00113.00114,datasets/liu2024_sciencedb/H1s-Capture cross sections.csv,78d710031b9f3539e3170f4dbd3d6d1ae4291923abe66e2076fe8fdac0d8f6f7,,,RAW_CSV,17,8:3s,81,keV/u,,,NOT_EXPLICIT_IN_RAW_CSV;NO_FRAME_CONVERSION,NOT_EXPLICITLY_ASSIGNED,He2+,H(1s),He+ capture center:3s,Electron capture cross sections,8.25E-18,UNRESOLVED_NOT_EXPLICIT_IN_RAW_METADATA,Liu2024 AOCC;3-basis mean in paperEq9;raw file no basis columns,,NO_UNCERTAINTY_COLUMN_IN_RAW_CSV,LITERATURE_SUPPORTED,ALL_LITERAL_NONBLANK_RAW_CSV_CELLS_AND_ASSOCIATED_ENERGY_COLUMNS_VERIFIED,BLOCKED_UNIT_AND_FRAME_SEMANTICS;G1_NOT_AUTHORIZED,NOT_RUN,NOT_RUN,NOT_RUN
D-LIU24-1,10.57760/sciencedb.j00113.00114,datasets/liu2024_sciencedb/H1s-Capture cross sections.csv,78d710031b9f3539e3170f4dbd3d6d1ae4291923abe66e2076fe8fdac0d8f6f7,,,RAW_CSV,17,9:3p,81,keV/u,,,NOT_EXPLICIT_IN_RAW_CSV;NO_FRAME_CONVERSION,NOT_EXPLICITLY_ASSIGNED,He2+,H(1s),He+ capture center:3p,Electron capture cross sections,1.11E-17,UNRESOLVED_NOT_EXPLICIT_IN_RAW_METADATA,Liu2024 AOCC;3-basis mean in paperEq9;raw file no basis columns,,NO_UNCERTAINTY_COLUMN_IN_RAW_CSV,LITERATURE_SUPPORTED,ALL_LITERAL_NONBLANK_RAW_CSV_CELLS_AND_ASSOCIATED_ENERGY_COLUMNS_VERIFIED,BLOCKED_UNIT_AND_FRAME_SEMANTICS;G1_NOT_AUTHORIZED,NOT_RUN,NOT_RUN,NOT_RUN
D-LIU24-1,10.57760/sciencedb.j00113.00114,datasets/liu2024_sciencedb/H1s-Capture cross sections.csv,78d710031b9f3539e3170f4dbd3d6d1ae4291923abe66e2076fe8fdac0d8f6f7,,,RAW_CSV,17,10:3d,81,keV/u,,,NOT_EXPLICIT_IN_RAW_CSV;NO_FRAME_CONVERSION,NOT_EXPLICITLY_ASSIGNED,He2+,H(1s),He+ capture center:3d,Electron capture cross sections,2.60E-18,UNRESOLVED_NOT_EXPLICIT_IN_RAW_METADATA,Liu2024 AOCC;3-basis mean in paperEq9;raw file no basis columns,,NO_UNCERTAINTY_COLUMN_IN_RAW_CSV,LITERATURE_SUPPORTED,ALL_LITERAL_NONBLANK_RAW_CSV_CELLS_AND_ASSOCIATED_ENERGY_COLUMNS_VERIFIED,BLOCKED_UNIT_AND_FRAME_SEMANTICS;G1_NOT_AUTHORIZED,NOT_RUN,NOT_RUN,NOT_RUN
D-LIU24-1,10.57760/sciencedb.j00113.00114,datasets/liu2024_sciencedb/H1s-Capture cross sections.csv,78d710031b9f3539e3170f4dbd3d6d1ae4291923abe66e2076fe8fdac0d8f6f7,,,RAW_CSV,18,6:2s,90.25,keV/u,,,NOT_EXPLICIT_IN_RAW_CSV;NO_FRAME_CONVERSION,NOT_EXPLICITLY_ASSIGNED,He2+,H(1s),He+ capture center:2s,Electron capture cross sections,1.24E-17,UNRESOLVED_NOT_EXPLICIT_IN_RAW_METADATA,Liu2024 AOCC;3-basis mean in paperEq9;raw file no basis columns,,NO_UNCERTAINTY_COLUMN_IN_RAW_CSV,LITERATURE_SUPPORTED,ALL_LITERAL_NONBLANK_RAW_CSV_CELLS_AND_ASSOCIATED_ENERGY_COLUMNS_VERIFIED,BLOCKED_UNIT_AND_FRAME_SEMANTICS;G1_NOT_AUTHORIZED,NOT_RUN,NOT_RUN,NOT_RUN
D-LIU24-1,10.57760/sciencedb.j00113.00114,datasets/liu2024_sciencedb/H1s-Capture cross sections.csv,78d710031b9f3539e3170f4dbd3d6d1ae4291923abe66e2076fe8fdac0d8f6f7,,,RAW_CSV,18,7:2p,90.25,keV/u,,,NOT_EXPLICIT_IN_RAW_CSV;NO_FRAME_CONVERSION,NOT_EXPLICITLY_ASSIGNED,He2+,H(1s),He+ capture center:2p,Electron capture cross sections,1.45E-17,UNRESOLVED_NOT_EXPLICIT_IN_RAW_METADATA,Liu2024 AOCC;3-basis mean in paperEq9;raw file no basis columns,,NO_UNCERTAINTY_COLUMN_IN_RAW_CSV,LITERATURE_SUPPORTED,ALL_LITERAL_NONBLANK_RAW_CSV_CELLS_AND_ASSOCIATED_ENERGY_COLUMNS_VERIFIED,BLOCKED_UNIT_AND_FRAME_SEMANTICS;G1_NOT_AUTHORIZED,NOT_RUN,NOT_RUN,NOT_RUN
D-LIU24-1,10.57760/sciencedb.j00113.00114,datasets/liu2024_sciencedb/H1s-Capture cross sections.csv,78d710031b9f3539e3170f4dbd3d6d1ae4291923abe66e2076fe8fdac0d8f6f7,,,RAW_CSV,18,8:3s,90.25,keV/u,,,NOT_EXPLICIT_IN_RAW_CSV;NO_FRAME_CONVERSION,NOT_EXPLICITLY_ASSIGNED,He2+,H(1s),He+ capture center:3s,Electron capture cross sections,6.11E-18,UNRESOLVED_NOT_EXPLICIT_IN_RAW_METADATA,Liu2024 AOCC;3-basis mean in paperEq9;raw file no basis columns,,NO_UNCERTAINTY_COLUMN_IN_RAW_CSV,LITERATURE_SUPPORTED,ALL_LITERAL_NONBLANK_RAW_CSV_CELLS_AND_ASSOCIATED_ENERGY_COLUMNS_VERIFIED,BLOCKED_UNIT_AND_FRAME_SEMANTICS;G1_NOT_AUTHORIZED,NOT_RUN,NOT_RUN,NOT_RUN
D-LIU24-1,10.57760/sciencedb.j00113.00114,datasets/liu2024_sciencedb/H1s-Capture cross sections.csv,78d710031b9f3539e3170f4dbd3d6d1ae4291923abe66e2076fe8fdac0d8f6f7,,,RAW_CSV,18,9:3p,90.25,keV/u,,,NOT_EXPLICIT_IN_RAW_CSV;NO_FRAME_CONVERSION,NOT_EXPLICITLY_ASSIGNED,He2+,H(1s),He+ capture center:3p,Electron capture cross sections,7.69E-18,UNRESOLVED_NOT_EXPLICIT_IN_RAW_METADATA,Liu2024 AOCC;3-basis mean in paperEq9;raw file no basis columns,,NO_UNCERTAINTY_COLUMN_IN_RAW_CSV,LITERATURE_SUPPORTED,ALL_LITERAL_NONBLANK_RAW_CSV_CELLS_AND_ASSOCIATED_ENERGY_COLUMNS_VERIFIED,BLOCKED_UNIT_AND_FRAME_SEMANTICS;G1_NOT_AUTHORIZED,NOT_RUN,NOT_RUN,NOT_RUN
D-LIU24-1,10.57760/sciencedb.j00113.00114,datasets/liu2024_sciencedb/H1s-Capture cross sections.csv,78d710031b9f3539e3170f4dbd3d6d1ae4291923abe66e2076fe8fdac0d8f6f7,,,RAW_CSV,18,10:3d,90.25,keV/u,,,NOT_EXPLICIT_IN_RAW_CSV;NO_FRAME_CONVERSION,NOT_EXPLICITLY_ASSIGNED,He2+,H(1s),He+ capture center:3d,Electron capture cross sections,1.73E-18,UNRESOLVED_NOT_EXPLICIT_IN_RAW_METADATA,Liu2024 AOCC;3-basis mean in paperEq9;raw file no basis columns,,NO_UNCERTAINTY_COLUMN_IN_RAW_CSV,LITERATURE_SUPPORTED,ALL_LITERAL_NONBLANK_RAW_CSV_CELLS_AND_ASSOCIATED_ENERGY_COLUMNS_VERIFIED,BLOCKED_UNIT_AND_FRAME_SEMANTICS;G1_NOT_AUTHORIZED,NOT_RUN,NOT_RUN,NOT_RUN
D-LIU24-1,10.57760/sciencedb.j00113.00114,datasets/liu2024_sciencedb/H1s-Capture cross sections.csv,78d710031b9f3539e3170f4dbd3d6d1ae4291923abe66e2076fe8fdac0d8f6f7,,,RAW_CSV,19,6:2s,100,keV/u,,,NOT_EXPLICIT_IN_RAW_CSV;NO_FRAME_CONVERSION,NOT_EXPLICITLY_ASSIGNED,He2+,H(1s),He+ capture center:2s,Electron capture cross sections,9.54E-18,UNRESOLVED_NOT_EXPLICIT_IN_RAW_METADATA,Liu2024 AOCC;3-basis mean in paperEq9;raw file no basis columns,,NO_UNCERTAINTY_COLUMN_IN_RAW_CSV,LITERATURE_SUPPORTED,ALL_LITERAL_NONBLANK_RAW_CSV_CELLS_AND_ASSOCIATED_ENERGY_COLUMNS_VERIFIED,BLOCKED_UNIT_AND_FRAME_SEMANTICS;G1_NOT_AUTHORIZED,NOT_RUN,NOT_RUN,NOT_RUN
D-LIU24-1,10.57760/sciencedb.j00113.00114,datasets/liu2024_sciencedb/H1s-Capture cross sections.csv,78d710031b9f3539e3170f4dbd3d6d1ae4291923abe66e2076fe8fdac0d8f6f7,,,RAW_CSV,19,7:2p,100,keV/u,,,NOT_EXPLICIT_IN_RAW_CSV;NO_FRAME_CONVERSION,NOT_EXPLICITLY_ASSIGNED,He2+,H(1s),He+ capture center:2p,Electron capture cross sections,9.92E-18,UNRESOLVED_NOT_EXPLICIT_IN_RAW_METADATA,Liu2024 AOCC;3-basis mean in paperEq9;raw file no basis columns,,NO_UNCERTAINTY_COLUMN_IN_RAW_CSV,LITERATURE_SUPPORTED,ALL_LITERAL_NONBLANK_RAW_CSV_CELLS_AND_ASSOCIATED_ENERGY_COLUMNS_VERIFIED,BLOCKED_UNIT_AND_FRAME_SEMANTICS;G1_NOT_AUTHORIZED,NOT_RUN,NOT_RUN,NOT_RUN
D-LIU24-1,10.57760/sciencedb.j00113.00114,datasets/liu2024_sciencedb/H1s-Capture cross sections.csv,78d710031b9f3539e3170f4dbd3d6d1ae4291923abe66e2076fe8fdac0d8f6f7,,,RAW_CSV,19,8:3s,100,keV/u,,,NOT_EXPLICIT_IN_RAW_CSV;NO_FRAME_CONVERSION,NOT_EXPLICITLY_ASSIGNED,He2+,H(1s),He+ capture center:3s,Electron capture cross sections,4.52E-18,UNRESOLVED_NOT_EXPLICIT_IN_RAW_METADATA,Liu2024 AOCC;3-basis mean in paperEq9;raw file no basis columns,,NO_UNCERTAINTY_COLUMN_IN_RAW_CSV,LITERATURE_SUPPORTED,ALL_LITERAL_NONBLANK_RAW_CSV_CELLS_AND_ASSOCIATED_ENERGY_COLUMNS_VERIFIED,BLOCKED_UNIT_AND_FRAME_SEMANTICS;G1_NOT_AUTHORIZED,NOT_RUN,NOT_RUN,NOT_RUN
D-LIU24-1,10.57760/sciencedb.j00113.00114,datasets/liu2024_sciencedb/H1s-Capture cross sections.csv,78d710031b9f3539e3170f4dbd3d6d1ae4291923abe66e2076fe8fdac0d8f6f7,,,RAW_CSV,19,9:3p,100,keV/u,,,NOT_EXPLICIT_IN_RAW_CSV;NO_FRAME_CONVERSION,NOT_EXPLICITLY_ASSIGNED,He2+,H(1s),He+ capture center:3p,Electron capture cross sections,5.17E-18,UNRESOLVED_NOT_EXPLICIT_IN_RAW_METADATA,Liu2024 AOCC;3-basis mean in paperEq9;raw file no basis columns,,NO_UNCERTAINTY_COLUMN_IN_RAW_CSV,LITERATURE_SUPPORTED,ALL_LITERAL_NONBLANK_RAW_CSV_CELLS_AND_ASSOCIATED_ENERGY_COLUMNS_VERIFIED,BLOCKED_UNIT_AND_FRAME_SEMANTICS;G1_NOT_AUTHORIZED,NOT_RUN,NOT_RUN,NOT_RUN
D-LIU24-1,10.57760/sciencedb.j00113.00114,datasets/liu2024_sciencedb/H1s-Capture cross sections.csv,78d710031b9f3539e3170f4dbd3d6d1ae4291923abe66e2076fe8fdac0d8f6f7,,,RAW_CSV,19,10:3d,100,keV/u,,,NOT_EXPLICIT_IN_RAW_CSV;NO_FRAME_CONVERSION,NOT_EXPLICITLY_ASSIGNED,He2+,H(1s),He+ capture center:3d,Electron capture cross sections,1.10E-18,UNRESOLVED_NOT_EXPLICIT_IN_RAW_METADATA,Liu2024 AOCC;3-basis mean in paperEq9;raw file no basis columns,,NO_UNCERTAINTY_COLUMN_IN_RAW_CSV,LITERATURE_SUPPORTED,ALL_LITERAL_NONBLANK_RAW_CSV_CELLS_AND_ASSOCIATED_ENERGY_COLUMNS_VERIFIED,BLOCKED_UNIT_AND_FRAME_SEMANTICS;G1_NOT_AUTHORIZED,NOT_RUN,NOT_RUN,NOT_RUN
D-LIU24-1,10.57760/sciencedb.j00113.00114,datasets/liu2024_sciencedb/H1s-Capture cross sections.csv,78d710031b9f3539e3170f4dbd3d6d1ae4291923abe66e2076fe8fdac0d8f6f7,,,RAW_CSV,20,6:2s,110.25,keV/u,,,NOT_EXPLICIT_IN_RAW_CSV;NO_FRAME_CONVERSION,NOT_EXPLICITLY_ASSIGNED,He2+,H(1s),He+ capture center:2s,Electron capture cross sections,7.10E-18,UNRESOLVED_NOT_EXPLICIT_IN_RAW_METADATA,Liu2024 AOCC;3-basis mean in paperEq9;raw file no basis columns,,NO_UNCERTAINTY_COLUMN_IN_RAW_CSV,LITERATURE_SUPPORTED,ALL_LITERAL_NONBLANK_RAW_CSV_CELLS_AND_ASSOCIATED_ENERGY_COLUMNS_VERIFIED,BLOCKED_UNIT_AND_FRAME_SEMANTICS;G1_NOT_AUTHORIZED,NOT_RUN,NOT_RUN,NOT_RUN
D-LIU24-1,10.57760/sciencedb.j00113.00114,datasets/liu2024_sciencedb/H1s-Capture cross sections.csv,78d710031b9f3539e3170f4dbd3d6d1ae4291923abe66e2076fe8fdac0d8f6f7,,,RAW_CSV,20,7:2p,110.25,keV/u,,,NOT_EXPLICIT_IN_RAW_CSV;NO_FRAME_CONVERSION,NOT_EXPLICITLY_ASSIGNED,He2+,H(1s),He+ capture center:2p,Electron capture cross sections,6.69E-18,UNRESOLVED_NOT_EXPLICIT_IN_RAW_METADATA,Liu2024 AOCC;3-basis mean in paperEq9;raw file no basis columns,,NO_UNCERTAINTY_COLUMN_IN_RAW_CSV,LITERATURE_SUPPORTED,ALL_LITERAL_NONBLANK_RAW_CSV_CELLS_AND_ASSOCIATED_ENERGY_COLUMNS_VERIFIED,BLOCKED_UNIT_AND_FRAME_SEMANTICS;G1_NOT_AUTHORIZED,NOT_RUN,NOT_RUN,NOT_RUN
D-LIU24-1,10.57760/sciencedb.j00113.00114,datasets/liu2024_sciencedb/H1s-Capture cross sections.csv,78d710031b9f3539e3170f4dbd3d6d1ae4291923abe66e2076fe8fdac0d8f6f7,,,RAW_CSV,20,8:3s,110.25,keV/u,,,NOT_EXPLICIT_IN_RAW_CSV;NO_FRAME_CONVERSION,NOT_EXPLICITLY_ASSIGNED,He2+,H(1s),He+ capture center:3s,Electron capture cross sections,3.25E-18,UNRESOLVED_NOT_EXPLICIT_IN_RAW_METADATA,Liu2024 AOCC;3-basis mean in paperEq9;raw file no basis columns,,NO_UNCERTAINTY_COLUMN_IN_RAW_CSV,LITERATURE_SUPPORTED,ALL_LITERAL_NONBLANK_RAW_CSV_CELLS_AND_ASSOCIATED_ENERGY_COLUMNS_VERIFIED,BLOCKED_UNIT_AND_FRAME_SEMANTICS;G1_NOT_AUTHORIZED,NOT_RUN,NOT_RUN,NOT_RUN
D-LIU24-1,10.57760/sciencedb.j00113.00114,datasets/liu2024_sciencedb/H1s-Capture cross sections.csv,78d710031b9f3539e3170f4dbd3d6d1ae4291923abe66e2076fe8fdac0d8f6f7,,,RAW_CSV,20,9:3p,110.25,keV/u,,,NOT_EXPLICIT_IN_RAW_CSV;NO_FRAME_CONVERSION,NOT_EXPLICITLY_ASSIGNED,He2+,H(1s),He+ capture center:3p,Electron capture cross sections,3.49E-18,UNRESOLVED_NOT_EXPLICIT_IN_RAW_METADATA,Liu2024 AOCC;3-basis mean in paperEq9;raw file no basis columns,,NO_UNCERTAINTY_COLUMN_IN_RAW_CSV,LITERATURE_SUPPORTED,ALL_LITERAL_NONBLANK_RAW_CSV_CELLS_AND_ASSOCIATED_ENERGY_COLUMNS_VERIFIED,BLOCKED_UNIT_AND_FRAME_SEMANTICS;G1_NOT_AUTHORIZED,NOT_RUN,NOT_RUN,NOT_RUN
D-LIU24-1,10.57760/sciencedb.j00113.00114,datasets/liu2024_sciencedb/H1s-Capture cross sections.csv,78d710031b9f3539e3170f4dbd3d6d1ae4291923abe66e2076fe8fdac0d8f6f7,,,RAW_CSV,20,10:3d,110.25,keV/u,,,NOT_EXPLICIT_IN_RAW_CSV;NO_FRAME_CONVERSION,NOT_EXPLICITLY_ASSIGNED,He2+,H(1s),He+ capture center:3d,Electron capture cross sections,7.16E-19,UNRESOLVED_NOT_EXPLICIT_IN_RAW_METADATA,Liu2024 AOCC;3-basis mean in paperEq9;raw file no basis columns,,NO_UNCERTAINTY_COLUMN_IN_RAW_CSV,LITERATURE_SUPPORTED,ALL_LITERAL_NONBLANK_RAW_CSV_CELLS_AND_ASSOCIATED_ENERGY_COLUMNS_VERIFIED,BLOCKED_UNIT_AND_FRAME_SEMANTICS;G1_NOT_AUTHORIZED,NOT_RUN,NOT_RUN,NOT_RUN
D-LIU24-1,10.57760/sciencedb.j00113.00114,datasets/liu2024_sciencedb/H1s-Capture cross sections.csv,78d710031b9f3539e3170f4dbd3d6d1ae4291923abe66e2076fe8fdac0d8f6f7,,,RAW_CSV,21,6:2s,121,keV/u,,,NOT_EXPLICIT_IN_RAW_CSV;NO_FRAME_CONVERSION,NOT_EXPLICITLY_ASSIGNED,He2+,H(1s),He+ capture center:2s,Electron capture cross sections,5.26E-18,UNRESOLVED_NOT_EXPLICIT_IN_RAW_METADATA,Liu2024 AOCC;3-basis mean in paperEq9;raw file no basis columns,,NO_UNCERTAINTY_COLUMN_IN_RAW_CSV,LITERATURE_SUPPORTED,ALL_LITERAL_NONBLANK_RAW_CSV_CELLS_AND_ASSOCIATED_ENERGY_COLUMNS_VERIFIED,BLOCKED_UNIT_AND_FRAME_SEMANTICS;G1_NOT_AUTHORIZED,NOT_RUN,NOT_RUN,NOT_RUN
D-LIU24-1,10.57760/sciencedb.j00113.00114,datasets/liu2024_sciencedb/H1s-Capture cross sections.csv,78d710031b9f3539e3170f4dbd3d6d1ae4291923abe66e2076fe8fdac0d8f6f7,,,RAW_CSV,21,7:2p,121,keV/u,,,NOT_EXPLICIT_IN_RAW_CSV;NO_FRAME_CONVERSION,NOT_EXPLICITLY_ASSIGNED,He2+,H(1s),He+ capture center:2p,Electron capture cross sections,4.58E-18,UNRESOLVED_NOT_EXPLICIT_IN_RAW_METADATA,Liu2024 AOCC;3-basis mean in paperEq9;raw file no basis columns,,NO_UNCERTAINTY_COLUMN_IN_RAW_CSV,LITERATURE_SUPPORTED,ALL_LITERAL_NONBLANK_RAW_CSV_CELLS_AND_ASSOCIATED_ENERGY_COLUMNS_VERIFIED,BLOCKED_UNIT_AND_FRAME_SEMANTICS;G1_NOT_AUTHORIZED,NOT_RUN,NOT_RUN,NOT_RUN
D-LIU24-1,10.57760/sciencedb.j00113.00114,datasets/liu2024_sciencedb/H1s-Capture cross sections.csv,78d710031b9f3539e3170f4dbd3d6d1ae4291923abe66e2076fe8fdac0d8f6f7,,,RAW_CSV,21,8:3s,121,keV/u,,,NOT_EXPLICIT_IN_RAW_CSV;NO_FRAME_CONVERSION,NOT_EXPLICITLY_ASSIGNED,He2+,H(1s),He+ capture center:3s,Electron capture cross sections,2.32E-18,UNRESOLVED_NOT_EXPLICIT_IN_RAW_METADATA,Liu2024 AOCC;3-basis mean in paperEq9;raw file no basis columns,,NO_UNCERTAINTY_COLUMN_IN_RAW_CSV,LITERATURE_SUPPORTED,ALL_LITERAL_NONBLANK_RAW_CSV_CELLS_AND_ASSOCIATED_ENERGY_COLUMNS_VERIFIED,BLOCKED_UNIT_AND_FRAME_SEMANTICS;G1_NOT_AUTHORIZED,NOT_RUN,NOT_RUN,NOT_RUN
D-LIU24-1,10.57760/sciencedb.j00113.00114,datasets/liu2024_sciencedb/H1s-Capture cross sections.csv,78d710031b9f3539e3170f4dbd3d6d1ae4291923abe66e2076fe8fdac0d8f6f7,,,RAW_CSV,21,9:3p,121,keV/u,,,NOT_EXPLICIT_IN_RAW_CSV;NO_FRAME_CONVERSION,NOT_EXPLICITLY_ASSIGNED,He2+,H(1s),He+ capture center:3p,Electron capture cross sections,2.41E-18,UNRESOLVED_NOT_EXPLICIT_IN_RAW_METADATA,Liu2024 AOCC;3-basis mean in paperEq9;raw file no basis columns,,NO_UNCERTAINTY_COLUMN_IN_RAW_CSV,LITERATURE_SUPPORTED,ALL_LITERAL_NONBLANK_RAW_CSV_CELLS_AND_ASSOCIATED_ENERGY_COLUMNS_VERIFIED,BLOCKED_UNIT_AND_FRAME_SEMANTICS;G1_NOT_AUTHORIZED,NOT_RUN,NOT_RUN,NOT_RUN
D-LIU24-1,10.57760/sciencedb.j00113.00114,datasets/liu2024_sciencedb/H1s-Capture cross sections.csv,78d710031b9f3539e3170f4dbd3d6d1ae4291923abe66e2076fe8fdac0d8f6f7,,,RAW_CSV,21,10:3d,121,keV/u,,,NOT_EXPLICIT_IN_RAW_CSV;NO_FRAME_CONVERSION,NOT_EXPLICITLY_ASSIGNED,He2+,H(1s),He+ capture center:3d,Electron capture cross sections,4.84E-19,UNRESOLVED_NOT_EXPLICIT_IN_RAW_METADATA,Liu2024 AOCC;3-basis mean in paperEq9;raw file no basis columns,,NO_UNCERTAINTY_COLUMN_IN_RAW_CSV,LITERATURE_SUPPORTED,ALL_LITERAL_NONBLANK_RAW_CSV_CELLS_AND_ASSOCIATED_ENERGY_COLUMNS_VERIFIED,BLOCKED_UNIT_AND_FRAME_SEMANTICS;G1_NOT_AUTHORIZED,NOT_RUN,NOT_RUN,NOT_RUN
D-LIU24-1,10.57760/sciencedb.j00113.00114,datasets/liu2024_sciencedb/H1s-Capture cross sections.csv,78d710031b9f3539e3170f4dbd3d6d1ae4291923abe66e2076fe8fdac0d8f6f7,,,RAW_CSV,22,6:2s,132.25,keV/u,,,NOT_EXPLICIT_IN_RAW_CSV;NO_FRAME_CONVERSION,NOT_EXPLICITLY_ASSIGNED,He2+,H(1s),He+ capture center:2s,Electron capture cross sections,3.87E-18,UNRESOLVED_NOT_EXPLICIT_IN_RAW_METADATA,Liu2024 AOCC;3-basis mean in paperEq9;raw file no basis columns,,NO_UNCERTAINTY_COLUMN_IN_RAW_CSV,LITERATURE_SUPPORTED,ALL_LITERAL_NONBLANK_RAW_CSV_CELLS_AND_ASSOCIATED_ENERGY_COLUMNS_VERIFIED,BLOCKED_UNIT_AND_FRAME_SEMANTICS;G1_NOT_AUTHORIZED,NOT_RUN,NOT_RUN,NOT_RUN
D-LIU24-1,10.57760/sciencedb.j00113.00114,datasets/liu2024_sciencedb/H1s-Capture cross sections.csv,78d710031b9f3539e3170f4dbd3d6d1ae4291923abe66e2076fe8fdac0d8f6f7,,,RAW_CSV,22,7:2p,132.25,keV/u,,,NOT_EXPLICIT_IN_RAW_CSV;NO_FRAME_CONVERSION,NOT_EXPLICITLY_ASSIGNED,He2+,H(1s),He+ capture center:2p,Electron capture cross sections,3.03E-18,UNRESOLVED_NOT_EXPLICIT_IN_RAW_METADATA,Liu2024 AOCC;3-basis mean in paperEq9;raw file no basis columns,,NO_UNCERTAINTY_COLUMN_IN_RAW_CSV,LITERATURE_SUPPORTED,ALL_LITERAL_NONBLANK_RAW_CSV_CELLS_AND_ASSOCIATED_ENERGY_COLUMNS_VERIFIED,BLOCKED_UNIT_AND_FRAME_SEMANTICS;G1_NOT_AUTHORIZED,NOT_RUN,NOT_RUN,NOT_RUN
D-LIU24-1,10.57760/sciencedb.j00113.00114,datasets/liu2024_sciencedb/H1s-Capture cross sections.csv,78d710031b9f3539e3170f4dbd3d6d1ae4291923abe66e2076fe8fdac0d8f6f7,,,RAW_CSV,22,8:3s,132.25,keV/u,,,NOT_EXPLICIT_IN_RAW_CSV;NO_FRAME_CONVERSION,NOT_EXPLICITLY_ASSIGNED,He2+,H(1s),He+ capture center:3s,Electron capture cross sections,1.77E-18,UNRESOLVED_NOT_EXPLICIT_IN_RAW_METADATA,Liu2024 AOCC;3-basis mean in paperEq9;raw file no basis columns,,NO_UNCERTAINTY_COLUMN_IN_RAW_CSV,LITERATURE_SUPPORTED,ALL_LITERAL_NONBLANK_RAW_CSV_CELLS_AND_ASSOCIATED_ENERGY_COLUMNS_VERIFIED,BLOCKED_UNIT_AND_FRAME_SEMANTICS;G1_NOT_AUTHORIZED,NOT_RUN,NOT_RUN,NOT_RUN
D-LIU24-1,10.57760/sciencedb.j00113.00114,datasets/liu2024_sciencedb/H1s-Capture cross sections.csv,78d710031b9f3539e3170f4dbd3d6d1ae4291923abe66e2076fe8fdac0d8f6f7,,,RAW_CSV,22,9:3p,132.25,keV/u,,,NOT_EXPLICIT_IN_RAW_CSV;NO_FRAME_CONVERSION,NOT_EXPLICITLY_ASSIGNED,He2+,H(1s),He+ capture center:3p,Electron capture cross sections,1.69E-18,UNRESOLVED_NOT_EXPLICIT_IN_RAW_METADATA,Liu2024 AOCC;3-basis mean in paperEq9;raw file no basis columns,,NO_UNCERTAINTY_COLUMN_IN_RAW_CSV,LITERATURE_SUPPORTED,ALL_LITERAL_NONBLANK_RAW_CSV_CELLS_AND_ASSOCIATED_ENERGY_COLUMNS_VERIFIED,BLOCKED_UNIT_AND_FRAME_SEMANTICS;G1_NOT_AUTHORIZED,NOT_RUN,NOT_RUN,NOT_RUN
D-LIU24-1,10.57760/sciencedb.j00113.00114,datasets/liu2024_sciencedb/H1s-Capture cross sections.csv,78d710031b9f3539e3170f4dbd3d6d1ae4291923abe66e2076fe8fdac0d8f6f7,,,RAW_CSV,22,10:3d,132.25,keV/u,,,NOT_EXPLICIT_IN_RAW_CSV;NO_FRAME_CONVERSION,NOT_EXPLICITLY_ASSIGNED,He2+,H(1s),He+ capture center:3d,Electron capture cross sections,3.18E-19,UNRESOLVED_NOT_EXPLICIT_IN_RAW_METADATA,Liu2024 AOCC;3-basis mean in paperEq9;raw file no basis columns,,NO_UNCERTAINTY_COLUMN_IN_RAW_CSV,LITERATURE_SUPPORTED,ALL_LITERAL_NONBLANK_RAW_CSV_CELLS_AND_ASSOCIATED_ENERGY_COLUMNS_VERIFIED,BLOCKED_UNIT_AND_FRAME_SEMANTICS;G1_NOT_AUTHORIZED,NOT_RUN,NOT_RUN,NOT_RUN
D-LIU24-1,10.57760/sciencedb.j00113.00114,datasets/liu2024_sciencedb/H1s-Capture cross sections.csv,78d710031b9f3539e3170f4dbd3d6d1ae4291923abe66e2076fe8fdac0d8f6f7,,,RAW_CSV,23,6:2s,144,keV/u,,,NOT_EXPLICIT_IN_RAW_CSV;NO_FRAME_CONVERSION,NOT_EXPLICITLY_ASSIGNED,He2+,H(1s),He+ capture center:2s,Electron capture cross sections,2.85E-18,UNRESOLVED_NOT_EXPLICIT_IN_RAW_METADATA,Liu2024 AOCC;3-basis mean in paperEq9;raw file no basis columns,,NO_UNCERTAINTY_COLUMN_IN_RAW_CSV,LITERATURE_SUPPORTED,ALL_LITERAL_NONBLANK_RAW_CSV_CELLS_AND_ASSOCIATED_ENERGY_COLUMNS_VERIFIED,BLOCKED_UNIT_AND_FRAME_SEMANTICS;G1_NOT_AUTHORIZED,NOT_RUN,NOT_RUN,NOT_RUN
D-LIU24-1,10.57760/sciencedb.j00113.00114,datasets/liu2024_sciencedb/H1s-Capture cross sections.csv,78d710031b9f3539e3170f4dbd3d6d1ae4291923abe66e2076fe8fdac0d8f6f7,,,RAW_CSV,23,7:2p,144,keV/u,,,NOT_EXPLICIT_IN_RAW_CSV;NO_FRAME_CONVERSION,NOT_EXPLICITLY_ASSIGNED,He2+,H(1s),He+ capture center:2p,Electron capture cross sections,2.05E-18,UNRESOLVED_NOT_EXPLICIT_IN_RAW_METADATA,Liu2024 AOCC;3-basis mean in paperEq9;raw file no basis columns,,NO_UNCERTAINTY_COLUMN_IN_RAW_CSV,LITERATURE_SUPPORTED,ALL_LITERAL_NONBLANK_RAW_CSV_CELLS_AND_ASSOCIATED_ENERGY_COLUMNS_VERIFIED,BLOCKED_UNIT_AND_FRAME_SEMANTICS;G1_NOT_AUTHORIZED,NOT_RUN,NOT_RUN,NOT_RUN
D-LIU24-1,10.57760/sciencedb.j00113.00114,datasets/liu2024_sciencedb/H1s-Capture cross sections.csv,78d710031b9f3539e3170f4dbd3d6d1ae4291923abe66e2076fe8fdac0d8f6f7,,,RAW_CSV,23,8:3s,144,keV/u,,,NOT_EXPLICIT_IN_RAW_CSV;NO_FRAME_CONVERSION,NOT_EXPLICITLY_ASSIGNED,He2+,H(1s),He+ capture center:3s,Electron capture cross sections,1.31E-18,UNRESOLVED_NOT_EXPLICIT_IN_RAW_METADATA,Liu2024 AOCC;3-basis mean in paperEq9;raw file no basis columns,,NO_UNCERTAINTY_COLUMN_IN_RAW_CSV,LITERATURE_SUPPORTED,ALL_LITERAL_NONBLANK_RAW_CSV_CELLS_AND_ASSOCIATED_ENERGY_COLUMNS_VERIFIED,BLOCKED_UNIT_AND_FRAME_SEMANTICS;G1_NOT_AUTHORIZED,NOT_RUN,NOT_RUN,NOT_RUN
D-LIU24-1,10.57760/sciencedb.j00113.00114,datasets/liu2024_sciencedb/H1s-Capture cross sections.csv,78d710031b9f3539e3170f4dbd3d6d1ae4291923abe66e2076fe8fdac0d8f6f7,,,RAW_CSV,23,9:3p,144,keV/u,,,NOT_EXPLICIT_IN_RAW_CSV;NO_FRAME_CONVERSION,NOT_EXPLICITLY_ASSIGNED,He2+,H(1s),He+ capture center:3p,Electron capture cross sections,1.24E-18,UNRESOLVED_NOT_EXPLICIT_IN_RAW_METADATA,Liu2024 AOCC;3-basis mean in paperEq9;raw file no basis columns,,NO_UNCERTAINTY_COLUMN_IN_RAW_CSV,LITERATURE_SUPPORTED,ALL_LITERAL_NONBLANK_RAW_CSV_CELLS_AND_ASSOCIATED_ENERGY_COLUMNS_VERIFIED,BLOCKED_UNIT_AND_FRAME_SEMANTICS;G1_NOT_AUTHORIZED,NOT_RUN,NOT_RUN,NOT_RUN
D-LIU24-1,10.57760/sciencedb.j00113.00114,datasets/liu2024_sciencedb/H1s-Capture cross sections.csv,78d710031b9f3539e3170f4dbd3d6d1ae4291923abe66e2076fe8fdac0d8f6f7,,,RAW_CSV,23,10:3d,144,keV/u,,,NOT_EXPLICIT_IN_RAW_CSV;NO_FRAME_CONVERSION,NOT_EXPLICITLY_ASSIGNED,He2+,H(1s),He+ capture center:3d,Electron capture cross sections,2.40E-19,UNRESOLVED_NOT_EXPLICIT_IN_RAW_METADATA,Liu2024 AOCC;3-basis mean in paperEq9;raw file no basis columns,,NO_UNCERTAINTY_COLUMN_IN_RAW_CSV,LITERATURE_SUPPORTED,ALL_LITERAL_NONBLANK_RAW_CSV_CELLS_AND_ASSOCIATED_ENERGY_COLUMNS_VERIFIED,BLOCKED_UNIT_AND_FRAME_SEMANTICS;G1_NOT_AUTHORIZED,NOT_RUN,NOT_RUN,NOT_RUN
D-LIU24-1,10.57760/sciencedb.j00113.00114,datasets/liu2024_sciencedb/H1s-Capture cross sections.csv,78d710031b9f3539e3170f4dbd3d6d1ae4291923abe66e2076fe8fdac0d8f6f7,,,RAW_CSV,24,6:2s,156.25,keV/u,,,NOT_EXPLICIT_IN_RAW_CSV;NO_FRAME_CONVERSION,NOT_EXPLICITLY_ASSIGNED,He2+,H(1s),He+ capture center:2s,Electron capture cross sections,2.26E-18,UNRESOLVED_NOT_EXPLICIT_IN_RAW_METADATA,Liu2024 AOCC;3-basis mean in paperEq9;raw file no basis columns,,NO_UNCERTAINTY_COLUMN_IN_RAW_CSV,LITERATURE_SUPPORTED,ALL_LITERAL_NONBLANK_RAW_CSV_CELLS_AND_ASSOCIATED_ENERGY_COLUMNS_VERIFIED,BLOCKED_UNIT_AND_FRAME_SEMANTICS;G1_NOT_AUTHORIZED,NOT_RUN,NOT_RUN,NOT_RUN
D-LIU24-1,10.57760/sciencedb.j00113.00114,datasets/liu2024_sciencedb/H1s-Capture cross sections.csv,78d710031b9f3539e3170f4dbd3d6d1ae4291923abe66e2076fe8fdac0d8f6f7,,,RAW_CSV,24,7:2p,156.25,keV/u,,,NOT_EXPLICIT_IN_RAW_CSV;NO_FRAME_CONVERSION,NOT_EXPLICITLY_ASSIGNED,He2+,H(1s),He+ capture center:2p,Electron capture cross sections,1.45E-18,UNRESOLVED_NOT_EXPLICIT_IN_RAW_METADATA,Liu2024 AOCC;3-basis mean in paperEq9;raw file no basis columns,,NO_UNCERTAINTY_COLUMN_IN_RAW_CSV,LITERATURE_SUPPORTED,ALL_LITERAL_NONBLANK_RAW_CSV_CELLS_AND_ASSOCIATED_ENERGY_COLUMNS_VERIFIED,BLOCKED_UNIT_AND_FRAME_SEMANTICS;G1_NOT_AUTHORIZED,NOT_RUN,NOT_RUN,NOT_RUN
D-LIU24-1,10.57760/sciencedb.j00113.00114,datasets/liu2024_sciencedb/H1s-Capture cross sections.csv,78d710031b9f3539e3170f4dbd3d6d1ae4291923abe66e2076fe8fdac0d8f6f7,,,RAW_CSV,24,8:3s,156.25,keV/u,,,NOT_EXPLICIT_IN_RAW_CSV;NO_FRAME_CONVERSION,NOT_EXPLICITLY_ASSIGNED,He2+,H(1s),He+ capture center:3s,Electron capture cross sections,9.65E-19,UNRESOLVED_NOT_EXPLICIT_IN_RAW_METADATA,Liu2024 AOCC;3-basis mean in paperEq9;raw file no basis columns,,NO_UNCERTAINTY_COLUMN_IN_RAW_CSV,LITERATURE_SUPPORTED,ALL_LITERAL_NONBLANK_RAW_CSV_CELLS_AND_ASSOCIATED_ENERGY_COLUMNS_VERIFIED,BLOCKED_UNIT_AND_FRAME_SEMANTICS;G1_NOT_AUTHORIZED,NOT_RUN,NOT_RUN,NOT_RUN
D-LIU24-1,10.57760/sciencedb.j00113.00114,datasets/liu2024_sciencedb/H1s-Capture cross sections.csv,78d710031b9f3539e3170f4dbd3d6d1ae4291923abe66e2076fe8fdac0d8f6f7,,,RAW_CSV,24,9:3p,156.25,keV/u,,,NOT_EXPLICIT_IN_RAW_CSV;NO_FRAME_CONVERSION,NOT_EXPLICITLY_ASSIGNED,He2+,H(1s),He+ capture center:3p,Electron capture cross sections,7.97E-19,UNRESOLVED_NOT_EXPLICIT_IN_RAW_METADATA,Liu2024 AOCC;3-basis mean in paperEq9;raw file no basis columns,,NO_UNCERTAINTY_COLUMN_IN_RAW_CSV,LITERATURE_SUPPORTED,ALL_LITERAL_NONBLANK_RAW_CSV_CELLS_AND_ASSOCIATED_ENERGY_COLUMNS_VERIFIED,BLOCKED_UNIT_AND_FRAME_SEMANTICS;G1_NOT_AUTHORIZED,NOT_RUN,NOT_RUN,NOT_RUN
D-LIU24-1,10.57760/sciencedb.j00113.00114,datasets/liu2024_sciencedb/H1s-Capture cross sections.csv,78d710031b9f3539e3170f4dbd3d6d1ae4291923abe66e2076fe8fdac0d8f6f7,,,RAW_CSV,24,10:3d,156.25,keV/u,,,NOT_EXPLICIT_IN_RAW_CSV;NO_FRAME_CONVERSION,NOT_EXPLICITLY_ASSIGNED,He2+,H(1s),He+ capture center:3d,Electron capture cross sections,1.41E-19,UNRESOLVED_NOT_EXPLICIT_IN_RAW_METADATA,Liu2024 AOCC;3-basis mean in paperEq9;raw file no basis columns,,NO_UNCERTAINTY_COLUMN_IN_RAW_CSV,LITERATURE_SUPPORTED,ALL_LITERAL_NONBLANK_RAW_CSV_CELLS_AND_ASSOCIATED_ENERGY_COLUMNS_VERIFIED,BLOCKED_UNIT_AND_FRAME_SEMANTICS;G1_NOT_AUTHORIZED,NOT_RUN,NOT_RUN,NOT_RUN
D-LIU24-1,10.57760/sciencedb.j00113.00114,datasets/liu2024_sciencedb/H1s-Capture cross sections.csv,78d710031b9f3539e3170f4dbd3d6d1ae4291923abe66e2076fe8fdac0d8f6f7,,,RAW_CSV,25,6:2s,169,keV/u,,,NOT_EXPLICIT_IN_RAW_CSV;NO_FRAME_CONVERSION,NOT_EXPLICITLY_ASSIGNED,He2+,H(1s),He+ capture center:2s,Electron capture cross sections,1.71E-18,UNRESOLVED_NOT_EXPLICIT_IN_RAW_METADATA,Liu2024 AOCC;3-basis mean in paperEq9;raw file no basis columns,,NO_UNCERTAINTY_COLUMN_IN_RAW_CSV,LITERATURE_SUPPORTED,ALL_LITERAL_NONBLANK_RAW_CSV_CELLS_AND_ASSOCIATED_ENERGY_COLUMNS_VERIFIED,BLOCKED_UNIT_AND_FRAME_SEMANTICS;G1_NOT_AUTHORIZED,NOT_RUN,NOT_RUN,NOT_RUN
D-LIU24-1,10.57760/sciencedb.j00113.00114,datasets/liu2024_sciencedb/H1s-Capture cross sections.csv,78d710031b9f3539e3170f4dbd3d6d1ae4291923abe66e2076fe8fdac0d8f6f7,,,RAW_CSV,25,7:2p,169,keV/u,,,NOT_EXPLICIT_IN_RAW_CSV;NO_FRAME_CONVERSION,NOT_EXPLICITLY_ASSIGNED,He2+,H(1s),He+ capture center:2p,Electron capture cross sections,1.03E-18,UNRESOLVED_NOT_EXPLICIT_IN_RAW_METADATA,Liu2024 AOCC;3-basis mean in paperEq9;raw file no basis columns,,NO_UNCERTAINTY_COLUMN_IN_RAW_CSV,LITERATURE_SUPPORTED,ALL_LITERAL_NONBLANK_RAW_CSV_CELLS_AND_ASSOCIATED_ENERGY_COLUMNS_VERIFIED,BLOCKED_UNIT_AND_FRAME_SEMANTICS;G1_NOT_AUTHORIZED,NOT_RUN,NOT_RUN,NOT_RUN
D-LIU24-1,10.57760/sciencedb.j00113.00114,datasets/liu2024_sciencedb/H1s-Capture cross sections.csv,78d710031b9f3539e3170f4dbd3d6d1ae4291923abe66e2076fe8fdac0d8f6f7,,,RAW_CSV,25,8:3s,169,keV/u,,,NOT_EXPLICIT_IN_RAW_CSV;NO_FRAME_CONVERSION,NOT_EXPLICITLY_ASSIGNED,He2+,H(1s),He+ capture center:3s,Electron capture cross sections,6.96E-19,UNRESOLVED_NOT_EXPLICIT_IN_RAW_METADATA,Liu2024 AOCC;3-basis mean in paperEq9;raw file no basis columns,,NO_UNCERTAINTY_COLUMN_IN_RAW_CSV,LITERATURE_SUPPORTED,ALL_LITERAL_NONBLANK_RAW_CSV_CELLS_AND_ASSOCIATED_ENERGY_COLUMNS_VERIFIED,BLOCKED_UNIT_AND_FRAME_SEMANTICS;G1_NOT_AUTHORIZED,NOT_RUN,NOT_RUN,NOT_RUN
D-LIU24-1,10.57760/sciencedb.j00113.00114,datasets/liu2024_sciencedb/H1s-Capture cross sections.csv,78d710031b9f3539e3170f4dbd3d6d1ae4291923abe66e2076fe8fdac0d8f6f7,,,RAW_CSV,25,9:3p,169,keV/u,,,NOT_EXPLICIT_IN_RAW_CSV;NO_FRAME_CONVERSION,NOT_EXPLICITLY_ASSIGNED,He2+,H(1s),He+ capture center:3p,Electron capture cross sections,5.36E-19,UNRESOLVED_NOT_EXPLICIT_IN_RAW_METADATA,Liu2024 AOCC;3-basis mean in paperEq9;raw file no basis columns,,NO_UNCERTAINTY_COLUMN_IN_RAW_CSV,LITERATURE_SUPPORTED,ALL_LITERAL_NONBLANK_RAW_CSV_CELLS_AND_ASSOCIATED_ENERGY_COLUMNS_VERIFIED,BLOCKED_UNIT_AND_FRAME_SEMANTICS;G1_NOT_AUTHORIZED,NOT_RUN,NOT_RUN,NOT_RUN
D-LIU24-1,10.57760/sciencedb.j00113.00114,datasets/liu2024_sciencedb/H1s-Capture cross sections.csv,78d710031b9f3539e3170f4dbd3d6d1ae4291923abe66e2076fe8fdac0d8f6f7,,,RAW_CSV,25,10:3d,169,keV/u,,,NOT_EXPLICIT_IN_RAW_CSV;NO_FRAME_CONVERSION,NOT_EXPLICITLY_ASSIGNED,He2+,H(1s),He+ capture center:3d,Electron capture cross sections,9.12E-20,UNRESOLVED_NOT_EXPLICIT_IN_RAW_METADATA,Liu2024 AOCC;3-basis mean in paperEq9;raw file no basis columns,,NO_UNCERTAINTY_COLUMN_IN_RAW_CSV,LITERATURE_SUPPORTED,ALL_LITERAL_NONBLANK_RAW_CSV_CELLS_AND_ASSOCIATED_ENERGY_COLUMNS_VERIFIED,BLOCKED_UNIT_AND_FRAME_SEMANTICS;G1_NOT_AUTHORIZED,NOT_RUN,NOT_RUN,NOT_RUN
D-LIU24-1,10.57760/sciencedb.j00113.00114,datasets/liu2024_sciencedb/H1s-Capture cross sections.csv,78d710031b9f3539e3170f4dbd3d6d1ae4291923abe66e2076fe8fdac0d8f6f7,,,RAW_CSV,26,6:2s,182.25,keV/u,,,NOT_EXPLICIT_IN_RAW_CSV;NO_FRAME_CONVERSION,NOT_EXPLICITLY_ASSIGNED,He2+,H(1s),He+ capture center:2s,Electron capture cross sections,1.31E-18,UNRESOLVED_NOT_EXPLICIT_IN_RAW_METADATA,Liu2024 AOCC;3-basis mean in paperEq9;raw file no basis columns,,NO_UNCERTAINTY_COLUMN_IN_RAW_CSV,LITERATURE_SUPPORTED,ALL_LITERAL_NONBLANK_RAW_CSV_CELLS_AND_ASSOCIATED_ENERGY_COLUMNS_VERIFIED,BLOCKED_UNIT_AND_FRAME_SEMANTICS;G1_NOT_AUTHORIZED,NOT_RUN,NOT_RUN,NOT_RUN
D-LIU24-1,10.57760/sciencedb.j00113.00114,datasets/liu2024_sciencedb/H1s-Capture cross sections.csv,78d710031b9f3539e3170f4dbd3d6d1ae4291923abe66e2076fe8fdac0d8f6f7,,,RAW_CSV,26,7:2p,182.25,keV/u,,,NOT_EXPLICIT_IN_RAW_CSV;NO_FRAME_CONVERSION,NOT_EXPLICITLY_ASSIGNED,He2+,H(1s),He+ capture center:2p,Electron capture cross sections,7.19E-19,UNRESOLVED_NOT_EXPLICIT_IN_RAW_METADATA,Liu2024 AOCC;3-basis mean in paperEq9;raw file no basis columns,,NO_UNCERTAINTY_COLUMN_IN_RAW_CSV,LITERATURE_SUPPORTED,ALL_LITERAL_NONBLANK_RAW_CSV_CELLS_AND_ASSOCIATED_ENERGY_COLUMNS_VERIFIED,BLOCKED_UNIT_AND_FRAME_SEMANTICS;G1_NOT_AUTHORIZED,NOT_RUN,NOT_RUN,NOT_RUN
D-LIU24-1,10.57760/sciencedb.j00113.00114,datasets/liu2024_sciencedb/H1s-Capture cross sections.csv,78d710031b9f3539e3170f4dbd3d6d1ae4291923abe66e2076fe8fdac0d8f6f7,,,RAW_CSV,26,8:3s,182.25,keV/u,,,NOT_EXPLICIT_IN_RAW_CSV;NO_FRAME_CONVERSION,NOT_EXPLICITLY_ASSIGNED,He2+,H(1s),He+ capture center:3s,Electron capture cross sections,5.31E-19,UNRESOLVED_NOT_EXPLICIT_IN_RAW_METADATA,Liu2024 AOCC;3-basis mean in paperEq9;raw file no basis columns,,NO_UNCERTAINTY_COLUMN_IN_RAW_CSV,LITERATURE_SUPPORTED,ALL_LITERAL_NONBLANK_RAW_CSV_CELLS_AND_ASSOCIATED_ENERGY_COLUMNS_VERIFIED,BLOCKED_UNIT_AND_FRAME_SEMANTICS;G1_NOT_AUTHORIZED,NOT_RUN,NOT_RUN,NOT_RUN
D-LIU24-1,10.57760/sciencedb.j00113.00114,datasets/liu2024_sciencedb/H1s-Capture cross sections.csv,78d710031b9f3539e3170f4dbd3d6d1ae4291923abe66e2076fe8fdac0d8f6f7,,,RAW_CSV,26,9:3p,182.25,keV/u,,,NOT_EXPLICIT_IN_RAW_CSV;NO_FRAME_CONVERSION,NOT_EXPLICITLY_ASSIGNED,He2+,H(1s),He+ capture center:3p,Electron capture cross sections,3.95E-19,UNRESOLVED_NOT_EXPLICIT_IN_RAW_METADATA,Liu2024 AOCC;3-basis mean in paperEq9;raw file no basis columns,,NO_UNCERTAINTY_COLUMN_IN_RAW_CSV,LITERATURE_SUPPORTED,ALL_LITERAL_NONBLANK_RAW_CSV_CELLS_AND_ASSOCIATED_ENERGY_COLUMNS_VERIFIED,BLOCKED_UNIT_AND_FRAME_SEMANTICS;G1_NOT_AUTHORIZED,NOT_RUN,NOT_RUN,NOT_RUN
D-LIU24-1,10.57760/sciencedb.j00113.00114,datasets/liu2024_sciencedb/H1s-Capture cross sections.csv,78d710031b9f3539e3170f4dbd3d6d1ae4291923abe66e2076fe8fdac0d8f6f7,,,RAW_CSV,26,10:3d,182.25,keV/u,,,NOT_EXPLICIT_IN_RAW_CSV;NO_FRAME_CONVERSION,NOT_EXPLICITLY_ASSIGNED,He2+,H(1s),He+ capture center:3d,Electron capture cross sections,6.42E-20,UNRESOLVED_NOT_EXPLICIT_IN_RAW_METADATA,Liu2024 AOCC;3-basis mean in paperEq9;raw file no basis columns,,NO_UNCERTAINTY_COLUMN_IN_RAW_CSV,LITERATURE_SUPPORTED,ALL_LITERAL_NONBLANK_RAW_CSV_CELLS_AND_ASSOCIATED_ENERGY_COLUMNS_VERIFIED,BLOCKED_UNIT_AND_FRAME_SEMANTICS;G1_NOT_AUTHORIZED,NOT_RUN,NOT_RUN,NOT_RUN
D-LIU24-1,10.57760/sciencedb.j00113.00114,datasets/liu2024_sciencedb/H1s-Capture cross sections.csv,78d710031b9f3539e3170f4dbd3d6d1ae4291923abe66e2076fe8fdac0d8f6f7,,,RAW_CSV,27,6:2s,196,keV/u,,,NOT_EXPLICIT_IN_RAW_CSV;NO_FRAME_CONVERSION,NOT_EXPLICITLY_ASSIGNED,He2+,H(1s),He+ capture center:2s,Electron capture cross sections,9.67E-19,UNRESOLVED_NOT_EXPLICIT_IN_RAW_METADATA,Liu2024 AOCC;3-basis mean in paperEq9;raw file no basis columns,,NO_UNCERTAINTY_COLUMN_IN_RAW_CSV,LITERATURE_SUPPORTED,ALL_LITERAL_NONBLANK_RAW_CSV_CELLS_AND_ASSOCIATED_ENERGY_COLUMNS_VERIFIED,BLOCKED_UNIT_AND_FRAME_SEMANTICS;G1_NOT_AUTHORIZED,NOT_RUN,NOT_RUN,NOT_RUN
D-LIU24-1,10.57760/sciencedb.j00113.00114,datasets/liu2024_sciencedb/H1s-Capture cross sections.csv,78d710031b9f3539e3170f4dbd3d6d1ae4291923abe66e2076fe8fdac0d8f6f7,,,RAW_CSV,27,7:2p,196,keV/u,,,NOT_EXPLICIT_IN_RAW_CSV;NO_FRAME_CONVERSION,NOT_EXPLICITLY_ASSIGNED,He2+,H(1s),He+ capture center:2p,Electron capture cross sections,4.98E-19,UNRESOLVED_NOT_EXPLICIT_IN_RAW_METADATA,Liu2024 AOCC;3-basis mean in paperEq9;raw file no basis columns,,NO_UNCERTAINTY_COLUMN_IN_RAW_CSV,LITERATURE_SUPPORTED,ALL_LITERAL_NONBLANK_RAW_CSV_CELLS_AND_ASSOCIATED_ENERGY_COLUMNS_VERIFIED,BLOCKED_UNIT_AND_FRAME_SEMANTICS;G1_NOT_AUTHORIZED,NOT_RUN,NOT_RUN,NOT_RUN
D-LIU24-1,10.57760/sciencedb.j00113.00114,datasets/liu2024_sciencedb/H1s-Capture cross sections.csv,78d710031b9f3539e3170f4dbd3d6d1ae4291923abe66e2076fe8fdac0d8f6f7,,,RAW_CSV,27,8:3s,196,keV/u,,,NOT_EXPLICIT_IN_RAW_CSV;NO_FRAME_CONVERSION,NOT_EXPLICITLY_ASSIGNED,He2+,H(1s),He+ capture center:3s,Electron capture cross sections,3.94E-19,UNRESOLVED_NOT_EXPLICIT_IN_RAW_METADATA,Liu2024 AOCC;3-basis mean in paperEq9;raw file no basis columns,,NO_UNCERTAINTY_COLUMN_IN_RAW_CSV,LITERATURE_SUPPORTED,ALL_LITERAL_NONBLANK_RAW_CSV_CELLS_AND_ASSOCIATED_ENERGY_COLUMNS_VERIFIED,BLOCKED_UNIT_AND_FRAME_SEMANTICS;G1_NOT_AUTHORIZED,NOT_RUN,NOT_RUN,NOT_RUN
D-LIU24-1,10.57760/sciencedb.j00113.00114,datasets/liu2024_sciencedb/H1s-Capture cross sections.csv,78d710031b9f3539e3170f4dbd3d6d1ae4291923abe66e2076fe8fdac0d8f6f7,,,RAW_CSV,27,9:3p,196,keV/u,,,NOT_EXPLICIT_IN_RAW_CSV;NO_FRAME_CONVERSION,NOT_EXPLICITLY_ASSIGNED,He2+,H(1s),He+ capture center:3p,Electron capture cross sections,2.79E-19,UNRESOLVED_NOT_EXPLICIT_IN_RAW_METADATA,Liu2024 AOCC;3-basis mean in paperEq9;raw file no basis columns,,NO_UNCERTAINTY_COLUMN_IN_RAW_CSV,LITERATURE_SUPPORTED,ALL_LITERAL_NONBLANK_RAW_CSV_CELLS_AND_ASSOCIATED_ENERGY_COLUMNS_VERIFIED,BLOCKED_UNIT_AND_FRAME_SEMANTICS;G1_NOT_AUTHORIZED,NOT_RUN,NOT_RUN,NOT_RUN
D-LIU24-1,10.57760/sciencedb.j00113.00114,datasets/liu2024_sciencedb/H1s-Capture cross sections.csv,78d710031b9f3539e3170f4dbd3d6d1ae4291923abe66e2076fe8fdac0d8f6f7,,,RAW_CSV,27,10:3d,196,keV/u,,,NOT_EXPLICIT_IN_RAW_CSV;NO_FRAME_CONVERSION,NOT_EXPLICITLY_ASSIGNED,He2+,H(1s),He+ capture center:3d,Electron capture cross sections,4.36E-20,UNRESOLVED_NOT_EXPLICIT_IN_RAW_METADATA,Liu2024 AOCC;3-basis mean in paperEq9;raw file no basis columns,,NO_UNCERTAINTY_COLUMN_IN_RAW_CSV,LITERATURE_SUPPORTED,ALL_LITERAL_NONBLANK_RAW_CSV_CELLS_AND_ASSOCIATED_ENERGY_COLUMNS_VERIFIED,BLOCKED_UNIT_AND_FRAME_SEMANTICS;G1_NOT_AUTHORIZED,NOT_RUN,NOT_RUN,NOT_RUN
D-LIU24-1,10.57760/sciencedb.j00113.00114,datasets/liu2024_sciencedb/H1s-Capture cross sections.csv,78d710031b9f3539e3170f4dbd3d6d1ae4291923abe66e2076fe8fdac0d8f6f7,,,RAW_CSV,28,6:2s,210.25,keV/u,,,NOT_EXPLICIT_IN_RAW_CSV;NO_FRAME_CONVERSION,NOT_EXPLICITLY_ASSIGNED,He2+,H(1s),He+ capture center:2s,Electron capture cross sections,7.27E-19,UNRESOLVED_NOT_EXPLICIT_IN_RAW_METADATA,Liu2024 AOCC;3-basis mean in paperEq9;raw file no basis columns,,NO_UNCERTAINTY_COLUMN_IN_RAW_CSV,LITERATURE_SUPPORTED,ALL_LITERAL_NONBLANK_RAW_CSV_CELLS_AND_ASSOCIATED_ENERGY_COLUMNS_VERIFIED,BLOCKED_UNIT_AND_FRAME_SEMANTICS;G1_NOT_AUTHORIZED,NOT_RUN,NOT_RUN,NOT_RUN
D-LIU24-1,10.57760/sciencedb.j00113.00114,datasets/liu2024_sciencedb/H1s-Capture cross sections.csv,78d710031b9f3539e3170f4dbd3d6d1ae4291923abe66e2076fe8fdac0d8f6f7,,,RAW_CSV,28,7:2p,210.25,keV/u,,,NOT_EXPLICIT_IN_RAW_CSV;NO_FRAME_CONVERSION,NOT_EXPLICITLY_ASSIGNED,He2+,H(1s),He+ capture center:2p,Electron capture cross sections,3.56E-19,UNRESOLVED_NOT_EXPLICIT_IN_RAW_METADATA,Liu2024 AOCC;3-basis mean in paperEq9;raw file no basis columns,,NO_UNCERTAINTY_COLUMN_IN_RAW_CSV,LITERATURE_SUPPORTED,ALL_LITERAL_NONBLANK_RAW_CSV_CELLS_AND_ASSOCIATED_ENERGY_COLUMNS_VERIFIED,BLOCKED_UNIT_AND_FRAME_SEMANTICS;G1_NOT_AUTHORIZED,NOT_RUN,NOT_RUN,NOT_RUN
D-LIU24-1,10.57760/sciencedb.j00113.00114,datasets/liu2024_sciencedb/H1s-Capture cross sections.csv,78d710031b9f3539e3170f4dbd3d6d1ae4291923abe66e2076fe8fdac0d8f6f7,,,RAW_CSV,28,8:3s,210.25,keV/u,,,NOT_EXPLICIT_IN_RAW_CSV;NO_FRAME_CONVERSION,NOT_EXPLICITLY_ASSIGNED,He2+,H(1s),He+ capture center:3s,Electron capture cross sections,2.88E-19,UNRESOLVED_NOT_EXPLICIT_IN_RAW_METADATA,Liu2024 AOCC;3-basis mean in paperEq9;raw file no basis columns,,NO_UNCERTAINTY_COLUMN_IN_RAW_CSV,LITERATURE_SUPPORTED,ALL_LITERAL_NONBLANK_RAW_CSV_CELLS_AND_ASSOCIATED_ENERGY_COLUMNS_VERIFIED,BLOCKED_UNIT_AND_FRAME_SEMANTICS;G1_NOT_AUTHORIZED,NOT_RUN,NOT_RUN,NOT_RUN
D-LIU24-1,10.57760/sciencedb.j00113.00114,datasets/liu2024_sciencedb/H1s-Capture cross sections.csv,78d710031b9f3539e3170f4dbd3d6d1ae4291923abe66e2076fe8fdac0d8f6f7,,,RAW_CSV,28,9:3p,210.25,keV/u,,,NOT_EXPLICIT_IN_RAW_CSV;NO_FRAME_CONVERSION,NOT_EXPLICITLY_ASSIGNED,He2+,H(1s),He+ capture center:3p,Electron capture cross sections,1.91E-19,UNRESOLVED_NOT_EXPLICIT_IN_RAW_METADATA,Liu2024 AOCC;3-basis mean in paperEq9;raw file no basis columns,,NO_UNCERTAINTY_COLUMN_IN_RAW_CSV,LITERATURE_SUPPORTED,ALL_LITERAL_NONBLANK_RAW_CSV_CELLS_AND_ASSOCIATED_ENERGY_COLUMNS_VERIFIED,BLOCKED_UNIT_AND_FRAME_SEMANTICS;G1_NOT_AUTHORIZED,NOT_RUN,NOT_RUN,NOT_RUN
D-LIU24-1,10.57760/sciencedb.j00113.00114,datasets/liu2024_sciencedb/H1s-Capture cross sections.csv,78d710031b9f3539e3170f4dbd3d6d1ae4291923abe66e2076fe8fdac0d8f6f7,,,RAW_CSV,28,10:3d,210.25,keV/u,,,NOT_EXPLICIT_IN_RAW_CSV;NO_FRAME_CONVERSION,NOT_EXPLICITLY_ASSIGNED,He2+,H(1s),He+ capture center:3d,Electron capture cross sections,2.87E-20,UNRESOLVED_NOT_EXPLICIT_IN_RAW_METADATA,Liu2024 AOCC;3-basis mean in paperEq9;raw file no basis columns,,NO_UNCERTAINTY_COLUMN_IN_RAW_CSV,LITERATURE_SUPPORTED,ALL_LITERAL_NONBLANK_RAW_CSV_CELLS_AND_ASSOCIATED_ENERGY_COLUMNS_VERIFIED,BLOCKED_UNIT_AND_FRAME_SEMANTICS;G1_NOT_AUTHORIZED,NOT_RUN,NOT_RUN,NOT_RUN
D-LIU24-1,10.57760/sciencedb.j00113.00114,datasets/liu2024_sciencedb/H1s-Capture cross sections.csv,78d710031b9f3539e3170f4dbd3d6d1ae4291923abe66e2076fe8fdac0d8f6f7,,,RAW_CSV,29,6:2s,225,keV/u,,,NOT_EXPLICIT_IN_RAW_CSV;NO_FRAME_CONVERSION,NOT_EXPLICITLY_ASSIGNED,He2+,H(1s),He+ capture center:2s,Electron capture cross sections,5.73E-19,UNRESOLVED_NOT_EXPLICIT_IN_RAW_METADATA,Liu2024 AOCC;3-basis mean in paperEq9;raw file no basis columns,,NO_UNCERTAINTY_COLUMN_IN_RAW_CSV,LITERATURE_SUPPORTED,ALL_LITERAL_NONBLANK_RAW_CSV_CELLS_AND_ASSOCIATED_ENERGY_COLUMNS_VERIFIED,BLOCKED_UNIT_AND_FRAME_SEMANTICS;G1_NOT_AUTHORIZED,NOT_RUN,NOT_RUN,NOT_RUN
D-LIU24-1,10.57760/sciencedb.j00113.00114,datasets/liu2024_sciencedb/H1s-Capture cross sections.csv,78d710031b9f3539e3170f4dbd3d6d1ae4291923abe66e2076fe8fdac0d8f6f7,,,RAW_CSV,29,7:2p,225,keV/u,,,NOT_EXPLICIT_IN_RAW_CSV;NO_FRAME_CONVERSION,NOT_EXPLICITLY_ASSIGNED,He2+,H(1s),He+ capture center:2p,Electron capture cross sections,2.58E-19,UNRESOLVED_NOT_EXPLICIT_IN_RAW_METADATA,Liu2024 AOCC;3-basis mean in paperEq9;raw file no basis columns,,NO_UNCERTAINTY_COLUMN_IN_RAW_CSV,LITERATURE_SUPPORTED,ALL_LITERAL_NONBLANK_RAW_CSV_CELLS_AND_ASSOCIATED_ENERGY_COLUMNS_VERIFIED,BLOCKED_UNIT_AND_FRAME_SEMANTICS;G1_NOT_AUTHORIZED,NOT_RUN,NOT_RUN,NOT_RUN
D-LIU24-1,10.57760/sciencedb.j00113.00114,datasets/liu2024_sciencedb/H1s-Capture cross sections.csv,78d710031b9f3539e3170f4dbd3d6d1ae4291923abe66e2076fe8fdac0d8f6f7,,,RAW_CSV,29,8:3s,225,keV/u,,,NOT_EXPLICIT_IN_RAW_CSV;NO_FRAME_CONVERSION,NOT_EXPLICITLY_ASSIGNED,He2+,H(1s),He+ capture center:3s,Electron capture cross sections,2.21E-19,UNRESOLVED_NOT_EXPLICIT_IN_RAW_METADATA,Liu2024 AOCC;3-basis mean in paperEq9;raw file no basis columns,,NO_UNCERTAINTY_COLUMN_IN_RAW_CSV,LITERATURE_SUPPORTED,ALL_LITERAL_NONBLANK_RAW_CSV_CELLS_AND_ASSOCIATED_ENERGY_COLUMNS_VERIFIED,BLOCKED_UNIT_AND_FRAME_SEMANTICS;G1_NOT_AUTHORIZED,NOT_RUN,NOT_RUN,NOT_RUN
D-LIU24-1,10.57760/sciencedb.j00113.00114,datasets/liu2024_sciencedb/H1s-Capture cross sections.csv,78d710031b9f3539e3170f4dbd3d6d1ae4291923abe66e2076fe8fdac0d8f6f7,,,RAW_CSV,29,9:3p,225,keV/u,,,NOT_EXPLICIT_IN_RAW_CSV;NO_FRAME_CONVERSION,NOT_EXPLICITLY_ASSIGNED,He2+,H(1s),He+ capture center:3p,Electron capture cross sections,1.44E-19,UNRESOLVED_NOT_EXPLICIT_IN_RAW_METADATA,Liu2024 AOCC;3-basis mean in paperEq9;raw file no basis columns,,NO_UNCERTAINTY_COLUMN_IN_RAW_CSV,LITERATURE_SUPPORTED,ALL_LITERAL_NONBLANK_RAW_CSV_CELLS_AND_ASSOCIATED_ENERGY_COLUMNS_VERIFIED,BLOCKED_UNIT_AND_FRAME_SEMANTICS;G1_NOT_AUTHORIZED,NOT_RUN,NOT_RUN,NOT_RUN
D-LIU24-1,10.57760/sciencedb.j00113.00114,datasets/liu2024_sciencedb/H1s-Capture cross sections.csv,78d710031b9f3539e3170f4dbd3d6d1ae4291923abe66e2076fe8fdac0d8f6f7,,,RAW_CSV,29,10:3d,225,keV/u,,,NOT_EXPLICIT_IN_RAW_CSV;NO_FRAME_CONVERSION,NOT_EXPLICITLY_ASSIGNED,He2+,H(1s),He+ capture center:3d,Electron capture cross sections,2.14E-20,UNRESOLVED_NOT_EXPLICIT_IN_RAW_METADATA,Liu2024 AOCC;3-basis mean in paperEq9;raw file no basis columns,,NO_UNCERTAINTY_COLUMN_IN_RAW_CSV,LITERATURE_SUPPORTED,ALL_LITERAL_NONBLANK_RAW_CSV_CELLS_AND_ASSOCIATED_ENERGY_COLUMNS_VERIFIED,BLOCKED_UNIT_AND_FRAME_SEMANTICS;G1_NOT_AUTHORIZED,NOT_RUN,NOT_RUN,NOT_RUN
D-LIU24-2,10.57760/sciencedb.j00113.00114,datasets/liu2024_sciencedb/H1s-Excitation cross sections.csv,8f4345181b1149db8aeeef0b47d7352e46ecad4cdf98971b394f2bd232533724,,,RAW_CSV,2,4:3s,2.25,keV/u,,,NOT_EXPLICIT_IN_RAW_CSV;NO_FRAME_CONVERSION,NOT_EXPLICITLY_ASSIGNED,He2+,H(1s),H target center:3s,Target excitation cross sections,9.39E-20,UNRESOLVED_NOT_EXPLICIT_IN_RAW_METADATA,Liu2024 AOCC;3-basis mean in paperEq9;raw file no basis columns,,NO_UNCERTAINTY_COLUMN_IN_RAW_CSV,LITERATURE_SUPPORTED,ALL_LITERAL_NONBLANK_RAW_CSV_CELLS_AND_ASSOCIATED_ENERGY_COLUMNS_VERIFIED,BLOCKED_UNIT_AND_FRAME_SEMANTICS;G1_NOT_AUTHORIZED,NOT_RUN,NOT_RUN,NOT_RUN
D-LIU24-2,10.57760/sciencedb.j00113.00114,datasets/liu2024_sciencedb/H1s-Excitation cross sections.csv,8f4345181b1149db8aeeef0b47d7352e46ecad4cdf98971b394f2bd232533724,,,RAW_CSV,2,6:3d,2.25,keV/u,,,NOT_EXPLICIT_IN_RAW_CSV;NO_FRAME_CONVERSION,NOT_EXPLICITLY_ASSIGNED,He2+,H(1s),H target center:3d,Target excitation cross sections,2.24E-19,UNRESOLVED_NOT_EXPLICIT_IN_RAW_METADATA,Liu2024 AOCC;3-basis mean in paperEq9;raw file no basis columns,,NO_UNCERTAINTY_COLUMN_IN_RAW_CSV,LITERATURE_SUPPORTED,ALL_LITERAL_NONBLANK_RAW_CSV_CELLS_AND_ASSOCIATED_ENERGY_COLUMNS_VERIFIED,BLOCKED_UNIT_AND_FRAME_SEMANTICS;G1_NOT_AUTHORIZED,NOT_RUN,NOT_RUN,NOT_RUN
D-LIU24-2,10.57760/sciencedb.j00113.00114,datasets/liu2024_sciencedb/H1s-Excitation cross sections.csv,8f4345181b1149db8aeeef0b47d7352e46ecad4cdf98971b394f2bd232533724,,,RAW_CSV,3,4:3s,4,keV/u,,,NOT_EXPLICIT_IN_RAW_CSV;NO_FRAME_CONVERSION,NOT_EXPLICITLY_ASSIGNED,He2+,H(1s),H target center:3s,Target excitation cross sections,6.56E-20,UNRESOLVED_NOT_EXPLICIT_IN_RAW_METADATA,Liu2024 AOCC;3-basis mean in paperEq9;raw file no basis columns,,NO_UNCERTAINTY_COLUMN_IN_RAW_CSV,LITERATURE_SUPPORTED,ALL_LITERAL_NONBLANK_RAW_CSV_CELLS_AND_ASSOCIATED_ENERGY_COLUMNS_VERIFIED,BLOCKED_UNIT_AND_FRAME_SEMANTICS;G1_NOT_AUTHORIZED,NOT_RUN,NOT_RUN,NOT_RUN
D-LIU24-2,10.57760/sciencedb.j00113.00114,datasets/liu2024_sciencedb/H1s-Excitation cross sections.csv,8f4345181b1149db8aeeef0b47d7352e46ecad4cdf98971b394f2bd232533724,,,RAW_CSV,3,6:3d,4,keV/u,,,NOT_EXPLICIT_IN_RAW_CSV;NO_FRAME_CONVERSION,NOT_EXPLICITLY_ASSIGNED,He2+,H(1s),H target center:3d,Target excitation cross sections,1.11E-18,UNRESOLVED_NOT_EXPLICIT_IN_RAW_METADATA,Liu2024 AOCC;3-basis mean in paperEq9;raw file no basis columns,,NO_UNCERTAINTY_COLUMN_IN_RAW_CSV,LITERATURE_SUPPORTED,ALL_LITERAL_NONBLANK_RAW_CSV_CELLS_AND_ASSOCIATED_ENERGY_COLUMNS_VERIFIED,BLOCKED_UNIT_AND_FRAME_SEMANTICS;G1_NOT_AUTHORIZED,NOT_RUN,NOT_RUN,NOT_RUN
D-LIU24-2,10.57760/sciencedb.j00113.00114,datasets/liu2024_sciencedb/H1s-Excitation cross sections.csv,8f4345181b1149db8aeeef0b47d7352e46ecad4cdf98971b394f2bd232533724,,,RAW_CSV,4,2:2s,6.25,keV/u,,,NOT_EXPLICIT_IN_RAW_CSV;NO_FRAME_CONVERSION,NOT_EXPLICITLY_ASSIGNED,He2+,H(1s),H target center:2s,Target excitation cross sections,3.39E-18,UNRESOLVED_NOT_EXPLICIT_IN_RAW_METADATA,Liu2024 AOCC;3-basis mean in paperEq9;raw file no basis columns,,NO_UNCERTAINTY_COLUMN_IN_RAW_CSV,LITERATURE_SUPPORTED,ALL_LITERAL_NONBLANK_RAW_CSV_CELLS_AND_ASSOCIATED_ENERGY_COLUMNS_VERIFIED,BLOCKED_UNIT_AND_FRAME_SEMANTICS;G1_NOT_AUTHORIZED,NOT_RUN,NOT_RUN,NOT_RUN
D-LIU24-2,10.57760/sciencedb.j00113.00114,datasets/liu2024_sciencedb/H1s-Excitation cross sections.csv,8f4345181b1149db8aeeef0b47d7352e46ecad4cdf98971b394f2bd232533724,,,RAW_CSV,4,3:2p,6.25,keV/u,,,NOT_EXPLICIT_IN_RAW_CSV;NO_FRAME_CONVERSION,NOT_EXPLICITLY_ASSIGNED,He2+,H(1s),H target center:2p,Target excitation cross sections,3.02E-17,UNRESOLVED_NOT_EXPLICIT_IN_RAW_METADATA,Liu2024 AOCC;3-basis mean in paperEq9;raw file no basis columns,,NO_UNCERTAINTY_COLUMN_IN_RAW_CSV,LITERATURE_SUPPORTED,ALL_LITERAL_NONBLANK_RAW_CSV_CELLS_AND_ASSOCIATED_ENERGY_COLUMNS_VERIFIED,BLOCKED_UNIT_AND_FRAME_SEMANTICS;G1_NOT_AUTHORIZED,NOT_RUN,NOT_RUN,NOT_RUN
D-LIU24-2,10.57760/sciencedb.j00113.00114,datasets/liu2024_sciencedb/H1s-Excitation cross sections.csv,8f4345181b1149db8aeeef0b47d7352e46ecad4cdf98971b394f2bd232533724,,,RAW_CSV,4,4:3s,6.25,keV/u,,,NOT_EXPLICIT_IN_RAW_CSV;NO_FRAME_CONVERSION,NOT_EXPLICITLY_ASSIGNED,He2+,H(1s),H target center:3s,Target excitation cross sections,2.71E-19,UNRESOLVED_NOT_EXPLICIT_IN_RAW_METADATA,Liu2024 AOCC;3-basis mean in paperEq9;raw file no basis columns,,NO_UNCERTAINTY_COLUMN_IN_RAW_CSV,LITERATURE_SUPPORTED,ALL_LITERAL_NONBLANK_RAW_CSV_CELLS_AND_ASSOCIATED_ENERGY_COLUMNS_VERIFIED,BLOCKED_UNIT_AND_FRAME_SEMANTICS;G1_NOT_AUTHORIZED,NOT_RUN,NOT_RUN,NOT_RUN
D-LIU24-2,10.57760/sciencedb.j00113.00114,datasets/liu2024_sciencedb/H1s-Excitation cross sections.csv,8f4345181b1149db8aeeef0b47d7352e46ecad4cdf98971b394f2bd232533724,,,RAW_CSV,4,5:3p,6.25,keV/u,,,NOT_EXPLICIT_IN_RAW_CSV;NO_FRAME_CONVERSION,NOT_EXPLICITLY_ASSIGNED,He2+,H(1s),H target center:3p,Target excitation cross sections,2.80E-18,UNRESOLVED_NOT_EXPLICIT_IN_RAW_METADATA,Liu2024 AOCC;3-basis mean in paperEq9;raw file no basis columns,,NO_UNCERTAINTY_COLUMN_IN_RAW_CSV,LITERATURE_SUPPORTED,ALL_LITERAL_NONBLANK_RAW_CSV_CELLS_AND_ASSOCIATED_ENERGY_COLUMNS_VERIFIED,BLOCKED_UNIT_AND_FRAME_SEMANTICS;G1_NOT_AUTHORIZED,NOT_RUN,NOT_RUN,NOT_RUN
D-LIU24-2,10.57760/sciencedb.j00113.00114,datasets/liu2024_sciencedb/H1s-Excitation cross sections.csv,8f4345181b1149db8aeeef0b47d7352e46ecad4cdf98971b394f2bd232533724,,,RAW_CSV,4,6:3d,6.25,keV/u,,,NOT_EXPLICIT_IN_RAW_CSV;NO_FRAME_CONVERSION,NOT_EXPLICITLY_ASSIGNED,He2+,H(1s),H target center:3d,Target excitation cross sections,1.34E-18,UNRESOLVED_NOT_EXPLICIT_IN_RAW_METADATA,Liu2024 AOCC;3-basis mean in paperEq9;raw file no basis columns,,NO_UNCERTAINTY_COLUMN_IN_RAW_CSV,LITERATURE_SUPPORTED,ALL_LITERAL_NONBLANK_RAW_CSV_CELLS_AND_ASSOCIATED_ENERGY_COLUMNS_VERIFIED,BLOCKED_UNIT_AND_FRAME_SEMANTICS;G1_NOT_AUTHORIZED,NOT_RUN,NOT_RUN,NOT_RUN
D-LIU24-2,10.57760/sciencedb.j00113.00114,datasets/liu2024_sciencedb/H1s-Excitation cross sections.csv,8f4345181b1149db8aeeef0b47d7352e46ecad4cdf98971b394f2bd232533724,,,RAW_CSV,5,2:2s,9,keV/u,,,NOT_EXPLICIT_IN_RAW_CSV;NO_FRAME_CONVERSION,NOT_EXPLICITLY_ASSIGNED,He2+,H(1s),H target center:2s,Target excitation cross sections,6.67E-18,UNRESOLVED_NOT_EXPLICIT_IN_RAW_METADATA,Liu2024 AOCC;3-basis mean in paperEq9;raw file no basis columns,,NO_UNCERTAINTY_COLUMN_IN_RAW_CSV,LITERATURE_SUPPORTED,ALL_LITERAL_NONBLANK_RAW_CSV_CELLS_AND_ASSOCIATED_ENERGY_COLUMNS_VERIFIED,BLOCKED_UNIT_AND_FRAME_SEMANTICS;G1_NOT_AUTHORIZED,NOT_RUN,NOT_RUN,NOT_RUN
D-LIU24-2,10.57760/sciencedb.j00113.00114,datasets/liu2024_sciencedb/H1s-Excitation cross sections.csv,8f4345181b1149db8aeeef0b47d7352e46ecad4cdf98971b394f2bd232533724,,,RAW_CSV,5,3:2p,9,keV/u,,,NOT_EXPLICIT_IN_RAW_CSV;NO_FRAME_CONVERSION,NOT_EXPLICITLY_ASSIGNED,He2+,H(1s),H target center:2p,Target excitation cross sections,2.97E-17,UNRESOLVED_NOT_EXPLICIT_IN_RAW_METADATA,Liu2024 AOCC;3-basis mean in paperEq9;raw file no basis columns,,NO_UNCERTAINTY_COLUMN_IN_RAW_CSV,LITERATURE_SUPPORTED,ALL_LITERAL_NONBLANK_RAW_CSV_CELLS_AND_ASSOCIATED_ENERGY_COLUMNS_VERIFIED,BLOCKED_UNIT_AND_FRAME_SEMANTICS;G1_NOT_AUTHORIZED,NOT_RUN,NOT_RUN,NOT_RUN
D-LIU24-2,10.57760/sciencedb.j00113.00114,datasets/liu2024_sciencedb/H1s-Excitation cross sections.csv,8f4345181b1149db8aeeef0b47d7352e46ecad4cdf98971b394f2bd232533724,,,RAW_CSV,5,4:3s,9,keV/u,,,NOT_EXPLICIT_IN_RAW_CSV;NO_FRAME_CONVERSION,NOT_EXPLICITLY_ASSIGNED,He2+,H(1s),H target center:3s,Target excitation cross sections,5.33E-19,UNRESOLVED_NOT_EXPLICIT_IN_RAW_METADATA,Liu2024 AOCC;3-basis mean in paperEq9;raw file no basis columns,,NO_UNCERTAINTY_COLUMN_IN_RAW_CSV,LITERATURE_SUPPORTED,ALL_LITERAL_NONBLANK_RAW_CSV_CELLS_AND_ASSOCIATED_ENERGY_COLUMNS_VERIFIED,BLOCKED_UNIT_AND_FRAME_SEMANTICS;G1_NOT_AUTHORIZED,NOT_RUN,NOT_RUN,NOT_RUN
D-LIU24-2,10.57760/sciencedb.j00113.00114,datasets/liu2024_sciencedb/H1s-Excitation cross sections.csv,8f4345181b1149db8aeeef0b47d7352e46ecad4cdf98971b394f2bd232533724,,,RAW_CSV,5,5:3p,9,keV/u,,,NOT_EXPLICIT_IN_RAW_CSV;NO_FRAME_CONVERSION,NOT_EXPLICITLY_ASSIGNED,He2+,H(1s),H target center:3p,Target excitation cross sections,2.25E-18,UNRESOLVED_NOT_EXPLICIT_IN_RAW_METADATA,Liu2024 AOCC;3-basis mean in paperEq9;raw file no basis columns,,NO_UNCERTAINTY_COLUMN_IN_RAW_CSV,LITERATURE_SUPPORTED,ALL_LITERAL_NONBLANK_RAW_CSV_CELLS_AND_ASSOCIATED_ENERGY_COLUMNS_VERIFIED,BLOCKED_UNIT_AND_FRAME_SEMANTICS;G1_NOT_AUTHORIZED,NOT_RUN,NOT_RUN,NOT_RUN
D-LIU24-2,10.57760/sciencedb.j00113.00114,datasets/liu2024_sciencedb/H1s-Excitation cross sections.csv,8f4345181b1149db8aeeef0b47d7352e46ecad4cdf98971b394f2bd232533724,,,RAW_CSV,5,6:3d,9,keV/u,,,NOT_EXPLICIT_IN_RAW_CSV;NO_FRAME_CONVERSION,NOT_EXPLICITLY_ASSIGNED,He2+,H(1s),H target center:3d,Target excitation cross sections,2.41E-18,UNRESOLVED_NOT_EXPLICIT_IN_RAW_METADATA,Liu2024 AOCC;3-basis mean in paperEq9;raw file no basis columns,,NO_UNCERTAINTY_COLUMN_IN_RAW_CSV,LITERATURE_SUPPORTED,ALL_LITERAL_NONBLANK_RAW_CSV_CELLS_AND_ASSOCIATED_ENERGY_COLUMNS_VERIFIED,BLOCKED_UNIT_AND_FRAME_SEMANTICS;G1_NOT_AUTHORIZED,NOT_RUN,NOT_RUN,NOT_RUN
D-LIU24-2,10.57760/sciencedb.j00113.00114,datasets/liu2024_sciencedb/H1s-Excitation cross sections.csv,8f4345181b1149db8aeeef0b47d7352e46ecad4cdf98971b394f2bd232533724,,,RAW_CSV,6,2:2s,12.25,keV/u,,,NOT_EXPLICIT_IN_RAW_CSV;NO_FRAME_CONVERSION,NOT_EXPLICITLY_ASSIGNED,He2+,H(1s),H target center:2s,Target excitation cross sections,9.77E-18,UNRESOLVED_NOT_EXPLICIT_IN_RAW_METADATA,Liu2024 AOCC;3-basis mean in paperEq9;raw file no basis columns,,NO_UNCERTAINTY_COLUMN_IN_RAW_CSV,LITERATURE_SUPPORTED,ALL_LITERAL_NONBLANK_RAW_CSV_CELLS_AND_ASSOCIATED_ENERGY_COLUMNS_VERIFIED,BLOCKED_UNIT_AND_FRAME_SEMANTICS;G1_NOT_AUTHORIZED,NOT_RUN,NOT_RUN,NOT_RUN
D-LIU24-2,10.57760/sciencedb.j00113.00114,datasets/liu2024_sciencedb/H1s-Excitation cross sections.csv,8f4345181b1149db8aeeef0b47d7352e46ecad4cdf98971b394f2bd232533724,,,RAW_CSV,6,3:2p,12.25,keV/u,,,NOT_EXPLICIT_IN_RAW_CSV;NO_FRAME_CONVERSION,NOT_EXPLICITLY_ASSIGNED,He2+,H(1s),H target center:2p,Target excitation cross sections,2.37E-17,UNRESOLVED_NOT_EXPLICIT_IN_RAW_METADATA,Liu2024 AOCC;3-basis mean in paperEq9;raw file no basis columns,,NO_UNCERTAINTY_COLUMN_IN_RAW_CSV,LITERATURE_SUPPORTED,ALL_LITERAL_NONBLANK_RAW_CSV_CELLS_AND_ASSOCIATED_ENERGY_COLUMNS_VERIFIED,BLOCKED_UNIT_AND_FRAME_SEMANTICS;G1_NOT_AUTHORIZED,NOT_RUN,NOT_RUN,NOT_RUN
D-LIU24-2,10.57760/sciencedb.j00113.00114,datasets/liu2024_sciencedb/H1s-Excitation cross sections.csv,8f4345181b1149db8aeeef0b47d7352e46ecad4cdf98971b394f2bd232533724,,,RAW_CSV,6,4:3s,12.25,keV/u,,,NOT_EXPLICIT_IN_RAW_CSV;NO_FRAME_CONVERSION,NOT_EXPLICITLY_ASSIGNED,He2+,H(1s),H target center:3s,Target excitation cross sections,1.06E-18,UNRESOLVED_NOT_EXPLICIT_IN_RAW_METADATA,Liu2024 AOCC;3-basis mean in paperEq9;raw file no basis columns,,NO_UNCERTAINTY_COLUMN_IN_RAW_CSV,LITERATURE_SUPPORTED,ALL_LITERAL_NONBLANK_RAW_CSV_CELLS_AND_ASSOCIATED_ENERGY_COLUMNS_VERIFIED,BLOCKED_UNIT_AND_FRAME_SEMANTICS;G1_NOT_AUTHORIZED,NOT_RUN,NOT_RUN,NOT_RUN
D-LIU24-2,10.57760/sciencedb.j00113.00114,datasets/liu2024_sciencedb/H1s-Excitation cross sections.csv,8f4345181b1149db8aeeef0b47d7352e46ecad4cdf98971b394f2bd232533724,,,RAW_CSV,6,5:3p,12.25,keV/u,,,NOT_EXPLICIT_IN_RAW_CSV;NO_FRAME_CONVERSION,NOT_EXPLICITLY_ASSIGNED,He2+,H(1s),H target center:3p,Target excitation cross sections,2.16E-18,UNRESOLVED_NOT_EXPLICIT_IN_RAW_METADATA,Liu2024 AOCC;3-basis mean in paperEq9;raw file no basis columns,,NO_UNCERTAINTY_COLUMN_IN_RAW_CSV,LITERATURE_SUPPORTED,ALL_LITERAL_NONBLANK_RAW_CSV_CELLS_AND_ASSOCIATED_ENERGY_COLUMNS_VERIFIED,BLOCKED_UNIT_AND_FRAME_SEMANTICS;G1_NOT_AUTHORIZED,NOT_RUN,NOT_RUN,NOT_RUN
D-LIU24-2,10.57760/sciencedb.j00113.00114,datasets/liu2024_sciencedb/H1s-Excitation cross sections.csv,8f4345181b1149db8aeeef0b47d7352e46ecad4cdf98971b394f2bd232533724,,,RAW_CSV,6,6:3d,12.25,keV/u,,,NOT_EXPLICIT_IN_RAW_CSV;NO_FRAME_CONVERSION,NOT_EXPLICITLY_ASSIGNED,He2+,H(1s),H target center:3d,Target excitation cross sections,2.44E-18,UNRESOLVED_NOT_EXPLICIT_IN_RAW_METADATA,Liu2024 AOCC;3-basis mean in paperEq9;raw file no basis columns,,NO_UNCERTAINTY_COLUMN_IN_RAW_CSV,LITERATURE_SUPPORTED,ALL_LITERAL_NONBLANK_RAW_CSV_CELLS_AND_ASSOCIATED_ENERGY_COLUMNS_VERIFIED,BLOCKED_UNIT_AND_FRAME_SEMANTICS;G1_NOT_AUTHORIZED,NOT_RUN,NOT_RUN,NOT_RUN
D-LIU24-2,10.57760/sciencedb.j00113.00114,datasets/liu2024_sciencedb/H1s-Excitation cross sections.csv,8f4345181b1149db8aeeef0b47d7352e46ecad4cdf98971b394f2bd232533724,,,RAW_CSV,7,2:2s,16,keV/u,,,NOT_EXPLICIT_IN_RAW_CSV;NO_FRAME_CONVERSION,NOT_EXPLICITLY_ASSIGNED,He2+,H(1s),H target center:2s,Target excitation cross sections,1.30E-17,UNRESOLVED_NOT_EXPLICIT_IN_RAW_METADATA,Liu2024 AOCC;3-basis mean in paperEq9;raw file no basis columns,,NO_UNCERTAINTY_COLUMN_IN_RAW_CSV,LITERATURE_SUPPORTED,ALL_LITERAL_NONBLANK_RAW_CSV_CELLS_AND_ASSOCIATED_ENERGY_COLUMNS_VERIFIED,BLOCKED_UNIT_AND_FRAME_SEMANTICS;G1_NOT_AUTHORIZED,NOT_RUN,NOT_RUN,NOT_RUN
D-LIU24-2,10.57760/sciencedb.j00113.00114,datasets/liu2024_sciencedb/H1s-Excitation cross sections.csv,8f4345181b1149db8aeeef0b47d7352e46ecad4cdf98971b394f2bd232533724,,,RAW_CSV,7,3:2p,16,keV/u,,,NOT_EXPLICIT_IN_RAW_CSV;NO_FRAME_CONVERSION,NOT_EXPLICITLY_ASSIGNED,He2+,H(1s),H target center:2p,Target excitation cross sections,2.27E-17,UNRESOLVED_NOT_EXPLICIT_IN_RAW_METADATA,Liu2024 AOCC;3-basis mean in paperEq9;raw file no basis columns,,NO_UNCERTAINTY_COLUMN_IN_RAW_CSV,LITERATURE_SUPPORTED,ALL_LITERAL_NONBLANK_RAW_CSV_CELLS_AND_ASSOCIATED_ENERGY_COLUMNS_VERIFIED,BLOCKED_UNIT_AND_FRAME_SEMANTICS;G1_NOT_AUTHORIZED,NOT_RUN,NOT_RUN,NOT_RUN
D-LIU24-2,10.57760/sciencedb.j00113.00114,datasets/liu2024_sciencedb/H1s-Excitation cross sections.csv,8f4345181b1149db8aeeef0b47d7352e46ecad4cdf98971b394f2bd232533724,,,RAW_CSV,7,4:3s,16,keV/u,,,NOT_EXPLICIT_IN_RAW_CSV;NO_FRAME_CONVERSION,NOT_EXPLICITLY_ASSIGNED,He2+,H(1s),H target center:3s,Target excitation cross sections,1.71E-18,UNRESOLVED_NOT_EXPLICIT_IN_RAW_METADATA,Liu2024 AOCC;3-basis mean in paperEq9;raw file no basis columns,,NO_UNCERTAINTY_COLUMN_IN_RAW_CSV,LITERATURE_SUPPORTED,ALL_LITERAL_NONBLANK_RAW_CSV_CELLS_AND_ASSOCIATED_ENERGY_COLUMNS_VERIFIED,BLOCKED_UNIT_AND_FRAME_SEMANTICS;G1_NOT_AUTHORIZED,NOT_RUN,NOT_RUN,NOT_RUN
D-LIU24-2,10.57760/sciencedb.j00113.00114,datasets/liu2024_sciencedb/H1s-Excitation cross sections.csv,8f4345181b1149db8aeeef0b47d7352e46ecad4cdf98971b394f2bd232533724,,,RAW_CSV,7,5:3p,16,keV/u,,,NOT_EXPLICIT_IN_RAW_CSV;NO_FRAME_CONVERSION,NOT_EXPLICITLY_ASSIGNED,He2+,H(1s),H target center:3p,Target excitation cross sections,2.93E-18,UNRESOLVED_NOT_EXPLICIT_IN_RAW_METADATA,Liu2024 AOCC;3-basis mean in paperEq9;raw file no basis columns,,NO_UNCERTAINTY_COLUMN_IN_RAW_CSV,LITERATURE_SUPPORTED,ALL_LITERAL_NONBLANK_RAW_CSV_CELLS_AND_ASSOCIATED_ENERGY_COLUMNS_VERIFIED,BLOCKED_UNIT_AND_FRAME_SEMANTICS;G1_NOT_AUTHORIZED,NOT_RUN,NOT_RUN,NOT_RUN
D-LIU24-2,10.57760/sciencedb.j00113.00114,datasets/liu2024_sciencedb/H1s-Excitation cross sections.csv,8f4345181b1149db8aeeef0b47d7352e46ecad4cdf98971b394f2bd232533724,,,RAW_CSV,7,6:3d,16,keV/u,,,NOT_EXPLICIT_IN_RAW_CSV;NO_FRAME_CONVERSION,NOT_EXPLICITLY_ASSIGNED,He2+,H(1s),H target center:3d,Target excitation cross sections,1.60E-18,UNRESOLVED_NOT_EXPLICIT_IN_RAW_METADATA,Liu2024 AOCC;3-basis mean in paperEq9;raw file no basis columns,,NO_UNCERTAINTY_COLUMN_IN_RAW_CSV,LITERATURE_SUPPORTED,ALL_LITERAL_NONBLANK_RAW_CSV_CELLS_AND_ASSOCIATED_ENERGY_COLUMNS_VERIFIED,BLOCKED_UNIT_AND_FRAME_SEMANTICS;G1_NOT_AUTHORIZED,NOT_RUN,NOT_RUN,NOT_RUN
D-LIU24-2,10.57760/sciencedb.j00113.00114,datasets/liu2024_sciencedb/H1s-Excitation cross sections.csv,8f4345181b1149db8aeeef0b47d7352e46ecad4cdf98971b394f2bd232533724,,,RAW_CSV,8,2:2s,20.25,keV/u,,,NOT_EXPLICIT_IN_RAW_CSV;NO_FRAME_CONVERSION,NOT_EXPLICITLY_ASSIGNED,He2+,H(1s),H target center:2s,Target excitation cross sections,1.80E-17,UNRESOLVED_NOT_EXPLICIT_IN_RAW_METADATA,Liu2024 AOCC;3-basis mean in paperEq9;raw file no basis columns,,NO_UNCERTAINTY_COLUMN_IN_RAW_CSV,LITERATURE_SUPPORTED,ALL_LITERAL_NONBLANK_RAW_CSV_CELLS_AND_ASSOCIATED_ENERGY_COLUMNS_VERIFIED,BLOCKED_UNIT_AND_FRAME_SEMANTICS;G1_NOT_AUTHORIZED,NOT_RUN,NOT_RUN,NOT_RUN
D-LIU24-2,10.57760/sciencedb.j00113.00114,datasets/liu2024_sciencedb/H1s-Excitation cross sections.csv,8f4345181b1149db8aeeef0b47d7352e46ecad4cdf98971b394f2bd232533724,,,RAW_CSV,8,3:2p,20.25,keV/u,,,NOT_EXPLICIT_IN_RAW_CSV;NO_FRAME_CONVERSION,NOT_EXPLICITLY_ASSIGNED,He2+,H(1s),H target center:2p,Target excitation cross sections,3.00E-17,UNRESOLVED_NOT_EXPLICIT_IN_RAW_METADATA,Liu2024 AOCC;3-basis mean in paperEq9;raw file no basis columns,,NO_UNCERTAINTY_COLUMN_IN_RAW_CSV,LITERATURE_SUPPORTED,ALL_LITERAL_NONBLANK_RAW_CSV_CELLS_AND_ASSOCIATED_ENERGY_COLUMNS_VERIFIED,BLOCKED_UNIT_AND_FRAME_SEMANTICS;G1_NOT_AUTHORIZED,NOT_RUN,NOT_RUN,NOT_RUN
D-LIU24-2,10.57760/sciencedb.j00113.00114,datasets/liu2024_sciencedb/H1s-Excitation cross sections.csv,8f4345181b1149db8aeeef0b47d7352e46ecad4cdf98971b394f2bd232533724,,,RAW_CSV,8,4:3s,20.25,keV/u,,,NOT_EXPLICIT_IN_RAW_CSV;NO_FRAME_CONVERSION,NOT_EXPLICITLY_ASSIGNED,He2+,H(1s),H target center:3s,Target excitation cross sections,2.57E-18,UNRESOLVED_NOT_EXPLICIT_IN_RAW_METADATA,Liu2024 AOCC;3-basis mean in paperEq9;raw file no basis columns,,NO_UNCERTAINTY_COLUMN_IN_RAW_CSV,LITERATURE_SUPPORTED,ALL_LITERAL_NONBLANK_RAW_CSV_CELLS_AND_ASSOCIATED_ENERGY_COLUMNS_VERIFIED,BLOCKED_UNIT_AND_FRAME_SEMANTICS;G1_NOT_AUTHORIZED,NOT_RUN,NOT_RUN,NOT_RUN
D-LIU24-2,10.57760/sciencedb.j00113.00114,datasets/liu2024_sciencedb/H1s-Excitation cross sections.csv,8f4345181b1149db8aeeef0b47d7352e46ecad4cdf98971b394f2bd232533724,,,RAW_CSV,8,5:3p,20.25,keV/u,,,NOT_EXPLICIT_IN_RAW_CSV;NO_FRAME_CONVERSION,NOT_EXPLICITLY_ASSIGNED,He2+,H(1s),H target center:3p,Target excitation cross sections,4.53E-18,UNRESOLVED_NOT_EXPLICIT_IN_RAW_METADATA,Liu2024 AOCC;3-basis mean in paperEq9;raw file no basis columns,,NO_UNCERTAINTY_COLUMN_IN_RAW_CSV,LITERATURE_SUPPORTED,ALL_LITERAL_NONBLANK_RAW_CSV_CELLS_AND_ASSOCIATED_ENERGY_COLUMNS_VERIFIED,BLOCKED_UNIT_AND_FRAME_SEMANTICS;G1_NOT_AUTHORIZED,NOT_RUN,NOT_RUN,NOT_RUN
D-LIU24-2,10.57760/sciencedb.j00113.00114,datasets/liu2024_sciencedb/H1s-Excitation cross sections.csv,8f4345181b1149db8aeeef0b47d7352e46ecad4cdf98971b394f2bd232533724,,,RAW_CSV,8,6:3d,20.25,keV/u,,,NOT_EXPLICIT_IN_RAW_CSV;NO_FRAME_CONVERSION,NOT_EXPLICITLY_ASSIGNED,He2+,H(1s),H target center:3d,Target excitation cross sections,2.08E-18,UNRESOLVED_NOT_EXPLICIT_IN_RAW_METADATA,Liu2024 AOCC;3-basis mean in paperEq9;raw file no basis columns,,NO_UNCERTAINTY_COLUMN_IN_RAW_CSV,LITERATURE_SUPPORTED,ALL_LITERAL_NONBLANK_RAW_CSV_CELLS_AND_ASSOCIATED_ENERGY_COLUMNS_VERIFIED,BLOCKED_UNIT_AND_FRAME_SEMANTICS;G1_NOT_AUTHORIZED,NOT_RUN,NOT_RUN,NOT_RUN
D-LIU24-2,10.57760/sciencedb.j00113.00114,datasets/liu2024_sciencedb/H1s-Excitation cross sections.csv,8f4345181b1149db8aeeef0b47d7352e46ecad4cdf98971b394f2bd232533724,,,RAW_CSV,9,2:2s,25,keV/u,,,NOT_EXPLICIT_IN_RAW_CSV;NO_FRAME_CONVERSION,NOT_EXPLICITLY_ASSIGNED,He2+,H(1s),H target center:2s,Target excitation cross sections,2.30E-17,UNRESOLVED_NOT_EXPLICIT_IN_RAW_METADATA,Liu2024 AOCC;3-basis mean in paperEq9;raw file no basis columns,,NO_UNCERTAINTY_COLUMN_IN_RAW_CSV,LITERATURE_SUPPORTED,ALL_LITERAL_NONBLANK_RAW_CSV_CELLS_AND_ASSOCIATED_ENERGY_COLUMNS_VERIFIED,BLOCKED_UNIT_AND_FRAME_SEMANTICS;G1_NOT_AUTHORIZED,NOT_RUN,NOT_RUN,NOT_RUN
D-LIU24-2,10.57760/sciencedb.j00113.00114,datasets/liu2024_sciencedb/H1s-Excitation cross sections.csv,8f4345181b1149db8aeeef0b47d7352e46ecad4cdf98971b394f2bd232533724,,,RAW_CSV,9,3:2p,25,keV/u,,,NOT_EXPLICIT_IN_RAW_CSV;NO_FRAME_CONVERSION,NOT_EXPLICITLY_ASSIGNED,He2+,H(1s),H target center:2p,Target excitation cross sections,4.38E-17,UNRESOLVED_NOT_EXPLICIT_IN_RAW_METADATA,Liu2024 AOCC;3-basis mean in paperEq9;raw file no basis columns,,NO_UNCERTAINTY_COLUMN_IN_RAW_CSV,LITERATURE_SUPPORTED,ALL_LITERAL_NONBLANK_RAW_CSV_CELLS_AND_ASSOCIATED_ENERGY_COLUMNS_VERIFIED,BLOCKED_UNIT_AND_FRAME_SEMANTICS;G1_NOT_AUTHORIZED,NOT_RUN,NOT_RUN,NOT_RUN
D-LIU24-2,10.57760/sciencedb.j00113.00114,datasets/liu2024_sciencedb/H1s-Excitation cross sections.csv,8f4345181b1149db8aeeef0b47d7352e46ecad4cdf98971b394f2bd232533724,,,RAW_CSV,9,4:3s,25,keV/u,,,NOT_EXPLICIT_IN_RAW_CSV;NO_FRAME_CONVERSION,NOT_EXPLICITLY_ASSIGNED,He2+,H(1s),H target center:3s,Target excitation cross sections,3.54E-18,UNRESOLVED_NOT_EXPLICIT_IN_RAW_METADATA,Liu2024 AOCC;3-basis mean in paperEq9;raw file no basis columns,,NO_UNCERTAINTY_COLUMN_IN_RAW_CSV,LITERATURE_SUPPORTED,ALL_LITERAL_NONBLANK_RAW_CSV_CELLS_AND_ASSOCIATED_ENERGY_COLUMNS_VERIFIED,BLOCKED_UNIT_AND_FRAME_SEMANTICS;G1_NOT_AUTHORIZED,NOT_RUN,NOT_RUN,NOT_RUN
D-LIU24-2,10.57760/sciencedb.j00113.00114,datasets/liu2024_sciencedb/H1s-Excitation cross sections.csv,8f4345181b1149db8aeeef0b47d7352e46ecad4cdf98971b394f2bd232533724,,,RAW_CSV,9,5:3p,25,keV/u,,,NOT_EXPLICIT_IN_RAW_CSV;NO_FRAME_CONVERSION,NOT_EXPLICITLY_ASSIGNED,He2+,H(1s),H target center:3p,Target excitation cross sections,6.75E-18,UNRESOLVED_NOT_EXPLICIT_IN_RAW_METADATA,Liu2024 AOCC;3-basis mean in paperEq9;raw file no basis columns,,NO_UNCERTAINTY_COLUMN_IN_RAW_CSV,LITERATURE_SUPPORTED,ALL_LITERAL_NONBLANK_RAW_CSV_CELLS_AND_ASSOCIATED_ENERGY_COLUMNS_VERIFIED,BLOCKED_UNIT_AND_FRAME_SEMANTICS;G1_NOT_AUTHORIZED,NOT_RUN,NOT_RUN,NOT_RUN
D-LIU24-2,10.57760/sciencedb.j00113.00114,datasets/liu2024_sciencedb/H1s-Excitation cross sections.csv,8f4345181b1149db8aeeef0b47d7352e46ecad4cdf98971b394f2bd232533724,,,RAW_CSV,9,6:3d,25,keV/u,,,NOT_EXPLICIT_IN_RAW_CSV;NO_FRAME_CONVERSION,NOT_EXPLICITLY_ASSIGNED,He2+,H(1s),H target center:3d,Target excitation cross sections,3.25E-18,UNRESOLVED_NOT_EXPLICIT_IN_RAW_METADATA,Liu2024 AOCC;3-basis mean in paperEq9;raw file no basis columns,,NO_UNCERTAINTY_COLUMN_IN_RAW_CSV,LITERATURE_SUPPORTED,ALL_LITERAL_NONBLANK_RAW_CSV_CELLS_AND_ASSOCIATED_ENERGY_COLUMNS_VERIFIED,BLOCKED_UNIT_AND_FRAME_SEMANTICS;G1_NOT_AUTHORIZED,NOT_RUN,NOT_RUN,NOT_RUN
D-LIU24-2,10.57760/sciencedb.j00113.00114,datasets/liu2024_sciencedb/H1s-Excitation cross sections.csv,8f4345181b1149db8aeeef0b47d7352e46ecad4cdf98971b394f2bd232533724,,,RAW_CSV,10,2:2s,30.25,keV/u,,,NOT_EXPLICIT_IN_RAW_CSV;NO_FRAME_CONVERSION,NOT_EXPLICITLY_ASSIGNED,He2+,H(1s),H target center:2s,Target excitation cross sections,2.73E-17,UNRESOLVED_NOT_EXPLICIT_IN_RAW_METADATA,Liu2024 AOCC;3-basis mean in paperEq9;raw file no basis columns,,NO_UNCERTAINTY_COLUMN_IN_RAW_CSV,LITERATURE_SUPPORTED,ALL_LITERAL_NONBLANK_RAW_CSV_CELLS_AND_ASSOCIATED_ENERGY_COLUMNS_VERIFIED,BLOCKED_UNIT_AND_FRAME_SEMANTICS;G1_NOT_AUTHORIZED,NOT_RUN,NOT_RUN,NOT_RUN
D-LIU24-2,10.57760/sciencedb.j00113.00114,datasets/liu2024_sciencedb/H1s-Excitation cross sections.csv,8f4345181b1149db8aeeef0b47d7352e46ecad4cdf98971b394f2bd232533724,,,RAW_CSV,10,3:2p,30.25,keV/u,,,NOT_EXPLICIT_IN_RAW_CSV;NO_FRAME_CONVERSION,NOT_EXPLICITLY_ASSIGNED,He2+,H(1s),H target center:2p,Target excitation cross sections,6.00E-17,UNRESOLVED_NOT_EXPLICIT_IN_RAW_METADATA,Liu2024 AOCC;3-basis mean in paperEq9;raw file no basis columns,,NO_UNCERTAINTY_COLUMN_IN_RAW_CSV,LITERATURE_SUPPORTED,ALL_LITERAL_NONBLANK_RAW_CSV_CELLS_AND_ASSOCIATED_ENERGY_COLUMNS_VERIFIED,BLOCKED_UNIT_AND_FRAME_SEMANTICS;G1_NOT_AUTHORIZED,NOT_RUN,NOT_RUN,NOT_RUN
D-LIU24-2,10.57760/sciencedb.j00113.00114,datasets/liu2024_sciencedb/H1s-Excitation cross sections.csv,8f4345181b1149db8aeeef0b47d7352e46ecad4cdf98971b394f2bd232533724,,,RAW_CSV,10,4:3s,30.25,keV/u,,,NOT_EXPLICIT_IN_RAW_CSV;NO_FRAME_CONVERSION,NOT_EXPLICITLY_ASSIGNED,He2+,H(1s),H target center:3s,Target excitation cross sections,4.73E-18,UNRESOLVED_NOT_EXPLICIT_IN_RAW_METADATA,Liu2024 AOCC;3-basis mean in paperEq9;raw file no basis columns,,NO_UNCERTAINTY_COLUMN_IN_RAW_CSV,LITERATURE_SUPPORTED,ALL_LITERAL_NONBLANK_RAW_CSV_CELLS_AND_ASSOCIATED_ENERGY_COLUMNS_VERIFIED,BLOCKED_UNIT_AND_FRAME_SEMANTICS;G1_NOT_AUTHORIZED,NOT_RUN,NOT_RUN,NOT_RUN
D-LIU24-2,10.57760/sciencedb.j00113.00114,datasets/liu2024_sciencedb/H1s-Excitation cross sections.csv,8f4345181b1149db8aeeef0b47d7352e46ecad4cdf98971b394f2bd232533724,,,RAW_CSV,10,5:3p,30.25,keV/u,,,NOT_EXPLICIT_IN_RAW_CSV;NO_FRAME_CONVERSION,NOT_EXPLICITLY_ASSIGNED,He2+,H(1s),H target center:3p,Target excitation cross sections,9.34E-18,UNRESOLVED_NOT_EXPLICIT_IN_RAW_METADATA,Liu2024 AOCC;3-basis mean in paperEq9;raw file no basis columns,,NO_UNCERTAINTY_COLUMN_IN_RAW_CSV,LITERATURE_SUPPORTED,ALL_LITERAL_NONBLANK_RAW_CSV_CELLS_AND_ASSOCIATED_ENERGY_COLUMNS_VERIFIED,BLOCKED_UNIT_AND_FRAME_SEMANTICS;G1_NOT_AUTHORIZED,NOT_RUN,NOT_RUN,NOT_RUN
D-LIU24-2,10.57760/sciencedb.j00113.00114,datasets/liu2024_sciencedb/H1s-Excitation cross sections.csv,8f4345181b1149db8aeeef0b47d7352e46ecad4cdf98971b394f2bd232533724,,,RAW_CSV,10,6:3d,30.25,keV/u,,,NOT_EXPLICIT_IN_RAW_CSV;NO_FRAME_CONVERSION,NOT_EXPLICITLY_ASSIGNED,He2+,H(1s),H target center:3d,Target excitation cross sections,4.96E-18,UNRESOLVED_NOT_EXPLICIT_IN_RAW_METADATA,Liu2024 AOCC;3-basis mean in paperEq9;raw file no basis columns,,NO_UNCERTAINTY_COLUMN_IN_RAW_CSV,LITERATURE_SUPPORTED,ALL_LITERAL_NONBLANK_RAW_CSV_CELLS_AND_ASSOCIATED_ENERGY_COLUMNS_VERIFIED,BLOCKED_UNIT_AND_FRAME_SEMANTICS;G1_NOT_AUTHORIZED,NOT_RUN,NOT_RUN,NOT_RUN
D-LIU24-2,10.57760/sciencedb.j00113.00114,datasets/liu2024_sciencedb/H1s-Excitation cross sections.csv,8f4345181b1149db8aeeef0b47d7352e46ecad4cdf98971b394f2bd232533724,,,RAW_CSV,11,2:2s,36,keV/u,,,NOT_EXPLICIT_IN_RAW_CSV;NO_FRAME_CONVERSION,NOT_EXPLICITLY_ASSIGNED,He2+,H(1s),H target center:2s,Target excitation cross sections,3.08E-17,UNRESOLVED_NOT_EXPLICIT_IN_RAW_METADATA,Liu2024 AOCC;3-basis mean in paperEq9;raw file no basis columns,,NO_UNCERTAINTY_COLUMN_IN_RAW_CSV,LITERATURE_SUPPORTED,ALL_LITERAL_NONBLANK_RAW_CSV_CELLS_AND_ASSOCIATED_ENERGY_COLUMNS_VERIFIED,BLOCKED_UNIT_AND_FRAME_SEMANTICS;G1_NOT_AUTHORIZED,NOT_RUN,NOT_RUN,NOT_RUN
D-LIU24-2,10.57760/sciencedb.j00113.00114,datasets/liu2024_sciencedb/H1s-Excitation cross sections.csv,8f4345181b1149db8aeeef0b47d7352e46ecad4cdf98971b394f2bd232533724,,,RAW_CSV,11,3:2p,36,keV/u,,,NOT_EXPLICIT_IN_RAW_CSV;NO_FRAME_CONVERSION,NOT_EXPLICITLY_ASSIGNED,He2+,H(1s),H target center:2p,Target excitation cross sections,7.80E-17,UNRESOLVED_NOT_EXPLICIT_IN_RAW_METADATA,Liu2024 AOCC;3-basis mean in paperEq9;raw file no basis columns,,NO_UNCERTAINTY_COLUMN_IN_RAW_CSV,LITERATURE_SUPPORTED,ALL_LITERAL_NONBLANK_RAW_CSV_CELLS_AND_ASSOCIATED_ENERGY_COLUMNS_VERIFIED,BLOCKED_UNIT_AND_FRAME_SEMANTICS;G1_NOT_AUTHORIZED,NOT_RUN,NOT_RUN,NOT_RUN
D-LIU24-2,10.57760/sciencedb.j00113.00114,datasets/liu2024_sciencedb/H1s-Excitation cross sections.csv,8f4345181b1149db8aeeef0b47d7352e46ecad4cdf98971b394f2bd232533724,,,RAW_CSV,11,4:3s,36,keV/u,,,NOT_EXPLICIT_IN_RAW_CSV;NO_FRAME_CONVERSION,NOT_EXPLICITLY_ASSIGNED,He2+,H(1s),H target center:3s,Target excitation cross sections,5.37E-18,UNRESOLVED_NOT_EXPLICIT_IN_RAW_METADATA,Liu2024 AOCC;3-basis mean in paperEq9;raw file no basis columns,,NO_UNCERTAINTY_COLUMN_IN_RAW_CSV,LITERATURE_SUPPORTED,ALL_LITERAL_NONBLANK_RAW_CSV_CELLS_AND_ASSOCIATED_ENERGY_COLUMNS_VERIFIED,BLOCKED_UNIT_AND_FRAME_SEMANTICS;G1_NOT_AUTHORIZED,NOT_RUN,NOT_RUN,NOT_RUN
D-LIU24-2,10.57760/sciencedb.j00113.00114,datasets/liu2024_sciencedb/H1s-Excitation cross sections.csv,8f4345181b1149db8aeeef0b47d7352e46ecad4cdf98971b394f2bd232533724,,,RAW_CSV,11,5:3p,36,keV/u,,,NOT_EXPLICIT_IN_RAW_CSV;NO_FRAME_CONVERSION,NOT_EXPLICITLY_ASSIGNED,He2+,H(1s),H target center:3p,Target excitation cross sections,1.21E-17,UNRESOLVED_NOT_EXPLICIT_IN_RAW_METADATA,Liu2024 AOCC;3-basis mean in paperEq9;raw file no basis columns,,NO_UNCERTAINTY_COLUMN_IN_RAW_CSV,LITERATURE_SUPPORTED,ALL_LITERAL_NONBLANK_RAW_CSV_CELLS_AND_ASSOCIATED_ENERGY_COLUMNS_VERIFIED,BLOCKED_UNIT_AND_FRAME_SEMANTICS;G1_NOT_AUTHORIZED,NOT_RUN,NOT_RUN,NOT_RUN
D-LIU24-2,10.57760/sciencedb.j00113.00114,datasets/liu2024_sciencedb/H1s-Excitation cross sections.csv,8f4345181b1149db8aeeef0b47d7352e46ecad4cdf98971b394f2bd232533724,,,RAW_CSV,11,6:3d,36,keV/u,,,NOT_EXPLICIT_IN_RAW_CSV;NO_FRAME_CONVERSION,NOT_EXPLICITLY_ASSIGNED,He2+,H(1s),H target center:3d,Target excitation cross sections,6.66E-18,UNRESOLVED_NOT_EXPLICIT_IN_RAW_METADATA,Liu2024 AOCC;3-basis mean in paperEq9;raw file no basis columns,,NO_UNCERTAINTY_COLUMN_IN_RAW_CSV,LITERATURE_SUPPORTED,ALL_LITERAL_NONBLANK_RAW_CSV_CELLS_AND_ASSOCIATED_ENERGY_COLUMNS_VERIFIED,BLOCKED_UNIT_AND_FRAME_SEMANTICS;G1_NOT_AUTHORIZED,NOT_RUN,NOT_RUN,NOT_RUN
D-LIU24-2,10.57760/sciencedb.j00113.00114,datasets/liu2024_sciencedb/H1s-Excitation cross sections.csv,8f4345181b1149db8aeeef0b47d7352e46ecad4cdf98971b394f2bd232533724,,,RAW_CSV,12,2:2s,42.25,keV/u,,,NOT_EXPLICIT_IN_RAW_CSV;NO_FRAME_CONVERSION,NOT_EXPLICITLY_ASSIGNED,He2+,H(1s),H target center:2s,Target excitation cross sections,3.30E-17,UNRESOLVED_NOT_EXPLICIT_IN_RAW_METADATA,Liu2024 AOCC;3-basis mean in paperEq9;raw file no basis columns,,NO_UNCERTAINTY_COLUMN_IN_RAW_CSV,LITERATURE_SUPPORTED,ALL_LITERAL_NONBLANK_RAW_CSV_CELLS_AND_ASSOCIATED_ENERGY_COLUMNS_VERIFIED,BLOCKED_UNIT_AND_FRAME_SEMANTICS;G1_NOT_AUTHORIZED,NOT_RUN,NOT_RUN,NOT_RUN
D-LIU24-2,10.57760/sciencedb.j00113.00114,datasets/liu2024_sciencedb/H1s-Excitation cross sections.csv,8f4345181b1149db8aeeef0b47d7352e46ecad4cdf98971b394f2bd232533724,,,RAW_CSV,12,3:2p,42.25,keV/u,,,NOT_EXPLICIT_IN_RAW_CSV;NO_FRAME_CONVERSION,NOT_EXPLICITLY_ASSIGNED,He2+,H(1s),H target center:2p,Target excitation cross sections,9.69E-17,UNRESOLVED_NOT_EXPLICIT_IN_RAW_METADATA,Liu2024 AOCC;3-basis mean in paperEq9;raw file no basis columns,,NO_UNCERTAINTY_COLUMN_IN_RAW_CSV,LITERATURE_SUPPORTED,ALL_LITERAL_NONBLANK_RAW_CSV_CELLS_AND_ASSOCIATED_ENERGY_COLUMNS_VERIFIED,BLOCKED_UNIT_AND_FRAME_SEMANTICS;G1_NOT_AUTHORIZED,NOT_RUN,NOT_RUN,NOT_RUN
D-LIU24-2,10.57760/sciencedb.j00113.00114,datasets/liu2024_sciencedb/H1s-Excitation cross sections.csv,8f4345181b1149db8aeeef0b47d7352e46ecad4cdf98971b394f2bd232533724,,,RAW_CSV,12,4:3s,42.25,keV/u,,,NOT_EXPLICIT_IN_RAW_CSV;NO_FRAME_CONVERSION,NOT_EXPLICITLY_ASSIGNED,He2+,H(1s),H target center:3s,Target excitation cross sections,6.27E-18,UNRESOLVED_NOT_EXPLICIT_IN_RAW_METADATA,Liu2024 AOCC;3-basis mean in paperEq9;raw file no basis columns,,NO_UNCERTAINTY_COLUMN_IN_RAW_CSV,LITERATURE_SUPPORTED,ALL_LITERAL_NONBLANK_RAW_CSV_CELLS_AND_ASSOCIATED_ENERGY_COLUMNS_VERIFIED,BLOCKED_UNIT_AND_FRAME_SEMANTICS;G1_NOT_AUTHORIZED,NOT_RUN,NOT_RUN,NOT_RUN
D-LIU24-2,10.57760/sciencedb.j00113.00114,datasets/liu2024_sciencedb/H1s-Excitation cross sections.csv,8f4345181b1149db8aeeef0b47d7352e46ecad4cdf98971b394f2bd232533724,,,RAW_CSV,12,5:3p,42.25,keV/u,,,NOT_EXPLICIT_IN_RAW_CSV;NO_FRAME_CONVERSION,NOT_EXPLICITLY_ASSIGNED,He2+,H(1s),H target center:3p,Target excitation cross sections,1.53E-17,UNRESOLVED_NOT_EXPLICIT_IN_RAW_METADATA,Liu2024 AOCC;3-basis mean in paperEq9;raw file no basis columns,,NO_UNCERTAINTY_COLUMN_IN_RAW_CSV,LITERATURE_SUPPORTED,ALL_LITERAL_NONBLANK_RAW_CSV_CELLS_AND_ASSOCIATED_ENERGY_COLUMNS_VERIFIED,BLOCKED_UNIT_AND_FRAME_SEMANTICS;G1_NOT_AUTHORIZED,NOT_RUN,NOT_RUN,NOT_RUN
D-LIU24-2,10.57760/sciencedb.j00113.00114,datasets/liu2024_sciencedb/H1s-Excitation cross sections.csv,8f4345181b1149db8aeeef0b47d7352e46ecad4cdf98971b394f2bd232533724,,,RAW_CSV,12,6:3d,42.25,keV/u,,,NOT_EXPLICIT_IN_RAW_CSV;NO_FRAME_CONVERSION,NOT_EXPLICITLY_ASSIGNED,He2+,H(1s),H target center:3d,Target excitation cross sections,8.37E-18,UNRESOLVED_NOT_EXPLICIT_IN_RAW_METADATA,Liu2024 AOCC;3-basis mean in paperEq9;raw file no basis columns,,NO_UNCERTAINTY_COLUMN_IN_RAW_CSV,LITERATURE_SUPPORTED,ALL_LITERAL_NONBLANK_RAW_CSV_CELLS_AND_ASSOCIATED_ENERGY_COLUMNS_VERIFIED,BLOCKED_UNIT_AND_FRAME_SEMANTICS;G1_NOT_AUTHORIZED,NOT_RUN,NOT_RUN,NOT_RUN
D-LIU24-2,10.57760/sciencedb.j00113.00114,datasets/liu2024_sciencedb/H1s-Excitation cross sections.csv,8f4345181b1149db8aeeef0b47d7352e46ecad4cdf98971b394f2bd232533724,,,RAW_CSV,13,2:2s,49,keV/u,,,NOT_EXPLICIT_IN_RAW_CSV;NO_FRAME_CONVERSION,NOT_EXPLICITLY_ASSIGNED,He2+,H(1s),H target center:2s,Target excitation cross sections,3.34E-17,UNRESOLVED_NOT_EXPLICIT_IN_RAW_METADATA,Liu2024 AOCC;3-basis mean in paperEq9;raw file no basis columns,,NO_UNCERTAINTY_COLUMN_IN_RAW_CSV,LITERATURE_SUPPORTED,ALL_LITERAL_NONBLANK_RAW_CSV_CELLS_AND_ASSOCIATED_ENERGY_COLUMNS_VERIFIED,BLOCKED_UNIT_AND_FRAME_SEMANTICS;G1_NOT_AUTHORIZED,NOT_RUN,NOT_RUN,NOT_RUN
D-LIU24-2,10.57760/sciencedb.j00113.00114,datasets/liu2024_sciencedb/H1s-Excitation cross sections.csv,8f4345181b1149db8aeeef0b47d7352e46ecad4cdf98971b394f2bd232533724,,,RAW_CSV,13,3:2p,49,keV/u,,,NOT_EXPLICIT_IN_RAW_CSV;NO_FRAME_CONVERSION,NOT_EXPLICITLY_ASSIGNED,He2+,H(1s),H target center:2p,Target excitation cross sections,1.14E-16,UNRESOLVED_NOT_EXPLICIT_IN_RAW_METADATA,Liu2024 AOCC;3-basis mean in paperEq9;raw file no basis columns,,NO_UNCERTAINTY_COLUMN_IN_RAW_CSV,LITERATURE_SUPPORTED,ALL_LITERAL_NONBLANK_RAW_CSV_CELLS_AND_ASSOCIATED_ENERGY_COLUMNS_VERIFIED,BLOCKED_UNIT_AND_FRAME_SEMANTICS;G1_NOT_AUTHORIZED,NOT_RUN,NOT_RUN,NOT_RUN
D-LIU24-2,10.57760/sciencedb.j00113.00114,datasets/liu2024_sciencedb/H1s-Excitation cross sections.csv,8f4345181b1149db8aeeef0b47d7352e46ecad4cdf98971b394f2bd232533724,,,RAW_CSV,13,4:3s,49,keV/u,,,NOT_EXPLICIT_IN_RAW_CSV;NO_FRAME_CONVERSION,NOT_EXPLICITLY_ASSIGNED,He2+,H(1s),H target center:3s,Target excitation cross sections,6.61E-18,UNRESOLVED_NOT_EXPLICIT_IN_RAW_METADATA,Liu2024 AOCC;3-basis mean in paperEq9;raw file no basis columns,,NO_UNCERTAINTY_COLUMN_IN_RAW_CSV,LITERATURE_SUPPORTED,ALL_LITERAL_NONBLANK_RAW_CSV_CELLS_AND_ASSOCIATED_ENERGY_COLUMNS_VERIFIED,BLOCKED_UNIT_AND_FRAME_SEMANTICS;G1_NOT_AUTHORIZED,NOT_RUN,NOT_RUN,NOT_RUN
D-LIU24-2,10.57760/sciencedb.j00113.00114,datasets/liu2024_sciencedb/H1s-Excitation cross sections.csv,8f4345181b1149db8aeeef0b47d7352e46ecad4cdf98971b394f2bd232533724,,,RAW_CSV,13,5:3p,49,keV/u,,,NOT_EXPLICIT_IN_RAW_CSV;NO_FRAME_CONVERSION,NOT_EXPLICITLY_ASSIGNED,He2+,H(1s),H target center:3p,Target excitation cross sections,1.83E-17,UNRESOLVED_NOT_EXPLICIT_IN_RAW_METADATA,Liu2024 AOCC;3-basis mean in paperEq9;raw file no basis columns,,NO_UNCERTAINTY_COLUMN_IN_RAW_CSV,LITERATURE_SUPPORTED,ALL_LITERAL_NONBLANK_RAW_CSV_CELLS_AND_ASSOCIATED_ENERGY_COLUMNS_VERIFIED,BLOCKED_UNIT_AND_FRAME_SEMANTICS;G1_NOT_AUTHORIZED,NOT_RUN,NOT_RUN,NOT_RUN
D-LIU24-2,10.57760/sciencedb.j00113.00114,datasets/liu2024_sciencedb/H1s-Excitation cross sections.csv,8f4345181b1149db8aeeef0b47d7352e46ecad4cdf98971b394f2bd232533724,,,RAW_CSV,13,6:3d,49,keV/u,,,NOT_EXPLICIT_IN_RAW_CSV;NO_FRAME_CONVERSION,NOT_EXPLICITLY_ASSIGNED,He2+,H(1s),H target center:3d,Target excitation cross sections,9.77E-18,UNRESOLVED_NOT_EXPLICIT_IN_RAW_METADATA,Liu2024 AOCC;3-basis mean in paperEq9;raw file no basis columns,,NO_UNCERTAINTY_COLUMN_IN_RAW_CSV,LITERATURE_SUPPORTED,ALL_LITERAL_NONBLANK_RAW_CSV_CELLS_AND_ASSOCIATED_ENERGY_COLUMNS_VERIFIED,BLOCKED_UNIT_AND_FRAME_SEMANTICS;G1_NOT_AUTHORIZED,NOT_RUN,NOT_RUN,NOT_RUN
D-LIU24-2,10.57760/sciencedb.j00113.00114,datasets/liu2024_sciencedb/H1s-Excitation cross sections.csv,8f4345181b1149db8aeeef0b47d7352e46ecad4cdf98971b394f2bd232533724,,,RAW_CSV,14,2:2s,56.25,keV/u,,,NOT_EXPLICIT_IN_RAW_CSV;NO_FRAME_CONVERSION,NOT_EXPLICITLY_ASSIGNED,He2+,H(1s),H target center:2s,Target excitation cross sections,3.36E-17,UNRESOLVED_NOT_EXPLICIT_IN_RAW_METADATA,Liu2024 AOCC;3-basis mean in paperEq9;raw file no basis columns,,NO_UNCERTAINTY_COLUMN_IN_RAW_CSV,LITERATURE_SUPPORTED,ALL_LITERAL_NONBLANK_RAW_CSV_CELLS_AND_ASSOCIATED_ENERGY_COLUMNS_VERIFIED,BLOCKED_UNIT_AND_FRAME_SEMANTICS;G1_NOT_AUTHORIZED,NOT_RUN,NOT_RUN,NOT_RUN
D-LIU24-2,10.57760/sciencedb.j00113.00114,datasets/liu2024_sciencedb/H1s-Excitation cross sections.csv,8f4345181b1149db8aeeef0b47d7352e46ecad4cdf98971b394f2bd232533724,,,RAW_CSV,14,3:2p,56.25,keV/u,,,NOT_EXPLICIT_IN_RAW_CSV;NO_FRAME_CONVERSION,NOT_EXPLICITLY_ASSIGNED,He2+,H(1s),H target center:2p,Target excitation cross sections,1.27E-16,UNRESOLVED_NOT_EXPLICIT_IN_RAW_METADATA,Liu2024 AOCC;3-basis mean in paperEq9;raw file no basis columns,,NO_UNCERTAINTY_COLUMN_IN_RAW_CSV,LITERATURE_SUPPORTED,ALL_LITERAL_NONBLANK_RAW_CSV_CELLS_AND_ASSOCIATED_ENERGY_COLUMNS_VERIFIED,BLOCKED_UNIT_AND_FRAME_SEMANTICS;G1_NOT_AUTHORIZED,NOT_RUN,NOT_RUN,NOT_RUN
D-LIU24-2,10.57760/sciencedb.j00113.00114,datasets/liu2024_sciencedb/H1s-Excitation cross sections.csv,8f4345181b1149db8aeeef0b47d7352e46ecad4cdf98971b394f2bd232533724,,,RAW_CSV,14,4:3s,56.25,keV/u,,,NOT_EXPLICIT_IN_RAW_CSV;NO_FRAME_CONVERSION,NOT_EXPLICITLY_ASSIGNED,He2+,H(1s),H target center:3s,Target excitation cross sections,6.73E-18,UNRESOLVED_NOT_EXPLICIT_IN_RAW_METADATA,Liu2024 AOCC;3-basis mean in paperEq9;raw file no basis columns,,NO_UNCERTAINTY_COLUMN_IN_RAW_CSV,LITERATURE_SUPPORTED,ALL_LITERAL_NONBLANK_RAW_CSV_CELLS_AND_ASSOCIATED_ENERGY_COLUMNS_VERIFIED,BLOCKED_UNIT_AND_FRAME_SEMANTICS;G1_NOT_AUTHORIZED,NOT_RUN,NOT_RUN,NOT_RUN
D-LIU24-2,10.57760/sciencedb.j00113.00114,datasets/liu2024_sciencedb/H1s-Excitation cross sections.csv,8f4345181b1149db8aeeef0b47d7352e46ecad4cdf98971b394f2bd232533724,,,RAW_CSV,14,5:3p,56.25,keV/u,,,NOT_EXPLICIT_IN_RAW_CSV;NO_FRAME_CONVERSION,NOT_EXPLICITLY_ASSIGNED,He2+,H(1s),H target center:3p,Target excitation cross sections,2.12E-17,UNRESOLVED_NOT_EXPLICIT_IN_RAW_METADATA,Liu2024 AOCC;3-basis mean in paperEq9;raw file no basis columns,,NO_UNCERTAINTY_COLUMN_IN_RAW_CSV,LITERATURE_SUPPORTED,ALL_LITERAL_NONBLANK_RAW_CSV_CELLS_AND_ASSOCIATED_ENERGY_COLUMNS_VERIFIED,BLOCKED_UNIT_AND_FRAME_SEMANTICS;G1_NOT_AUTHORIZED,NOT_RUN,NOT_RUN,NOT_RUN
D-LIU24-2,10.57760/sciencedb.j00113.00114,datasets/liu2024_sciencedb/H1s-Excitation cross sections.csv,8f4345181b1149db8aeeef0b47d7352e46ecad4cdf98971b394f2bd232533724,,,RAW_CSV,14,6:3d,56.25,keV/u,,,NOT_EXPLICIT_IN_RAW_CSV;NO_FRAME_CONVERSION,NOT_EXPLICITLY_ASSIGNED,He2+,H(1s),H target center:3d,Target excitation cross sections,1.07E-17,UNRESOLVED_NOT_EXPLICIT_IN_RAW_METADATA,Liu2024 AOCC;3-basis mean in paperEq9;raw file no basis columns,,NO_UNCERTAINTY_COLUMN_IN_RAW_CSV,LITERATURE_SUPPORTED,ALL_LITERAL_NONBLANK_RAW_CSV_CELLS_AND_ASSOCIATED_ENERGY_COLUMNS_VERIFIED,BLOCKED_UNIT_AND_FRAME_SEMANTICS;G1_NOT_AUTHORIZED,NOT_RUN,NOT_RUN,NOT_RUN
D-LIU24-2,10.57760/sciencedb.j00113.00114,datasets/liu2024_sciencedb/H1s-Excitation cross sections.csv,8f4345181b1149db8aeeef0b47d7352e46ecad4cdf98971b394f2bd232533724,,,RAW_CSV,15,2:2s,64,keV/u,,,NOT_EXPLICIT_IN_RAW_CSV;NO_FRAME_CONVERSION,NOT_EXPLICITLY_ASSIGNED,He2+,H(1s),H target center:2s,Target excitation cross sections,3.20E-17,UNRESOLVED_NOT_EXPLICIT_IN_RAW_METADATA,Liu2024 AOCC;3-basis mean in paperEq9;raw file no basis columns,,NO_UNCERTAINTY_COLUMN_IN_RAW_CSV,LITERATURE_SUPPORTED,ALL_LITERAL_NONBLANK_RAW_CSV_CELLS_AND_ASSOCIATED_ENERGY_COLUMNS_VERIFIED,BLOCKED_UNIT_AND_FRAME_SEMANTICS;G1_NOT_AUTHORIZED,NOT_RUN,NOT_RUN,NOT_RUN
D-LIU24-2,10.57760/sciencedb.j00113.00114,datasets/liu2024_sciencedb/H1s-Excitation cross sections.csv,8f4345181b1149db8aeeef0b47d7352e46ecad4cdf98971b394f2bd232533724,,,RAW_CSV,15,3:2p,64,keV/u,,,NOT_EXPLICIT_IN_RAW_CSV;NO_FRAME_CONVERSION,NOT_EXPLICITLY_ASSIGNED,He2+,H(1s),H target center:2p,Target excitation cross sections,1.41E-16,UNRESOLVED_NOT_EXPLICIT_IN_RAW_METADATA,Liu2024 AOCC;3-basis mean in paperEq9;raw file no basis columns,,NO_UNCERTAINTY_COLUMN_IN_RAW_CSV,LITERATURE_SUPPORTED,ALL_LITERAL_NONBLANK_RAW_CSV_CELLS_AND_ASSOCIATED_ENERGY_COLUMNS_VERIFIED,BLOCKED_UNIT_AND_FRAME_SEMANTICS;G1_NOT_AUTHORIZED,NOT_RUN,NOT_RUN,NOT_RUN
D-LIU24-2,10.57760/sciencedb.j00113.00114,datasets/liu2024_sciencedb/H1s-Excitation cross sections.csv,8f4345181b1149db8aeeef0b47d7352e46ecad4cdf98971b394f2bd232533724,,,RAW_CSV,15,4:3s,64,keV/u,,,NOT_EXPLICIT_IN_RAW_CSV;NO_FRAME_CONVERSION,NOT_EXPLICITLY_ASSIGNED,He2+,H(1s),H target center:3s,Target excitation cross sections,6.83E-18,UNRESOLVED_NOT_EXPLICIT_IN_RAW_METADATA,Liu2024 AOCC;3-basis mean in paperEq9;raw file no basis columns,,NO_UNCERTAINTY_COLUMN_IN_RAW_CSV,LITERATURE_SUPPORTED,ALL_LITERAL_NONBLANK_RAW_CSV_CELLS_AND_ASSOCIATED_ENERGY_COLUMNS_VERIFIED,BLOCKED_UNIT_AND_FRAME_SEMANTICS;G1_NOT_AUTHORIZED,NOT_RUN,NOT_RUN,NOT_RUN
D-LIU24-2,10.57760/sciencedb.j00113.00114,datasets/liu2024_sciencedb/H1s-Excitation cross sections.csv,8f4345181b1149db8aeeef0b47d7352e46ecad4cdf98971b394f2bd232533724,,,RAW_CSV,15,5:3p,64,keV/u,,,NOT_EXPLICIT_IN_RAW_CSV;NO_FRAME_CONVERSION,NOT_EXPLICITLY_ASSIGNED,He2+,H(1s),H target center:3p,Target excitation cross sections,2.36E-17,UNRESOLVED_NOT_EXPLICIT_IN_RAW_METADATA,Liu2024 AOCC;3-basis mean in paperEq9;raw file no basis columns,,NO_UNCERTAINTY_COLUMN_IN_RAW_CSV,LITERATURE_SUPPORTED,ALL_LITERAL_NONBLANK_RAW_CSV_CELLS_AND_ASSOCIATED_ENERGY_COLUMNS_VERIFIED,BLOCKED_UNIT_AND_FRAME_SEMANTICS;G1_NOT_AUTHORIZED,NOT_RUN,NOT_RUN,NOT_RUN
D-LIU24-2,10.57760/sciencedb.j00113.00114,datasets/liu2024_sciencedb/H1s-Excitation cross sections.csv,8f4345181b1149db8aeeef0b47d7352e46ecad4cdf98971b394f2bd232533724,,,RAW_CSV,15,6:3d,64,keV/u,,,NOT_EXPLICIT_IN_RAW_CSV;NO_FRAME_CONVERSION,NOT_EXPLICITLY_ASSIGNED,He2+,H(1s),H target center:3d,Target excitation cross sections,1.06E-17,UNRESOLVED_NOT_EXPLICIT_IN_RAW_METADATA,Liu2024 AOCC;3-basis mean in paperEq9;raw file no basis columns,,NO_UNCERTAINTY_COLUMN_IN_RAW_CSV,LITERATURE_SUPPORTED,ALL_LITERAL_NONBLANK_RAW_CSV_CELLS_AND_ASSOCIATED_ENERGY_COLUMNS_VERIFIED,BLOCKED_UNIT_AND_FRAME_SEMANTICS;G1_NOT_AUTHORIZED,NOT_RUN,NOT_RUN,NOT_RUN
D-LIU24-2,10.57760/sciencedb.j00113.00114,datasets/liu2024_sciencedb/H1s-Excitation cross sections.csv,8f4345181b1149db8aeeef0b47d7352e46ecad4cdf98971b394f2bd232533724,,,RAW_CSV,16,2:2s,72.25,keV/u,,,NOT_EXPLICIT_IN_RAW_CSV;NO_FRAME_CONVERSION,NOT_EXPLICITLY_ASSIGNED,He2+,H(1s),H target center:2s,Target excitation cross sections,3.15E-17,UNRESOLVED_NOT_EXPLICIT_IN_RAW_METADATA,Liu2024 AOCC;3-basis mean in paperEq9;raw file no basis columns,,NO_UNCERTAINTY_COLUMN_IN_RAW_CSV,LITERATURE_SUPPORTED,ALL_LITERAL_NONBLANK_RAW_CSV_CELLS_AND_ASSOCIATED_ENERGY_COLUMNS_VERIFIED,BLOCKED_UNIT_AND_FRAME_SEMANTICS;G1_NOT_AUTHORIZED,NOT_RUN,NOT_RUN,NOT_RUN
D-LIU24-2,10.57760/sciencedb.j00113.00114,datasets/liu2024_sciencedb/H1s-Excitation cross sections.csv,8f4345181b1149db8aeeef0b47d7352e46ecad4cdf98971b394f2bd232533724,,,RAW_CSV,16,3:2p,72.25,keV/u,,,NOT_EXPLICIT_IN_RAW_CSV;NO_FRAME_CONVERSION,NOT_EXPLICITLY_ASSIGNED,He2+,H(1s),H target center:2p,Target excitation cross sections,1.54E-16,UNRESOLVED_NOT_EXPLICIT_IN_RAW_METADATA,Liu2024 AOCC;3-basis mean in paperEq9;raw file no basis columns,,NO_UNCERTAINTY_COLUMN_IN_RAW_CSV,LITERATURE_SUPPORTED,ALL_LITERAL_NONBLANK_RAW_CSV_CELLS_AND_ASSOCIATED_ENERGY_COLUMNS_VERIFIED,BLOCKED_UNIT_AND_FRAME_SEMANTICS;G1_NOT_AUTHORIZED,NOT_RUN,NOT_RUN,NOT_RUN
D-LIU24-2,10.57760/sciencedb.j00113.00114,datasets/liu2024_sciencedb/H1s-Excitation cross sections.csv,8f4345181b1149db8aeeef0b47d7352e46ecad4cdf98971b394f2bd232533724,,,RAW_CSV,16,4:3s,72.25,keV/u,,,NOT_EXPLICIT_IN_RAW_CSV;NO_FRAME_CONVERSION,NOT_EXPLICITLY_ASSIGNED,He2+,H(1s),H target center:3s,Target excitation cross sections,6.49E-18,UNRESOLVED_NOT_EXPLICIT_IN_RAW_METADATA,Liu2024 AOCC;3-basis mean in paperEq9;raw file no basis columns,,NO_UNCERTAINTY_COLUMN_IN_RAW_CSV,LITERATURE_SUPPORTED,ALL_LITERAL_NONBLANK_RAW_CSV_CELLS_AND_ASSOCIATED_ENERGY_COLUMNS_VERIFIED,BLOCKED_UNIT_AND_FRAME_SEMANTICS;G1_NOT_AUTHORIZED,NOT_RUN,NOT_RUN,NOT_RUN
D-LIU24-2,10.57760/sciencedb.j00113.00114,datasets/liu2024_sciencedb/H1s-Excitation cross sections.csv,8f4345181b1149db8aeeef0b47d7352e46ecad4cdf98971b394f2bd232533724,,,RAW_CSV,16,5:3p,72.25,keV/u,,,NOT_EXPLICIT_IN_RAW_CSV;NO_FRAME_CONVERSION,NOT_EXPLICITLY_ASSIGNED,He2+,H(1s),H target center:3p,Target excitation cross sections,2.53E-17,UNRESOLVED_NOT_EXPLICIT_IN_RAW_METADATA,Liu2024 AOCC;3-basis mean in paperEq9;raw file no basis columns,,NO_UNCERTAINTY_COLUMN_IN_RAW_CSV,LITERATURE_SUPPORTED,ALL_LITERAL_NONBLANK_RAW_CSV_CELLS_AND_ASSOCIATED_ENERGY_COLUMNS_VERIFIED,BLOCKED_UNIT_AND_FRAME_SEMANTICS;G1_NOT_AUTHORIZED,NOT_RUN,NOT_RUN,NOT_RUN
D-LIU24-2,10.57760/sciencedb.j00113.00114,datasets/liu2024_sciencedb/H1s-Excitation cross sections.csv,8f4345181b1149db8aeeef0b47d7352e46ecad4cdf98971b394f2bd232533724,,,RAW_CSV,16,6:3d,72.25,keV/u,,,NOT_EXPLICIT_IN_RAW_CSV;NO_FRAME_CONVERSION,NOT_EXPLICITLY_ASSIGNED,He2+,H(1s),H target center:3d,Target excitation cross sections,1.04E-17,UNRESOLVED_NOT_EXPLICIT_IN_RAW_METADATA,Liu2024 AOCC;3-basis mean in paperEq9;raw file no basis columns,,NO_UNCERTAINTY_COLUMN_IN_RAW_CSV,LITERATURE_SUPPORTED,ALL_LITERAL_NONBLANK_RAW_CSV_CELLS_AND_ASSOCIATED_ENERGY_COLUMNS_VERIFIED,BLOCKED_UNIT_AND_FRAME_SEMANTICS;G1_NOT_AUTHORIZED,NOT_RUN,NOT_RUN,NOT_RUN
D-LIU24-2,10.57760/sciencedb.j00113.00114,datasets/liu2024_sciencedb/H1s-Excitation cross sections.csv,8f4345181b1149db8aeeef0b47d7352e46ecad4cdf98971b394f2bd232533724,,,RAW_CSV,17,2:2s,81,keV/u,,,NOT_EXPLICIT_IN_RAW_CSV;NO_FRAME_CONVERSION,NOT_EXPLICITLY_ASSIGNED,He2+,H(1s),H target center:2s,Target excitation cross sections,3.10E-17,UNRESOLVED_NOT_EXPLICIT_IN_RAW_METADATA,Liu2024 AOCC;3-basis mean in paperEq9;raw file no basis columns,,NO_UNCERTAINTY_COLUMN_IN_RAW_CSV,LITERATURE_SUPPORTED,ALL_LITERAL_NONBLANK_RAW_CSV_CELLS_AND_ASSOCIATED_ENERGY_COLUMNS_VERIFIED,BLOCKED_UNIT_AND_FRAME_SEMANTICS;G1_NOT_AUTHORIZED,NOT_RUN,NOT_RUN,NOT_RUN
D-LIU24-2,10.57760/sciencedb.j00113.00114,datasets/liu2024_sciencedb/H1s-Excitation cross sections.csv,8f4345181b1149db8aeeef0b47d7352e46ecad4cdf98971b394f2bd232533724,,,RAW_CSV,17,3:2p,81,keV/u,,,NOT_EXPLICIT_IN_RAW_CSV;NO_FRAME_CONVERSION,NOT_EXPLICITLY_ASSIGNED,He2+,H(1s),H target center:2p,Target excitation cross sections,1.64E-16,UNRESOLVED_NOT_EXPLICIT_IN_RAW_METADATA,Liu2024 AOCC;3-basis mean in paperEq9;raw file no basis columns,,NO_UNCERTAINTY_COLUMN_IN_RAW_CSV,LITERATURE_SUPPORTED,ALL_LITERAL_NONBLANK_RAW_CSV_CELLS_AND_ASSOCIATED_ENERGY_COLUMNS_VERIFIED,BLOCKED_UNIT_AND_FRAME_SEMANTICS;G1_NOT_AUTHORIZED,NOT_RUN,NOT_RUN,NOT_RUN
D-LIU24-2,10.57760/sciencedb.j00113.00114,datasets/liu2024_sciencedb/H1s-Excitation cross sections.csv,8f4345181b1149db8aeeef0b47d7352e46ecad4cdf98971b394f2bd232533724,,,RAW_CSV,17,4:3s,81,keV/u,,,NOT_EXPLICIT_IN_RAW_CSV;NO_FRAME_CONVERSION,NOT_EXPLICITLY_ASSIGNED,He2+,H(1s),H target center:3s,Target excitation cross sections,6.23E-18,UNRESOLVED_NOT_EXPLICIT_IN_RAW_METADATA,Liu2024 AOCC;3-basis mean in paperEq9;raw file no basis columns,,NO_UNCERTAINTY_COLUMN_IN_RAW_CSV,LITERATURE_SUPPORTED,ALL_LITERAL_NONBLANK_RAW_CSV_CELLS_AND_ASSOCIATED_ENERGY_COLUMNS_VERIFIED,BLOCKED_UNIT_AND_FRAME_SEMANTICS;G1_NOT_AUTHORIZED,NOT_RUN,NOT_RUN,NOT_RUN
D-LIU24-2,10.57760/sciencedb.j00113.00114,datasets/liu2024_sciencedb/H1s-Excitation cross sections.csv,8f4345181b1149db8aeeef0b47d7352e46ecad4cdf98971b394f2bd232533724,,,RAW_CSV,17,5:3p,81,keV/u,,,NOT_EXPLICIT_IN_RAW_CSV;NO_FRAME_CONVERSION,NOT_EXPLICITLY_ASSIGNED,He2+,H(1s),H target center:3p,Target excitation cross sections,2.69E-17,UNRESOLVED_NOT_EXPLICIT_IN_RAW_METADATA,Liu2024 AOCC;3-basis mean in paperEq9;raw file no basis columns,,NO_UNCERTAINTY_COLUMN_IN_RAW_CSV,LITERATURE_SUPPORTED,ALL_LITERAL_NONBLANK_RAW_CSV_CELLS_AND_ASSOCIATED_ENERGY_COLUMNS_VERIFIED,BLOCKED_UNIT_AND_FRAME_SEMANTICS;G1_NOT_AUTHORIZED,NOT_RUN,NOT_RUN,NOT_RUN
D-LIU24-2,10.57760/sciencedb.j00113.00114,datasets/liu2024_sciencedb/H1s-Excitation cross sections.csv,8f4345181b1149db8aeeef0b47d7352e46ecad4cdf98971b394f2bd232533724,,,RAW_CSV,17,6:3d,81,keV/u,,,NOT_EXPLICIT_IN_RAW_CSV;NO_FRAME_CONVERSION,NOT_EXPLICITLY_ASSIGNED,He2+,H(1s),H target center:3d,Target excitation cross sections,1.02E-17,UNRESOLVED_NOT_EXPLICIT_IN_RAW_METADATA,Liu2024 AOCC;3-basis mean in paperEq9;raw file no basis columns,,NO_UNCERTAINTY_COLUMN_IN_RAW_CSV,LITERATURE_SUPPORTED,ALL_LITERAL_NONBLANK_RAW_CSV_CELLS_AND_ASSOCIATED_ENERGY_COLUMNS_VERIFIED,BLOCKED_UNIT_AND_FRAME_SEMANTICS;G1_NOT_AUTHORIZED,NOT_RUN,NOT_RUN,NOT_RUN
D-LIU24-2,10.57760/sciencedb.j00113.00114,datasets/liu2024_sciencedb/H1s-Excitation cross sections.csv,8f4345181b1149db8aeeef0b47d7352e46ecad4cdf98971b394f2bd232533724,,,RAW_CSV,18,2:2s,90.25,keV/u,,,NOT_EXPLICIT_IN_RAW_CSV;NO_FRAME_CONVERSION,NOT_EXPLICITLY_ASSIGNED,He2+,H(1s),H target center:2s,Target excitation cross sections,2.96E-17,UNRESOLVED_NOT_EXPLICIT_IN_RAW_METADATA,Liu2024 AOCC;3-basis mean in paperEq9;raw file no basis columns,,NO_UNCERTAINTY_COLUMN_IN_RAW_CSV,LITERATURE_SUPPORTED,ALL_LITERAL_NONBLANK_RAW_CSV_CELLS_AND_ASSOCIATED_ENERGY_COLUMNS_VERIFIED,BLOCKED_UNIT_AND_FRAME_SEMANTICS;G1_NOT_AUTHORIZED,NOT_RUN,NOT_RUN,NOT_RUN
D-LIU24-2,10.57760/sciencedb.j00113.00114,datasets/liu2024_sciencedb/H1s-Excitation cross sections.csv,8f4345181b1149db8aeeef0b47d7352e46ecad4cdf98971b394f2bd232533724,,,RAW_CSV,18,3:2p,90.25,keV/u,,,NOT_EXPLICIT_IN_RAW_CSV;NO_FRAME_CONVERSION,NOT_EXPLICITLY_ASSIGNED,He2+,H(1s),H target center:2p,Target excitation cross sections,1.72E-16,UNRESOLVED_NOT_EXPLICIT_IN_RAW_METADATA,Liu2024 AOCC;3-basis mean in paperEq9;raw file no basis columns,,NO_UNCERTAINTY_COLUMN_IN_RAW_CSV,LITERATURE_SUPPORTED,ALL_LITERAL_NONBLANK_RAW_CSV_CELLS_AND_ASSOCIATED_ENERGY_COLUMNS_VERIFIED,BLOCKED_UNIT_AND_FRAME_SEMANTICS;G1_NOT_AUTHORIZED,NOT_RUN,NOT_RUN,NOT_RUN
D-LIU24-2,10.57760/sciencedb.j00113.00114,datasets/liu2024_sciencedb/H1s-Excitation cross sections.csv,8f4345181b1149db8aeeef0b47d7352e46ecad4cdf98971b394f2bd232533724,,,RAW_CSV,18,4:3s,90.25,keV/u,,,NOT_EXPLICIT_IN_RAW_CSV;NO_FRAME_CONVERSION,NOT_EXPLICITLY_ASSIGNED,He2+,H(1s),H target center:3s,Target excitation cross sections,5.91E-18,UNRESOLVED_NOT_EXPLICIT_IN_RAW_METADATA,Liu2024 AOCC;3-basis mean in paperEq9;raw file no basis columns,,NO_UNCERTAINTY_COLUMN_IN_RAW_CSV,LITERATURE_SUPPORTED,ALL_LITERAL_NONBLANK_RAW_CSV_CELLS_AND_ASSOCIATED_ENERGY_COLUMNS_VERIFIED,BLOCKED_UNIT_AND_FRAME_SEMANTICS;G1_NOT_AUTHORIZED,NOT_RUN,NOT_RUN,NOT_RUN
D-LIU24-2,10.57760/sciencedb.j00113.00114,datasets/liu2024_sciencedb/H1s-Excitation cross sections.csv,8f4345181b1149db8aeeef0b47d7352e46ecad4cdf98971b394f2bd232533724,,,RAW_CSV,18,5:3p,90.25,keV/u,,,NOT_EXPLICIT_IN_RAW_CSV;NO_FRAME_CONVERSION,NOT_EXPLICITLY_ASSIGNED,He2+,H(1s),H target center:3p,Target excitation cross sections,2.88E-17,UNRESOLVED_NOT_EXPLICIT_IN_RAW_METADATA,Liu2024 AOCC;3-basis mean in paperEq9;raw file no basis columns,,NO_UNCERTAINTY_COLUMN_IN_RAW_CSV,LITERATURE_SUPPORTED,ALL_LITERAL_NONBLANK_RAW_CSV_CELLS_AND_ASSOCIATED_ENERGY_COLUMNS_VERIFIED,BLOCKED_UNIT_AND_FRAME_SEMANTICS;G1_NOT_AUTHORIZED,NOT_RUN,NOT_RUN,NOT_RUN
D-LIU24-2,10.57760/sciencedb.j00113.00114,datasets/liu2024_sciencedb/H1s-Excitation cross sections.csv,8f4345181b1149db8aeeef0b47d7352e46ecad4cdf98971b394f2bd232533724,,,RAW_CSV,18,6:3d,90.25,keV/u,,,NOT_EXPLICIT_IN_RAW_CSV;NO_FRAME_CONVERSION,NOT_EXPLICITLY_ASSIGNED,He2+,H(1s),H target center:3d,Target excitation cross sections,1.02E-17,UNRESOLVED_NOT_EXPLICIT_IN_RAW_METADATA,Liu2024 AOCC;3-basis mean in paperEq9;raw file no basis columns,,NO_UNCERTAINTY_COLUMN_IN_RAW_CSV,LITERATURE_SUPPORTED,ALL_LITERAL_NONBLANK_RAW_CSV_CELLS_AND_ASSOCIATED_ENERGY_COLUMNS_VERIFIED,BLOCKED_UNIT_AND_FRAME_SEMANTICS;G1_NOT_AUTHORIZED,NOT_RUN,NOT_RUN,NOT_RUN
D-LIU24-2,10.57760/sciencedb.j00113.00114,datasets/liu2024_sciencedb/H1s-Excitation cross sections.csv,8f4345181b1149db8aeeef0b47d7352e46ecad4cdf98971b394f2bd232533724,,,RAW_CSV,19,2:2s,100,keV/u,,,NOT_EXPLICIT_IN_RAW_CSV;NO_FRAME_CONVERSION,NOT_EXPLICITLY_ASSIGNED,He2+,H(1s),H target center:2s,Target excitation cross sections,2.76E-17,UNRESOLVED_NOT_EXPLICIT_IN_RAW_METADATA,Liu2024 AOCC;3-basis mean in paperEq9;raw file no basis columns,,NO_UNCERTAINTY_COLUMN_IN_RAW_CSV,LITERATURE_SUPPORTED,ALL_LITERAL_NONBLANK_RAW_CSV_CELLS_AND_ASSOCIATED_ENERGY_COLUMNS_VERIFIED,BLOCKED_UNIT_AND_FRAME_SEMANTICS;G1_NOT_AUTHORIZED,NOT_RUN,NOT_RUN,NOT_RUN
D-LIU24-2,10.57760/sciencedb.j00113.00114,datasets/liu2024_sciencedb/H1s-Excitation cross sections.csv,8f4345181b1149db8aeeef0b47d7352e46ecad4cdf98971b394f2bd232533724,,,RAW_CSV,19,3:2p,100,keV/u,,,NOT_EXPLICIT_IN_RAW_CSV;NO_FRAME_CONVERSION,NOT_EXPLICITLY_ASSIGNED,He2+,H(1s),H target center:2p,Target excitation cross sections,1.77E-16,UNRESOLVED_NOT_EXPLICIT_IN_RAW_METADATA,Liu2024 AOCC;3-basis mean in paperEq9;raw file no basis columns,,NO_UNCERTAINTY_COLUMN_IN_RAW_CSV,LITERATURE_SUPPORTED,ALL_LITERAL_NONBLANK_RAW_CSV_CELLS_AND_ASSOCIATED_ENERGY_COLUMNS_VERIFIED,BLOCKED_UNIT_AND_FRAME_SEMANTICS;G1_NOT_AUTHORIZED,NOT_RUN,NOT_RUN,NOT_RUN
D-LIU24-2,10.57760/sciencedb.j00113.00114,datasets/liu2024_sciencedb/H1s-Excitation cross sections.csv,8f4345181b1149db8aeeef0b47d7352e46ecad4cdf98971b394f2bd232533724,,,RAW_CSV,19,4:3s,100,keV/u,,,NOT_EXPLICIT_IN_RAW_CSV;NO_FRAME_CONVERSION,NOT_EXPLICITLY_ASSIGNED,He2+,H(1s),H target center:3s,Target excitation cross sections,5.93E-18,UNRESOLVED_NOT_EXPLICIT_IN_RAW_METADATA,Liu2024 AOCC;3-basis mean in paperEq9;raw file no basis columns,,NO_UNCERTAINTY_COLUMN_IN_RAW_CSV,LITERATURE_SUPPORTED,ALL_LITERAL_NONBLANK_RAW_CSV_CELLS_AND_ASSOCIATED_ENERGY_COLUMNS_VERIFIED,BLOCKED_UNIT_AND_FRAME_SEMANTICS;G1_NOT_AUTHORIZED,NOT_RUN,NOT_RUN,NOT_RUN
D-LIU24-2,10.57760/sciencedb.j00113.00114,datasets/liu2024_sciencedb/H1s-Excitation cross sections.csv,8f4345181b1149db8aeeef0b47d7352e46ecad4cdf98971b394f2bd232533724,,,RAW_CSV,19,5:3p,100,keV/u,,,NOT_EXPLICIT_IN_RAW_CSV;NO_FRAME_CONVERSION,NOT_EXPLICITLY_ASSIGNED,He2+,H(1s),H target center:3p,Target excitation cross sections,2.99E-17,UNRESOLVED_NOT_EXPLICIT_IN_RAW_METADATA,Liu2024 AOCC;3-basis mean in paperEq9;raw file no basis columns,,NO_UNCERTAINTY_COLUMN_IN_RAW_CSV,LITERATURE_SUPPORTED,ALL_LITERAL_NONBLANK_RAW_CSV_CELLS_AND_ASSOCIATED_ENERGY_COLUMNS_VERIFIED,BLOCKED_UNIT_AND_FRAME_SEMANTICS;G1_NOT_AUTHORIZED,NOT_RUN,NOT_RUN,NOT_RUN
D-LIU24-2,10.57760/sciencedb.j00113.00114,datasets/liu2024_sciencedb/H1s-Excitation cross sections.csv,8f4345181b1149db8aeeef0b47d7352e46ecad4cdf98971b394f2bd232533724,,,RAW_CSV,19,6:3d,100,keV/u,,,NOT_EXPLICIT_IN_RAW_CSV;NO_FRAME_CONVERSION,NOT_EXPLICITLY_ASSIGNED,He2+,H(1s),H target center:3d,Target excitation cross sections,9.57E-18,UNRESOLVED_NOT_EXPLICIT_IN_RAW_METADATA,Liu2024 AOCC;3-basis mean in paperEq9;raw file no basis columns,,NO_UNCERTAINTY_COLUMN_IN_RAW_CSV,LITERATURE_SUPPORTED,ALL_LITERAL_NONBLANK_RAW_CSV_CELLS_AND_ASSOCIATED_ENERGY_COLUMNS_VERIFIED,BLOCKED_UNIT_AND_FRAME_SEMANTICS;G1_NOT_AUTHORIZED,NOT_RUN,NOT_RUN,NOT_RUN
D-LIU24-2,10.57760/sciencedb.j00113.00114,datasets/liu2024_sciencedb/H1s-Excitation cross sections.csv,8f4345181b1149db8aeeef0b47d7352e46ecad4cdf98971b394f2bd232533724,,,RAW_CSV,20,2:2s,110.25,keV/u,,,NOT_EXPLICIT_IN_RAW_CSV;NO_FRAME_CONVERSION,NOT_EXPLICITLY_ASSIGNED,He2+,H(1s),H target center:2s,Target excitation cross sections,2.60E-17,UNRESOLVED_NOT_EXPLICIT_IN_RAW_METADATA,Liu2024 AOCC;3-basis mean in paperEq9;raw file no basis columns,,NO_UNCERTAINTY_COLUMN_IN_RAW_CSV,LITERATURE_SUPPORTED,ALL_LITERAL_NONBLANK_RAW_CSV_CELLS_AND_ASSOCIATED_ENERGY_COLUMNS_VERIFIED,BLOCKED_UNIT_AND_FRAME_SEMANTICS;G1_NOT_AUTHORIZED,NOT_RUN,NOT_RUN,NOT_RUN
D-LIU24-2,10.57760/sciencedb.j00113.00114,datasets/liu2024_sciencedb/H1s-Excitation cross sections.csv,8f4345181b1149db8aeeef0b47d7352e46ecad4cdf98971b394f2bd232533724,,,RAW_CSV,20,3:2p,110.25,keV/u,,,NOT_EXPLICIT_IN_RAW_CSV;NO_FRAME_CONVERSION,NOT_EXPLICITLY_ASSIGNED,He2+,H(1s),H target center:2p,Target excitation cross sections,1.80E-16,UNRESOLVED_NOT_EXPLICIT_IN_RAW_METADATA,Liu2024 AOCC;3-basis mean in paperEq9;raw file no basis columns,,NO_UNCERTAINTY_COLUMN_IN_RAW_CSV,LITERATURE_SUPPORTED,ALL_LITERAL_NONBLANK_RAW_CSV_CELLS_AND_ASSOCIATED_ENERGY_COLUMNS_VERIFIED,BLOCKED_UNIT_AND_FRAME_SEMANTICS;G1_NOT_AUTHORIZED,NOT_RUN,NOT_RUN,NOT_RUN
D-LIU24-2,10.57760/sciencedb.j00113.00114,datasets/liu2024_sciencedb/H1s-Excitation cross sections.csv,8f4345181b1149db8aeeef0b47d7352e46ecad4cdf98971b394f2bd232533724,,,RAW_CSV,20,4:3s,110.25,keV/u,,,NOT_EXPLICIT_IN_RAW_CSV;NO_FRAME_CONVERSION,NOT_EXPLICITLY_ASSIGNED,He2+,H(1s),H target center:3s,Target excitation cross sections,5.46E-18,UNRESOLVED_NOT_EXPLICIT_IN_RAW_METADATA,Liu2024 AOCC;3-basis mean in paperEq9;raw file no basis columns,,NO_UNCERTAINTY_COLUMN_IN_RAW_CSV,LITERATURE_SUPPORTED,ALL_LITERAL_NONBLANK_RAW_CSV_CELLS_AND_ASSOCIATED_ENERGY_COLUMNS_VERIFIED,BLOCKED_UNIT_AND_FRAME_SEMANTICS;G1_NOT_AUTHORIZED,NOT_RUN,NOT_RUN,NOT_RUN
D-LIU24-2,10.57760/sciencedb.j00113.00114,datasets/liu2024_sciencedb/H1s-Excitation cross sections.csv,8f4345181b1149db8aeeef0b47d7352e46ecad4cdf98971b394f2bd232533724,,,RAW_CSV,20,5:3p,110.25,keV/u,,,NOT_EXPLICIT_IN_RAW_CSV;NO_FRAME_CONVERSION,NOT_EXPLICITLY_ASSIGNED,He2+,H(1s),H target center:3p,Target excitation cross sections,2.99E-17,UNRESOLVED_NOT_EXPLICIT_IN_RAW_METADATA,Liu2024 AOCC;3-basis mean in paperEq9;raw file no basis columns,,NO_UNCERTAINTY_COLUMN_IN_RAW_CSV,LITERATURE_SUPPORTED,ALL_LITERAL_NONBLANK_RAW_CSV_CELLS_AND_ASSOCIATED_ENERGY_COLUMNS_VERIFIED,BLOCKED_UNIT_AND_FRAME_SEMANTICS;G1_NOT_AUTHORIZED,NOT_RUN,NOT_RUN,NOT_RUN
D-LIU24-2,10.57760/sciencedb.j00113.00114,datasets/liu2024_sciencedb/H1s-Excitation cross sections.csv,8f4345181b1149db8aeeef0b47d7352e46ecad4cdf98971b394f2bd232533724,,,RAW_CSV,20,6:3d,110.25,keV/u,,,NOT_EXPLICIT_IN_RAW_CSV;NO_FRAME_CONVERSION,NOT_EXPLICITLY_ASSIGNED,He2+,H(1s),H target center:3d,Target excitation cross sections,8.55E-18,UNRESOLVED_NOT_EXPLICIT_IN_RAW_METADATA,Liu2024 AOCC;3-basis mean in paperEq9;raw file no basis columns,,NO_UNCERTAINTY_COLUMN_IN_RAW_CSV,LITERATURE_SUPPORTED,ALL_LITERAL_NONBLANK_RAW_CSV_CELLS_AND_ASSOCIATED_ENERGY_COLUMNS_VERIFIED,BLOCKED_UNIT_AND_FRAME_SEMANTICS;G1_NOT_AUTHORIZED,NOT_RUN,NOT_RUN,NOT_RUN
D-LIU24-2,10.57760/sciencedb.j00113.00114,datasets/liu2024_sciencedb/H1s-Excitation cross sections.csv,8f4345181b1149db8aeeef0b47d7352e46ecad4cdf98971b394f2bd232533724,,,RAW_CSV,21,2:2s,121,keV/u,,,NOT_EXPLICIT_IN_RAW_CSV;NO_FRAME_CONVERSION,NOT_EXPLICITLY_ASSIGNED,He2+,H(1s),H target center:2s,Target excitation cross sections,2.49E-17,UNRESOLVED_NOT_EXPLICIT_IN_RAW_METADATA,Liu2024 AOCC;3-basis mean in paperEq9;raw file no basis columns,,NO_UNCERTAINTY_COLUMN_IN_RAW_CSV,LITERATURE_SUPPORTED,ALL_LITERAL_NONBLANK_RAW_CSV_CELLS_AND_ASSOCIATED_ENERGY_COLUMNS_VERIFIED,BLOCKED_UNIT_AND_FRAME_SEMANTICS;G1_NOT_AUTHORIZED,NOT_RUN,NOT_RUN,NOT_RUN
D-LIU24-2,10.57760/sciencedb.j00113.00114,datasets/liu2024_sciencedb/H1s-Excitation cross sections.csv,8f4345181b1149db8aeeef0b47d7352e46ecad4cdf98971b394f2bd232533724,,,RAW_CSV,21,3:2p,121,keV/u,,,NOT_EXPLICIT_IN_RAW_CSV;NO_FRAME_CONVERSION,NOT_EXPLICITLY_ASSIGNED,He2+,H(1s),H target center:2p,Target excitation cross sections,1.80E-16,UNRESOLVED_NOT_EXPLICIT_IN_RAW_METADATA,Liu2024 AOCC;3-basis mean in paperEq9;raw file no basis columns,,NO_UNCERTAINTY_COLUMN_IN_RAW_CSV,LITERATURE_SUPPORTED,ALL_LITERAL_NONBLANK_RAW_CSV_CELLS_AND_ASSOCIATED_ENERGY_COLUMNS_VERIFIED,BLOCKED_UNIT_AND_FRAME_SEMANTICS;G1_NOT_AUTHORIZED,NOT_RUN,NOT_RUN,NOT_RUN
D-LIU24-2,10.57760/sciencedb.j00113.00114,datasets/liu2024_sciencedb/H1s-Excitation cross sections.csv,8f4345181b1149db8aeeef0b47d7352e46ecad4cdf98971b394f2bd232533724,,,RAW_CSV,21,4:3s,121,keV/u,,,NOT_EXPLICIT_IN_RAW_CSV;NO_FRAME_CONVERSION,NOT_EXPLICITLY_ASSIGNED,He2+,H(1s),H target center:3s,Target excitation cross sections,5.17E-18,UNRESOLVED_NOT_EXPLICIT_IN_RAW_METADATA,Liu2024 AOCC;3-basis mean in paperEq9;raw file no basis columns,,NO_UNCERTAINTY_COLUMN_IN_RAW_CSV,LITERATURE_SUPPORTED,ALL_LITERAL_NONBLANK_RAW_CSV_CELLS_AND_ASSOCIATED_ENERGY_COLUMNS_VERIFIED,BLOCKED_UNIT_AND_FRAME_SEMANTICS;G1_NOT_AUTHORIZED,NOT_RUN,NOT_RUN,NOT_RUN
D-LIU24-2,10.57760/sciencedb.j00113.00114,datasets/liu2024_sciencedb/H1s-Excitation cross sections.csv,8f4345181b1149db8aeeef0b47d7352e46ecad4cdf98971b394f2bd232533724,,,RAW_CSV,21,5:3p,121,keV/u,,,NOT_EXPLICIT_IN_RAW_CSV;NO_FRAME_CONVERSION,NOT_EXPLICITLY_ASSIGNED,He2+,H(1s),H target center:3p,Target excitation cross sections,3.03E-17,UNRESOLVED_NOT_EXPLICIT_IN_RAW_METADATA,Liu2024 AOCC;3-basis mean in paperEq9;raw file no basis columns,,NO_UNCERTAINTY_COLUMN_IN_RAW_CSV,LITERATURE_SUPPORTED,ALL_LITERAL_NONBLANK_RAW_CSV_CELLS_AND_ASSOCIATED_ENERGY_COLUMNS_VERIFIED,BLOCKED_UNIT_AND_FRAME_SEMANTICS;G1_NOT_AUTHORIZED,NOT_RUN,NOT_RUN,NOT_RUN
D-LIU24-2,10.57760/sciencedb.j00113.00114,datasets/liu2024_sciencedb/H1s-Excitation cross sections.csv,8f4345181b1149db8aeeef0b47d7352e46ecad4cdf98971b394f2bd232533724,,,RAW_CSV,21,6:3d,121,keV/u,,,NOT_EXPLICIT_IN_RAW_CSV;NO_FRAME_CONVERSION,NOT_EXPLICITLY_ASSIGNED,He2+,H(1s),H target center:3d,Target excitation cross sections,7.87E-18,UNRESOLVED_NOT_EXPLICIT_IN_RAW_METADATA,Liu2024 AOCC;3-basis mean in paperEq9;raw file no basis columns,,NO_UNCERTAINTY_COLUMN_IN_RAW_CSV,LITERATURE_SUPPORTED,ALL_LITERAL_NONBLANK_RAW_CSV_CELLS_AND_ASSOCIATED_ENERGY_COLUMNS_VERIFIED,BLOCKED_UNIT_AND_FRAME_SEMANTICS;G1_NOT_AUTHORIZED,NOT_RUN,NOT_RUN,NOT_RUN
D-LIU24-2,10.57760/sciencedb.j00113.00114,datasets/liu2024_sciencedb/H1s-Excitation cross sections.csv,8f4345181b1149db8aeeef0b47d7352e46ecad4cdf98971b394f2bd232533724,,,RAW_CSV,22,2:2s,132.25,keV/u,,,NOT_EXPLICIT_IN_RAW_CSV;NO_FRAME_CONVERSION,NOT_EXPLICITLY_ASSIGNED,He2+,H(1s),H target center:2s,Target excitation cross sections,2.41E-17,UNRESOLVED_NOT_EXPLICIT_IN_RAW_METADATA,Liu2024 AOCC;3-basis mean in paperEq9;raw file no basis columns,,NO_UNCERTAINTY_COLUMN_IN_RAW_CSV,LITERATURE_SUPPORTED,ALL_LITERAL_NONBLANK_RAW_CSV_CELLS_AND_ASSOCIATED_ENERGY_COLUMNS_VERIFIED,BLOCKED_UNIT_AND_FRAME_SEMANTICS;G1_NOT_AUTHORIZED,NOT_RUN,NOT_RUN,NOT_RUN
D-LIU24-2,10.57760/sciencedb.j00113.00114,datasets/liu2024_sciencedb/H1s-Excitation cross sections.csv,8f4345181b1149db8aeeef0b47d7352e46ecad4cdf98971b394f2bd232533724,,,RAW_CSV,22,3:2p,132.25,keV/u,,,NOT_EXPLICIT_IN_RAW_CSV;NO_FRAME_CONVERSION,NOT_EXPLICITLY_ASSIGNED,He2+,H(1s),H target center:2p,Target excitation cross sections,1.79E-16,UNRESOLVED_NOT_EXPLICIT_IN_RAW_METADATA,Liu2024 AOCC;3-basis mean in paperEq9;raw file no basis columns,,NO_UNCERTAINTY_COLUMN_IN_RAW_CSV,LITERATURE_SUPPORTED,ALL_LITERAL_NONBLANK_RAW_CSV_CELLS_AND_ASSOCIATED_ENERGY_COLUMNS_VERIFIED,BLOCKED_UNIT_AND_FRAME_SEMANTICS;G1_NOT_AUTHORIZED,NOT_RUN,NOT_RUN,NOT_RUN
D-LIU24-2,10.57760/sciencedb.j00113.00114,datasets/liu2024_sciencedb/H1s-Excitation cross sections.csv,8f4345181b1149db8aeeef0b47d7352e46ecad4cdf98971b394f2bd232533724,,,RAW_CSV,22,4:3s,132.25,keV/u,,,NOT_EXPLICIT_IN_RAW_CSV;NO_FRAME_CONVERSION,NOT_EXPLICITLY_ASSIGNED,He2+,H(1s),H target center:3s,Target excitation cross sections,4.86E-18,UNRESOLVED_NOT_EXPLICIT_IN_RAW_METADATA,Liu2024 AOCC;3-basis mean in paperEq9;raw file no basis columns,,NO_UNCERTAINTY_COLUMN_IN_RAW_CSV,LITERATURE_SUPPORTED,ALL_LITERAL_NONBLANK_RAW_CSV_CELLS_AND_ASSOCIATED_ENERGY_COLUMNS_VERIFIED,BLOCKED_UNIT_AND_FRAME_SEMANTICS;G1_NOT_AUTHORIZED,NOT_RUN,NOT_RUN,NOT_RUN
D-LIU24-2,10.57760/sciencedb.j00113.00114,datasets/liu2024_sciencedb/H1s-Excitation cross sections.csv,8f4345181b1149db8aeeef0b47d7352e46ecad4cdf98971b394f2bd232533724,,,RAW_CSV,22,5:3p,132.25,keV/u,,,NOT_EXPLICIT_IN_RAW_CSV;NO_FRAME_CONVERSION,NOT_EXPLICITLY_ASSIGNED,He2+,H(1s),H target center:3p,Target excitation cross sections,3.05E-17,UNRESOLVED_NOT_EXPLICIT_IN_RAW_METADATA,Liu2024 AOCC;3-basis mean in paperEq9;raw file no basis columns,,NO_UNCERTAINTY_COLUMN_IN_RAW_CSV,LITERATURE_SUPPORTED,ALL_LITERAL_NONBLANK_RAW_CSV_CELLS_AND_ASSOCIATED_ENERGY_COLUMNS_VERIFIED,BLOCKED_UNIT_AND_FRAME_SEMANTICS;G1_NOT_AUTHORIZED,NOT_RUN,NOT_RUN,NOT_RUN
D-LIU24-2,10.57760/sciencedb.j00113.00114,datasets/liu2024_sciencedb/H1s-Excitation cross sections.csv,8f4345181b1149db8aeeef0b47d7352e46ecad4cdf98971b394f2bd232533724,,,RAW_CSV,22,6:3d,132.25,keV/u,,,NOT_EXPLICIT_IN_RAW_CSV;NO_FRAME_CONVERSION,NOT_EXPLICITLY_ASSIGNED,He2+,H(1s),H target center:3d,Target excitation cross sections,7.24E-18,UNRESOLVED_NOT_EXPLICIT_IN_RAW_METADATA,Liu2024 AOCC;3-basis mean in paperEq9;raw file no basis columns,,NO_UNCERTAINTY_COLUMN_IN_RAW_CSV,LITERATURE_SUPPORTED,ALL_LITERAL_NONBLANK_RAW_CSV_CELLS_AND_ASSOCIATED_ENERGY_COLUMNS_VERIFIED,BLOCKED_UNIT_AND_FRAME_SEMANTICS;G1_NOT_AUTHORIZED,NOT_RUN,NOT_RUN,NOT_RUN
D-LIU24-2,10.57760/sciencedb.j00113.00114,datasets/liu2024_sciencedb/H1s-Excitation cross sections.csv,8f4345181b1149db8aeeef0b47d7352e46ecad4cdf98971b394f2bd232533724,,,RAW_CSV,23,2:2s,144,keV/u,,,NOT_EXPLICIT_IN_RAW_CSV;NO_FRAME_CONVERSION,NOT_EXPLICITLY_ASSIGNED,He2+,H(1s),H target center:2s,Target excitation cross sections,2.27E-17,UNRESOLVED_NOT_EXPLICIT_IN_RAW_METADATA,Liu2024 AOCC;3-basis mean in paperEq9;raw file no basis columns,,NO_UNCERTAINTY_COLUMN_IN_RAW_CSV,LITERATURE_SUPPORTED,ALL_LITERAL_NONBLANK_RAW_CSV_CELLS_AND_ASSOCIATED_ENERGY_COLUMNS_VERIFIED,BLOCKED_UNIT_AND_FRAME_SEMANTICS;G1_NOT_AUTHORIZED,NOT_RUN,NOT_RUN,NOT_RUN
D-LIU24-2,10.57760/sciencedb.j00113.00114,datasets/liu2024_sciencedb/H1s-Excitation cross sections.csv,8f4345181b1149db8aeeef0b47d7352e46ecad4cdf98971b394f2bd232533724,,,RAW_CSV,23,3:2p,144,keV/u,,,NOT_EXPLICIT_IN_RAW_CSV;NO_FRAME_CONVERSION,NOT_EXPLICITLY_ASSIGNED,He2+,H(1s),H target center:2p,Target excitation cross sections,1.79E-16,UNRESOLVED_NOT_EXPLICIT_IN_RAW_METADATA,Liu2024 AOCC;3-basis mean in paperEq9;raw file no basis columns,,NO_UNCERTAINTY_COLUMN_IN_RAW_CSV,LITERATURE_SUPPORTED,ALL_LITERAL_NONBLANK_RAW_CSV_CELLS_AND_ASSOCIATED_ENERGY_COLUMNS_VERIFIED,BLOCKED_UNIT_AND_FRAME_SEMANTICS;G1_NOT_AUTHORIZED,NOT_RUN,NOT_RUN,NOT_RUN
D-LIU24-2,10.57760/sciencedb.j00113.00114,datasets/liu2024_sciencedb/H1s-Excitation cross sections.csv,8f4345181b1149db8aeeef0b47d7352e46ecad4cdf98971b394f2bd232533724,,,RAW_CSV,23,4:3s,144,keV/u,,,NOT_EXPLICIT_IN_RAW_CSV;NO_FRAME_CONVERSION,NOT_EXPLICITLY_ASSIGNED,He2+,H(1s),H target center:3s,Target excitation cross sections,4.42E-18,UNRESOLVED_NOT_EXPLICIT_IN_RAW_METADATA,Liu2024 AOCC;3-basis mean in paperEq9;raw file no basis columns,,NO_UNCERTAINTY_COLUMN_IN_RAW_CSV,LITERATURE_SUPPORTED,ALL_LITERAL_NONBLANK_RAW_CSV_CELLS_AND_ASSOCIATED_ENERGY_COLUMNS_VERIFIED,BLOCKED_UNIT_AND_FRAME_SEMANTICS;G1_NOT_AUTHORIZED,NOT_RUN,NOT_RUN,NOT_RUN
D-LIU24-2,10.57760/sciencedb.j00113.00114,datasets/liu2024_sciencedb/H1s-Excitation cross sections.csv,8f4345181b1149db8aeeef0b47d7352e46ecad4cdf98971b394f2bd232533724,,,RAW_CSV,23,5:3p,144,keV/u,,,NOT_EXPLICIT_IN_RAW_CSV;NO_FRAME_CONVERSION,NOT_EXPLICITLY_ASSIGNED,He2+,H(1s),H target center:3p,Target excitation cross sections,3.11E-17,UNRESOLVED_NOT_EXPLICIT_IN_RAW_METADATA,Liu2024 AOCC;3-basis mean in paperEq9;raw file no basis columns,,NO_UNCERTAINTY_COLUMN_IN_RAW_CSV,LITERATURE_SUPPORTED,ALL_LITERAL_NONBLANK_RAW_CSV_CELLS_AND_ASSOCIATED_ENERGY_COLUMNS_VERIFIED,BLOCKED_UNIT_AND_FRAME_SEMANTICS;G1_NOT_AUTHORIZED,NOT_RUN,NOT_RUN,NOT_RUN
D-LIU24-2,10.57760/sciencedb.j00113.00114,datasets/liu2024_sciencedb/H1s-Excitation cross sections.csv,8f4345181b1149db8aeeef0b47d7352e46ecad4cdf98971b394f2bd232533724,,,RAW_CSV,23,6:3d,144,keV/u,,,NOT_EXPLICIT_IN_RAW_CSV;NO_FRAME_CONVERSION,NOT_EXPLICITLY_ASSIGNED,He2+,H(1s),H target center:3d,Target excitation cross sections,6.95E-18,UNRESOLVED_NOT_EXPLICIT_IN_RAW_METADATA,Liu2024 AOCC;3-basis mean in paperEq9;raw file no basis columns,,NO_UNCERTAINTY_COLUMN_IN_RAW_CSV,LITERATURE_SUPPORTED,ALL_LITERAL_NONBLANK_RAW_CSV_CELLS_AND_ASSOCIATED_ENERGY_COLUMNS_VERIFIED,BLOCKED_UNIT_AND_FRAME_SEMANTICS;G1_NOT_AUTHORIZED,NOT_RUN,NOT_RUN,NOT_RUN
D-LIU24-2,10.57760/sciencedb.j00113.00114,datasets/liu2024_sciencedb/H1s-Excitation cross sections.csv,8f4345181b1149db8aeeef0b47d7352e46ecad4cdf98971b394f2bd232533724,,,RAW_CSV,24,2:2s,156.25,keV/u,,,NOT_EXPLICIT_IN_RAW_CSV;NO_FRAME_CONVERSION,NOT_EXPLICITLY_ASSIGNED,He2+,H(1s),H target center:2s,Target excitation cross sections,2.05E-17,UNRESOLVED_NOT_EXPLICIT_IN_RAW_METADATA,Liu2024 AOCC;3-basis mean in paperEq9;raw file no basis columns,,NO_UNCERTAINTY_COLUMN_IN_RAW_CSV,LITERATURE_SUPPORTED,ALL_LITERAL_NONBLANK_RAW_CSV_CELLS_AND_ASSOCIATED_ENERGY_COLUMNS_VERIFIED,BLOCKED_UNIT_AND_FRAME_SEMANTICS;G1_NOT_AUTHORIZED,NOT_RUN,NOT_RUN,NOT_RUN
D-LIU24-2,10.57760/sciencedb.j00113.00114,datasets/liu2024_sciencedb/H1s-Excitation cross sections.csv,8f4345181b1149db8aeeef0b47d7352e46ecad4cdf98971b394f2bd232533724,,,RAW_CSV,24,3:2p,156.25,keV/u,,,NOT_EXPLICIT_IN_RAW_CSV;NO_FRAME_CONVERSION,NOT_EXPLICITLY_ASSIGNED,He2+,H(1s),H target center:2p,Target excitation cross sections,1.78E-16,UNRESOLVED_NOT_EXPLICIT_IN_RAW_METADATA,Liu2024 AOCC;3-basis mean in paperEq9;raw file no basis columns,,NO_UNCERTAINTY_COLUMN_IN_RAW_CSV,LITERATURE_SUPPORTED,ALL_LITERAL_NONBLANK_RAW_CSV_CELLS_AND_ASSOCIATED_ENERGY_COLUMNS_VERIFIED,BLOCKED_UNIT_AND_FRAME_SEMANTICS;G1_NOT_AUTHORIZED,NOT_RUN,NOT_RUN,NOT_RUN
D-LIU24-2,10.57760/sciencedb.j00113.00114,datasets/liu2024_sciencedb/H1s-Excitation cross sections.csv,8f4345181b1149db8aeeef0b47d7352e46ecad4cdf98971b394f2bd232533724,,,RAW_CSV,24,4:3s,156.25,keV/u,,,NOT_EXPLICIT_IN_RAW_CSV;NO_FRAME_CONVERSION,NOT_EXPLICITLY_ASSIGNED,He2+,H(1s),H target center:3s,Target excitation cross sections,4.26E-18,UNRESOLVED_NOT_EXPLICIT_IN_RAW_METADATA,Liu2024 AOCC;3-basis mean in paperEq9;raw file no basis columns,,NO_UNCERTAINTY_COLUMN_IN_RAW_CSV,LITERATURE_SUPPORTED,ALL_LITERAL_NONBLANK_RAW_CSV_CELLS_AND_ASSOCIATED_ENERGY_COLUMNS_VERIFIED,BLOCKED_UNIT_AND_FRAME_SEMANTICS;G1_NOT_AUTHORIZED,NOT_RUN,NOT_RUN,NOT_RUN
D-LIU24-2,10.57760/sciencedb.j00113.00114,datasets/liu2024_sciencedb/H1s-Excitation cross sections.csv,8f4345181b1149db8aeeef0b47d7352e46ecad4cdf98971b394f2bd232533724,,,RAW_CSV,24,5:3p,156.25,keV/u,,,NOT_EXPLICIT_IN_RAW_CSV;NO_FRAME_CONVERSION,NOT_EXPLICITLY_ASSIGNED,He2+,H(1s),H target center:3p,Target excitation cross sections,3.09E-17,UNRESOLVED_NOT_EXPLICIT_IN_RAW_METADATA,Liu2024 AOCC;3-basis mean in paperEq9;raw file no basis columns,,NO_UNCERTAINTY_COLUMN_IN_RAW_CSV,LITERATURE_SUPPORTED,ALL_LITERAL_NONBLANK_RAW_CSV_CELLS_AND_ASSOCIATED_ENERGY_COLUMNS_VERIFIED,BLOCKED_UNIT_AND_FRAME_SEMANTICS;G1_NOT_AUTHORIZED,NOT_RUN,NOT_RUN,NOT_RUN
D-LIU24-2,10.57760/sciencedb.j00113.00114,datasets/liu2024_sciencedb/H1s-Excitation cross sections.csv,8f4345181b1149db8aeeef0b47d7352e46ecad4cdf98971b394f2bd232533724,,,RAW_CSV,24,6:3d,156.25,keV/u,,,NOT_EXPLICIT_IN_RAW_CSV;NO_FRAME_CONVERSION,NOT_EXPLICITLY_ASSIGNED,He2+,H(1s),H target center:3d,Target excitation cross sections,6.31E-18,UNRESOLVED_NOT_EXPLICIT_IN_RAW_METADATA,Liu2024 AOCC;3-basis mean in paperEq9;raw file no basis columns,,NO_UNCERTAINTY_COLUMN_IN_RAW_CSV,LITERATURE_SUPPORTED,ALL_LITERAL_NONBLANK_RAW_CSV_CELLS_AND_ASSOCIATED_ENERGY_COLUMNS_VERIFIED,BLOCKED_UNIT_AND_FRAME_SEMANTICS;G1_NOT_AUTHORIZED,NOT_RUN,NOT_RUN,NOT_RUN
D-LIU24-2,10.57760/sciencedb.j00113.00114,datasets/liu2024_sciencedb/H1s-Excitation cross sections.csv,8f4345181b1149db8aeeef0b47d7352e46ecad4cdf98971b394f2bd232533724,,,RAW_CSV,25,2:2s,169,keV/u,,,NOT_EXPLICIT_IN_RAW_CSV;NO_FRAME_CONVERSION,NOT_EXPLICITLY_ASSIGNED,He2+,H(1s),H target center:2s,Target excitation cross sections,1.89E-17,UNRESOLVED_NOT_EXPLICIT_IN_RAW_METADATA,Liu2024 AOCC;3-basis mean in paperEq9;raw file no basis columns,,NO_UNCERTAINTY_COLUMN_IN_RAW_CSV,LITERATURE_SUPPORTED,ALL_LITERAL_NONBLANK_RAW_CSV_CELLS_AND_ASSOCIATED_ENERGY_COLUMNS_VERIFIED,BLOCKED_UNIT_AND_FRAME_SEMANTICS;G1_NOT_AUTHORIZED,NOT_RUN,NOT_RUN,NOT_RUN
D-LIU24-2,10.57760/sciencedb.j00113.00114,datasets/liu2024_sciencedb/H1s-Excitation cross sections.csv,8f4345181b1149db8aeeef0b47d7352e46ecad4cdf98971b394f2bd232533724,,,RAW_CSV,25,3:2p,169,keV/u,,,NOT_EXPLICIT_IN_RAW_CSV;NO_FRAME_CONVERSION,NOT_EXPLICITLY_ASSIGNED,He2+,H(1s),H target center:2p,Target excitation cross sections,1.79E-16,UNRESOLVED_NOT_EXPLICIT_IN_RAW_METADATA,Liu2024 AOCC;3-basis mean in paperEq9;raw file no basis columns,,NO_UNCERTAINTY_COLUMN_IN_RAW_CSV,LITERATURE_SUPPORTED,ALL_LITERAL_NONBLANK_RAW_CSV_CELLS_AND_ASSOCIATED_ENERGY_COLUMNS_VERIFIED,BLOCKED_UNIT_AND_FRAME_SEMANTICS;G1_NOT_AUTHORIZED,NOT_RUN,NOT_RUN,NOT_RUN
D-LIU24-2,10.57760/sciencedb.j00113.00114,datasets/liu2024_sciencedb/H1s-Excitation cross sections.csv,8f4345181b1149db8aeeef0b47d7352e46ecad4cdf98971b394f2bd232533724,,,RAW_CSV,25,4:3s,169,keV/u,,,NOT_EXPLICIT_IN_RAW_CSV;NO_FRAME_CONVERSION,NOT_EXPLICITLY_ASSIGNED,He2+,H(1s),H target center:3s,Target excitation cross sections,4.05E-18,UNRESOLVED_NOT_EXPLICIT_IN_RAW_METADATA,Liu2024 AOCC;3-basis mean in paperEq9;raw file no basis columns,,NO_UNCERTAINTY_COLUMN_IN_RAW_CSV,LITERATURE_SUPPORTED,ALL_LITERAL_NONBLANK_RAW_CSV_CELLS_AND_ASSOCIATED_ENERGY_COLUMNS_VERIFIED,BLOCKED_UNIT_AND_FRAME_SEMANTICS;G1_NOT_AUTHORIZED,NOT_RUN,NOT_RUN,NOT_RUN
D-LIU24-2,10.57760/sciencedb.j00113.00114,datasets/liu2024_sciencedb/H1s-Excitation cross sections.csv,8f4345181b1149db8aeeef0b47d7352e46ecad4cdf98971b394f2bd232533724,,,RAW_CSV,25,5:3p,169,keV/u,,,NOT_EXPLICIT_IN_RAW_CSV;NO_FRAME_CONVERSION,NOT_EXPLICITLY_ASSIGNED,He2+,H(1s),H target center:3p,Target excitation cross sections,3.05E-17,UNRESOLVED_NOT_EXPLICIT_IN_RAW_METADATA,Liu2024 AOCC;3-basis mean in paperEq9;raw file no basis columns,,NO_UNCERTAINTY_COLUMN_IN_RAW_CSV,LITERATURE_SUPPORTED,ALL_LITERAL_NONBLANK_RAW_CSV_CELLS_AND_ASSOCIATED_ENERGY_COLUMNS_VERIFIED,BLOCKED_UNIT_AND_FRAME_SEMANTICS;G1_NOT_AUTHORIZED,NOT_RUN,NOT_RUN,NOT_RUN
D-LIU24-2,10.57760/sciencedb.j00113.00114,datasets/liu2024_sciencedb/H1s-Excitation cross sections.csv,8f4345181b1149db8aeeef0b47d7352e46ecad4cdf98971b394f2bd232533724,,,RAW_CSV,25,6:3d,169,keV/u,,,NOT_EXPLICIT_IN_RAW_CSV;NO_FRAME_CONVERSION,NOT_EXPLICITLY_ASSIGNED,He2+,H(1s),H target center:3d,Target excitation cross sections,5.78E-18,UNRESOLVED_NOT_EXPLICIT_IN_RAW_METADATA,Liu2024 AOCC;3-basis mean in paperEq9;raw file no basis columns,,NO_UNCERTAINTY_COLUMN_IN_RAW_CSV,LITERATURE_SUPPORTED,ALL_LITERAL_NONBLANK_RAW_CSV_CELLS_AND_ASSOCIATED_ENERGY_COLUMNS_VERIFIED,BLOCKED_UNIT_AND_FRAME_SEMANTICS;G1_NOT_AUTHORIZED,NOT_RUN,NOT_RUN,NOT_RUN
D-LIU24-2,10.57760/sciencedb.j00113.00114,datasets/liu2024_sciencedb/H1s-Excitation cross sections.csv,8f4345181b1149db8aeeef0b47d7352e46ecad4cdf98971b394f2bd232533724,,,RAW_CSV,26,2:2s,182.25,keV/u,,,NOT_EXPLICIT_IN_RAW_CSV;NO_FRAME_CONVERSION,NOT_EXPLICITLY_ASSIGNED,He2+,H(1s),H target center:2s,Target excitation cross sections,1.78E-17,UNRESOLVED_NOT_EXPLICIT_IN_RAW_METADATA,Liu2024 AOCC;3-basis mean in paperEq9;raw file no basis columns,,NO_UNCERTAINTY_COLUMN_IN_RAW_CSV,LITERATURE_SUPPORTED,ALL_LITERAL_NONBLANK_RAW_CSV_CELLS_AND_ASSOCIATED_ENERGY_COLUMNS_VERIFIED,BLOCKED_UNIT_AND_FRAME_SEMANTICS;G1_NOT_AUTHORIZED,NOT_RUN,NOT_RUN,NOT_RUN
D-LIU24-2,10.57760/sciencedb.j00113.00114,datasets/liu2024_sciencedb/H1s-Excitation cross sections.csv,8f4345181b1149db8aeeef0b47d7352e46ecad4cdf98971b394f2bd232533724,,,RAW_CSV,26,3:2p,182.25,keV/u,,,NOT_EXPLICIT_IN_RAW_CSV;NO_FRAME_CONVERSION,NOT_EXPLICITLY_ASSIGNED,He2+,H(1s),H target center:2p,Target excitation cross sections,1.79E-16,UNRESOLVED_NOT_EXPLICIT_IN_RAW_METADATA,Liu2024 AOCC;3-basis mean in paperEq9;raw file no basis columns,,NO_UNCERTAINTY_COLUMN_IN_RAW_CSV,LITERATURE_SUPPORTED,ALL_LITERAL_NONBLANK_RAW_CSV_CELLS_AND_ASSOCIATED_ENERGY_COLUMNS_VERIFIED,BLOCKED_UNIT_AND_FRAME_SEMANTICS;G1_NOT_AUTHORIZED,NOT_RUN,NOT_RUN,NOT_RUN
D-LIU24-2,10.57760/sciencedb.j00113.00114,datasets/liu2024_sciencedb/H1s-Excitation cross sections.csv,8f4345181b1149db8aeeef0b47d7352e46ecad4cdf98971b394f2bd232533724,,,RAW_CSV,26,4:3s,182.25,keV/u,,,NOT_EXPLICIT_IN_RAW_CSV;NO_FRAME_CONVERSION,NOT_EXPLICITLY_ASSIGNED,He2+,H(1s),H target center:3s,Target excitation cross sections,3.73E-18,UNRESOLVED_NOT_EXPLICIT_IN_RAW_METADATA,Liu2024 AOCC;3-basis mean in paperEq9;raw file no basis columns,,NO_UNCERTAINTY_COLUMN_IN_RAW_CSV,LITERATURE_SUPPORTED,ALL_LITERAL_NONBLANK_RAW_CSV_CELLS_AND_ASSOCIATED_ENERGY_COLUMNS_VERIFIED,BLOCKED_UNIT_AND_FRAME_SEMANTICS;G1_NOT_AUTHORIZED,NOT_RUN,NOT_RUN,NOT_RUN
D-LIU24-2,10.57760/sciencedb.j00113.00114,datasets/liu2024_sciencedb/H1s-Excitation cross sections.csv,8f4345181b1149db8aeeef0b47d7352e46ecad4cdf98971b394f2bd232533724,,,RAW_CSV,26,5:3p,182.25,keV/u,,,NOT_EXPLICIT_IN_RAW_CSV;NO_FRAME_CONVERSION,NOT_EXPLICITLY_ASSIGNED,He2+,H(1s),H target center:3p,Target excitation cross sections,3.01E-17,UNRESOLVED_NOT_EXPLICIT_IN_RAW_METADATA,Liu2024 AOCC;3-basis mean in paperEq9;raw file no basis columns,,NO_UNCERTAINTY_COLUMN_IN_RAW_CSV,LITERATURE_SUPPORTED,ALL_LITERAL_NONBLANK_RAW_CSV_CELLS_AND_ASSOCIATED_ENERGY_COLUMNS_VERIFIED,BLOCKED_UNIT_AND_FRAME_SEMANTICS;G1_NOT_AUTHORIZED,NOT_RUN,NOT_RUN,NOT_RUN
D-LIU24-2,10.57760/sciencedb.j00113.00114,datasets/liu2024_sciencedb/H1s-Excitation cross sections.csv,8f4345181b1149db8aeeef0b47d7352e46ecad4cdf98971b394f2bd232533724,,,RAW_CSV,26,6:3d,182.25,keV/u,,,NOT_EXPLICIT_IN_RAW_CSV;NO_FRAME_CONVERSION,NOT_EXPLICITLY_ASSIGNED,He2+,H(1s),H target center:3d,Target excitation cross sections,5.28E-18,UNRESOLVED_NOT_EXPLICIT_IN_RAW_METADATA,Liu2024 AOCC;3-basis mean in paperEq9;raw file no basis columns,,NO_UNCERTAINTY_COLUMN_IN_RAW_CSV,LITERATURE_SUPPORTED,ALL_LITERAL_NONBLANK_RAW_CSV_CELLS_AND_ASSOCIATED_ENERGY_COLUMNS_VERIFIED,BLOCKED_UNIT_AND_FRAME_SEMANTICS;G1_NOT_AUTHORIZED,NOT_RUN,NOT_RUN,NOT_RUN
D-LIU24-2,10.57760/sciencedb.j00113.00114,datasets/liu2024_sciencedb/H1s-Excitation cross sections.csv,8f4345181b1149db8aeeef0b47d7352e46ecad4cdf98971b394f2bd232533724,,,RAW_CSV,27,2:2s,196,keV/u,,,NOT_EXPLICIT_IN_RAW_CSV;NO_FRAME_CONVERSION,NOT_EXPLICITLY_ASSIGNED,He2+,H(1s),H target center:2s,Target excitation cross sections,1.71E-17,UNRESOLVED_NOT_EXPLICIT_IN_RAW_METADATA,Liu2024 AOCC;3-basis mean in paperEq9;raw file no basis columns,,NO_UNCERTAINTY_COLUMN_IN_RAW_CSV,LITERATURE_SUPPORTED,ALL_LITERAL_NONBLANK_RAW_CSV_CELLS_AND_ASSOCIATED_ENERGY_COLUMNS_VERIFIED,BLOCKED_UNIT_AND_FRAME_SEMANTICS;G1_NOT_AUTHORIZED,NOT_RUN,NOT_RUN,NOT_RUN
D-LIU24-2,10.57760/sciencedb.j00113.00114,datasets/liu2024_sciencedb/H1s-Excitation cross sections.csv,8f4345181b1149db8aeeef0b47d7352e46ecad4cdf98971b394f2bd232533724,,,RAW_CSV,27,3:2p,196,keV/u,,,NOT_EXPLICIT_IN_RAW_CSV;NO_FRAME_CONVERSION,NOT_EXPLICITLY_ASSIGNED,He2+,H(1s),H target center:2p,Target excitation cross sections,1.79E-16,UNRESOLVED_NOT_EXPLICIT_IN_RAW_METADATA,Liu2024 AOCC;3-basis mean in paperEq9;raw file no basis columns,,NO_UNCERTAINTY_COLUMN_IN_RAW_CSV,LITERATURE_SUPPORTED,ALL_LITERAL_NONBLANK_RAW_CSV_CELLS_AND_ASSOCIATED_ENERGY_COLUMNS_VERIFIED,BLOCKED_UNIT_AND_FRAME_SEMANTICS;G1_NOT_AUTHORIZED,NOT_RUN,NOT_RUN,NOT_RUN
D-LIU24-2,10.57760/sciencedb.j00113.00114,datasets/liu2024_sciencedb/H1s-Excitation cross sections.csv,8f4345181b1149db8aeeef0b47d7352e46ecad4cdf98971b394f2bd232533724,,,RAW_CSV,27,4:3s,196,keV/u,,,NOT_EXPLICIT_IN_RAW_CSV;NO_FRAME_CONVERSION,NOT_EXPLICITLY_ASSIGNED,He2+,H(1s),H target center:3s,Target excitation cross sections,3.48E-18,UNRESOLVED_NOT_EXPLICIT_IN_RAW_METADATA,Liu2024 AOCC;3-basis mean in paperEq9;raw file no basis columns,,NO_UNCERTAINTY_COLUMN_IN_RAW_CSV,LITERATURE_SUPPORTED,ALL_LITERAL_NONBLANK_RAW_CSV_CELLS_AND_ASSOCIATED_ENERGY_COLUMNS_VERIFIED,BLOCKED_UNIT_AND_FRAME_SEMANTICS;G1_NOT_AUTHORIZED,NOT_RUN,NOT_RUN,NOT_RUN
D-LIU24-2,10.57760/sciencedb.j00113.00114,datasets/liu2024_sciencedb/H1s-Excitation cross sections.csv,8f4345181b1149db8aeeef0b47d7352e46ecad4cdf98971b394f2bd232533724,,,RAW_CSV,27,5:3p,196,keV/u,,,NOT_EXPLICIT_IN_RAW_CSV;NO_FRAME_CONVERSION,NOT_EXPLICITLY_ASSIGNED,He2+,H(1s),H target center:3p,Target excitation cross sections,2.96E-17,UNRESOLVED_NOT_EXPLICIT_IN_RAW_METADATA,Liu2024 AOCC;3-basis mean in paperEq9;raw file no basis columns,,NO_UNCERTAINTY_COLUMN_IN_RAW_CSV,LITERATURE_SUPPORTED,ALL_LITERAL_NONBLANK_RAW_CSV_CELLS_AND_ASSOCIATED_ENERGY_COLUMNS_VERIFIED,BLOCKED_UNIT_AND_FRAME_SEMANTICS;G1_NOT_AUTHORIZED,NOT_RUN,NOT_RUN,NOT_RUN
D-LIU24-2,10.57760/sciencedb.j00113.00114,datasets/liu2024_sciencedb/H1s-Excitation cross sections.csv,8f4345181b1149db8aeeef0b47d7352e46ecad4cdf98971b394f2bd232533724,,,RAW_CSV,27,6:3d,196,keV/u,,,NOT_EXPLICIT_IN_RAW_CSV;NO_FRAME_CONVERSION,NOT_EXPLICITLY_ASSIGNED,He2+,H(1s),H target center:3d,Target excitation cross sections,4.87E-18,UNRESOLVED_NOT_EXPLICIT_IN_RAW_METADATA,Liu2024 AOCC;3-basis mean in paperEq9;raw file no basis columns,,NO_UNCERTAINTY_COLUMN_IN_RAW_CSV,LITERATURE_SUPPORTED,ALL_LITERAL_NONBLANK_RAW_CSV_CELLS_AND_ASSOCIATED_ENERGY_COLUMNS_VERIFIED,BLOCKED_UNIT_AND_FRAME_SEMANTICS;G1_NOT_AUTHORIZED,NOT_RUN,NOT_RUN,NOT_RUN
D-LIU24-2,10.57760/sciencedb.j00113.00114,datasets/liu2024_sciencedb/H1s-Excitation cross sections.csv,8f4345181b1149db8aeeef0b47d7352e46ecad4cdf98971b394f2bd232533724,,,RAW_CSV,28,2:2s,210.25,keV/u,,,NOT_EXPLICIT_IN_RAW_CSV;NO_FRAME_CONVERSION,NOT_EXPLICITLY_ASSIGNED,He2+,H(1s),H target center:2s,Target excitation cross sections,1.66E-17,UNRESOLVED_NOT_EXPLICIT_IN_RAW_METADATA,Liu2024 AOCC;3-basis mean in paperEq9;raw file no basis columns,,NO_UNCERTAINTY_COLUMN_IN_RAW_CSV,LITERATURE_SUPPORTED,ALL_LITERAL_NONBLANK_RAW_CSV_CELLS_AND_ASSOCIATED_ENERGY_COLUMNS_VERIFIED,BLOCKED_UNIT_AND_FRAME_SEMANTICS;G1_NOT_AUTHORIZED,NOT_RUN,NOT_RUN,NOT_RUN
D-LIU24-2,10.57760/sciencedb.j00113.00114,datasets/liu2024_sciencedb/H1s-Excitation cross sections.csv,8f4345181b1149db8aeeef0b47d7352e46ecad4cdf98971b394f2bd232533724,,,RAW_CSV,28,3:2p,210.25,keV/u,,,NOT_EXPLICIT_IN_RAW_CSV;NO_FRAME_CONVERSION,NOT_EXPLICITLY_ASSIGNED,He2+,H(1s),H target center:2p,Target excitation cross sections,1.77E-16,UNRESOLVED_NOT_EXPLICIT_IN_RAW_METADATA,Liu2024 AOCC;3-basis mean in paperEq9;raw file no basis columns,,NO_UNCERTAINTY_COLUMN_IN_RAW_CSV,LITERATURE_SUPPORTED,ALL_LITERAL_NONBLANK_RAW_CSV_CELLS_AND_ASSOCIATED_ENERGY_COLUMNS_VERIFIED,BLOCKED_UNIT_AND_FRAME_SEMANTICS;G1_NOT_AUTHORIZED,NOT_RUN,NOT_RUN,NOT_RUN
D-LIU24-2,10.57760/sciencedb.j00113.00114,datasets/liu2024_sciencedb/H1s-Excitation cross sections.csv,8f4345181b1149db8aeeef0b47d7352e46ecad4cdf98971b394f2bd232533724,,,RAW_CSV,28,4:3s,210.25,keV/u,,,NOT_EXPLICIT_IN_RAW_CSV;NO_FRAME_CONVERSION,NOT_EXPLICITLY_ASSIGNED,He2+,H(1s),H target center:3s,Target excitation cross sections,3.28E-18,UNRESOLVED_NOT_EXPLICIT_IN_RAW_METADATA,Liu2024 AOCC;3-basis mean in paperEq9;raw file no basis columns,,NO_UNCERTAINTY_COLUMN_IN_RAW_CSV,LITERATURE_SUPPORTED,ALL_LITERAL_NONBLANK_RAW_CSV_CELLS_AND_ASSOCIATED_ENERGY_COLUMNS_VERIFIED,BLOCKED_UNIT_AND_FRAME_SEMANTICS;G1_NOT_AUTHORIZED,NOT_RUN,NOT_RUN,NOT_RUN
D-LIU24-2,10.57760/sciencedb.j00113.00114,datasets/liu2024_sciencedb/H1s-Excitation cross sections.csv,8f4345181b1149db8aeeef0b47d7352e46ecad4cdf98971b394f2bd232533724,,,RAW_CSV,28,5:3p,210.25,keV/u,,,NOT_EXPLICIT_IN_RAW_CSV;NO_FRAME_CONVERSION,NOT_EXPLICITLY_ASSIGNED,He2+,H(1s),H target center:3p,Target excitation cross sections,2.93E-17,UNRESOLVED_NOT_EXPLICIT_IN_RAW_METADATA,Liu2024 AOCC;3-basis mean in paperEq9;raw file no basis columns,,NO_UNCERTAINTY_COLUMN_IN_RAW_CSV,LITERATURE_SUPPORTED,ALL_LITERAL_NONBLANK_RAW_CSV_CELLS_AND_ASSOCIATED_ENERGY_COLUMNS_VERIFIED,BLOCKED_UNIT_AND_FRAME_SEMANTICS;G1_NOT_AUTHORIZED,NOT_RUN,NOT_RUN,NOT_RUN
D-LIU24-2,10.57760/sciencedb.j00113.00114,datasets/liu2024_sciencedb/H1s-Excitation cross sections.csv,8f4345181b1149db8aeeef0b47d7352e46ecad4cdf98971b394f2bd232533724,,,RAW_CSV,28,6:3d,210.25,keV/u,,,NOT_EXPLICIT_IN_RAW_CSV;NO_FRAME_CONVERSION,NOT_EXPLICITLY_ASSIGNED,He2+,H(1s),H target center:3d,Target excitation cross sections,4.53E-18,UNRESOLVED_NOT_EXPLICIT_IN_RAW_METADATA,Liu2024 AOCC;3-basis mean in paperEq9;raw file no basis columns,,NO_UNCERTAINTY_COLUMN_IN_RAW_CSV,LITERATURE_SUPPORTED,ALL_LITERAL_NONBLANK_RAW_CSV_CELLS_AND_ASSOCIATED_ENERGY_COLUMNS_VERIFIED,BLOCKED_UNIT_AND_FRAME_SEMANTICS;G1_NOT_AUTHORIZED,NOT_RUN,NOT_RUN,NOT_RUN
D-LIU24-2,10.57760/sciencedb.j00113.00114,datasets/liu2024_sciencedb/H1s-Excitation cross sections.csv,8f4345181b1149db8aeeef0b47d7352e46ecad4cdf98971b394f2bd232533724,,,RAW_CSV,29,2:2s,225,keV/u,,,NOT_EXPLICIT_IN_RAW_CSV;NO_FRAME_CONVERSION,NOT_EXPLICITLY_ASSIGNED,He2+,H(1s),H target center:2s,Target excitation cross sections,1.58E-17,UNRESOLVED_NOT_EXPLICIT_IN_RAW_METADATA,Liu2024 AOCC;3-basis mean in paperEq9;raw file no basis columns,,NO_UNCERTAINTY_COLUMN_IN_RAW_CSV,LITERATURE_SUPPORTED,ALL_LITERAL_NONBLANK_RAW_CSV_CELLS_AND_ASSOCIATED_ENERGY_COLUMNS_VERIFIED,BLOCKED_UNIT_AND_FRAME_SEMANTICS;G1_NOT_AUTHORIZED,NOT_RUN,NOT_RUN,NOT_RUN
D-LIU24-2,10.57760/sciencedb.j00113.00114,datasets/liu2024_sciencedb/H1s-Excitation cross sections.csv,8f4345181b1149db8aeeef0b47d7352e46ecad4cdf98971b394f2bd232533724,,,RAW_CSV,29,3:2p,225,keV/u,,,NOT_EXPLICIT_IN_RAW_CSV;NO_FRAME_CONVERSION,NOT_EXPLICITLY_ASSIGNED,He2+,H(1s),H target center:2p,Target excitation cross sections,1.74E-16,UNRESOLVED_NOT_EXPLICIT_IN_RAW_METADATA,Liu2024 AOCC;3-basis mean in paperEq9;raw file no basis columns,,NO_UNCERTAINTY_COLUMN_IN_RAW_CSV,LITERATURE_SUPPORTED,ALL_LITERAL_NONBLANK_RAW_CSV_CELLS_AND_ASSOCIATED_ENERGY_COLUMNS_VERIFIED,BLOCKED_UNIT_AND_FRAME_SEMANTICS;G1_NOT_AUTHORIZED,NOT_RUN,NOT_RUN,NOT_RUN
D-LIU24-2,10.57760/sciencedb.j00113.00114,datasets/liu2024_sciencedb/H1s-Excitation cross sections.csv,8f4345181b1149db8aeeef0b47d7352e46ecad4cdf98971b394f2bd232533724,,,RAW_CSV,29,4:3s,225,keV/u,,,NOT_EXPLICIT_IN_RAW_CSV;NO_FRAME_CONVERSION,NOT_EXPLICITLY_ASSIGNED,He2+,H(1s),H target center:3s,Target excitation cross sections,3.10E-18,UNRESOLVED_NOT_EXPLICIT_IN_RAW_METADATA,Liu2024 AOCC;3-basis mean in paperEq9;raw file no basis columns,,NO_UNCERTAINTY_COLUMN_IN_RAW_CSV,LITERATURE_SUPPORTED,ALL_LITERAL_NONBLANK_RAW_CSV_CELLS_AND_ASSOCIATED_ENERGY_COLUMNS_VERIFIED,BLOCKED_UNIT_AND_FRAME_SEMANTICS;G1_NOT_AUTHORIZED,NOT_RUN,NOT_RUN,NOT_RUN
D-LIU24-2,10.57760/sciencedb.j00113.00114,datasets/liu2024_sciencedb/H1s-Excitation cross sections.csv,8f4345181b1149db8aeeef0b47d7352e46ecad4cdf98971b394f2bd232533724,,,RAW_CSV,29,5:3p,225,keV/u,,,NOT_EXPLICIT_IN_RAW_CSV;NO_FRAME_CONVERSION,NOT_EXPLICITLY_ASSIGNED,He2+,H(1s),H target center:3p,Target excitation cross sections,2.91E-17,UNRESOLVED_NOT_EXPLICIT_IN_RAW_METADATA,Liu2024 AOCC;3-basis mean in paperEq9;raw file no basis columns,,NO_UNCERTAINTY_COLUMN_IN_RAW_CSV,LITERATURE_SUPPORTED,ALL_LITERAL_NONBLANK_RAW_CSV_CELLS_AND_ASSOCIATED_ENERGY_COLUMNS_VERIFIED,BLOCKED_UNIT_AND_FRAME_SEMANTICS;G1_NOT_AUTHORIZED,NOT_RUN,NOT_RUN,NOT_RUN
D-LIU24-2,10.57760/sciencedb.j00113.00114,datasets/liu2024_sciencedb/H1s-Excitation cross sections.csv,8f4345181b1149db8aeeef0b47d7352e46ecad4cdf98971b394f2bd232533724,,,RAW_CSV,29,6:3d,225,keV/u,,,NOT_EXPLICIT_IN_RAW_CSV;NO_FRAME_CONVERSION,NOT_EXPLICITLY_ASSIGNED,He2+,H(1s),H target center:3d,Target excitation cross sections,4.25E-18,UNRESOLVED_NOT_EXPLICIT_IN_RAW_METADATA,Liu2024 AOCC;3-basis mean in paperEq9;raw file no basis columns,,NO_UNCERTAINTY_COLUMN_IN_RAW_CSV,LITERATURE_SUPPORTED,ALL_LITERAL_NONBLANK_RAW_CSV_CELLS_AND_ASSOCIATED_ENERGY_COLUMNS_VERIFIED,BLOCKED_UNIT_AND_FRAME_SEMANTICS;G1_NOT_AUTHORIZED,NOT_RUN,NOT_RUN,NOT_RUN
D-LIU24-3,10.57760/sciencedb.j00113.00114,datasets/liu2024_sciencedb/H2s-Capture cross sections.csv,353804f729209b6bbce1ce66c673164ed0bba73960036e328bd7eb748d10ae0b,,,RAW_CSV,2,2:tot capture,1,keV/u,,,NOT_EXPLICIT_IN_RAW_CSV;NO_FRAME_CONVERSION,NOT_EXPLICITLY_ASSIGNED,He2+,H(2s),He+ capture center:tot capture,Electron capture cross sections,1.32E-14,UNRESOLVED_NOT_EXPLICIT_IN_RAW_METADATA,Liu2024 AOCC;3-basis mean in paperEq9;raw file no basis columns,,NO_UNCERTAINTY_COLUMN_IN_RAW_CSV,LITERATURE_SUPPORTED,ALL_LITERAL_NONBLANK_RAW_CSV_CELLS_AND_ASSOCIATED_ENERGY_COLUMNS_VERIFIED,BLOCKED_UNIT_AND_FRAME_SEMANTICS;G1_NOT_AUTHORIZED,NOT_RUN,NOT_RUN,NOT_RUN
D-LIU24-3,10.57760/sciencedb.j00113.00114,datasets/liu2024_sciencedb/H2s-Capture cross sections.csv,353804f729209b6bbce1ce66c673164ed0bba73960036e328bd7eb748d10ae0b,,,RAW_CSV,2,3:3s,1,keV/u,,,NOT_EXPLICIT_IN_RAW_CSV;NO_FRAME_CONVERSION,NOT_EXPLICITLY_ASSIGNED,He2+,H(2s),He+ capture center:3s,Electron capture cross sections,1.34E-15,UNRESOLVED_NOT_EXPLICIT_IN_RAW_METADATA,Liu2024 AOCC;3-basis mean in paperEq9;raw file no basis columns,,NO_UNCERTAINTY_COLUMN_IN_RAW_CSV,LITERATURE_SUPPORTED,ALL_LITERAL_NONBLANK_RAW_CSV_CELLS_AND_ASSOCIATED_ENERGY_COLUMNS_VERIFIED,BLOCKED_UNIT_AND_FRAME_SEMANTICS;G1_NOT_AUTHORIZED,NOT_RUN,NOT_RUN,NOT_RUN
D-LIU24-3,10.57760/sciencedb.j00113.00114,datasets/liu2024_sciencedb/H2s-Capture cross sections.csv,353804f729209b6bbce1ce66c673164ed0bba73960036e328bd7eb748d10ae0b,,,RAW_CSV,2,4:3p,1,keV/u,,,NOT_EXPLICIT_IN_RAW_CSV;NO_FRAME_CONVERSION,NOT_EXPLICITLY_ASSIGNED,He2+,H(2s),He+ capture center:3p,Electron capture cross sections,2.30E-15,UNRESOLVED_NOT_EXPLICIT_IN_RAW_METADATA,Liu2024 AOCC;3-basis mean in paperEq9;raw file no basis columns,,NO_UNCERTAINTY_COLUMN_IN_RAW_CSV,LITERATURE_SUPPORTED,ALL_LITERAL_NONBLANK_RAW_CSV_CELLS_AND_ASSOCIATED_ENERGY_COLUMNS_VERIFIED,BLOCKED_UNIT_AND_FRAME_SEMANTICS;G1_NOT_AUTHORIZED,NOT_RUN,NOT_RUN,NOT_RUN
D-LIU24-3,10.57760/sciencedb.j00113.00114,datasets/liu2024_sciencedb/H2s-Capture cross sections.csv,353804f729209b6bbce1ce66c673164ed0bba73960036e328bd7eb748d10ae0b,,,RAW_CSV,2,5:3d,1,keV/u,,,NOT_EXPLICIT_IN_RAW_CSV;NO_FRAME_CONVERSION,NOT_EXPLICITLY_ASSIGNED,He2+,H(2s),He+ capture center:3d,Electron capture cross sections,2.66E-15,UNRESOLVED_NOT_EXPLICIT_IN_RAW_METADATA,Liu2024 AOCC;3-basis mean in paperEq9;raw file no basis columns,,NO_UNCERTAINTY_COLUMN_IN_RAW_CSV,LITERATURE_SUPPORTED,ALL_LITERAL_NONBLANK_RAW_CSV_CELLS_AND_ASSOCIATED_ENERGY_COLUMNS_VERIFIED,BLOCKED_UNIT_AND_FRAME_SEMANTICS;G1_NOT_AUTHORIZED,NOT_RUN,NOT_RUN,NOT_RUN
D-LIU24-3,10.57760/sciencedb.j00113.00114,datasets/liu2024_sciencedb/H2s-Capture cross sections.csv,353804f729209b6bbce1ce66c673164ed0bba73960036e328bd7eb748d10ae0b,,,RAW_CSV,2,6:4s,1,keV/u,,,NOT_EXPLICIT_IN_RAW_CSV;NO_FRAME_CONVERSION,NOT_EXPLICITLY_ASSIGNED,He2+,H(2s),He+ capture center:4s,Electron capture cross sections,3.55E-16,UNRESOLVED_NOT_EXPLICIT_IN_RAW_METADATA,Liu2024 AOCC;3-basis mean in paperEq9;raw file no basis columns,,NO_UNCERTAINTY_COLUMN_IN_RAW_CSV,LITERATURE_SUPPORTED,ALL_LITERAL_NONBLANK_RAW_CSV_CELLS_AND_ASSOCIATED_ENERGY_COLUMNS_VERIFIED,BLOCKED_UNIT_AND_FRAME_SEMANTICS;G1_NOT_AUTHORIZED,NOT_RUN,NOT_RUN,NOT_RUN
D-LIU24-3,10.57760/sciencedb.j00113.00114,datasets/liu2024_sciencedb/H2s-Capture cross sections.csv,353804f729209b6bbce1ce66c673164ed0bba73960036e328bd7eb748d10ae0b,,,RAW_CSV,2,7:4p,1,keV/u,,,NOT_EXPLICIT_IN_RAW_CSV;NO_FRAME_CONVERSION,NOT_EXPLICITLY_ASSIGNED,He2+,H(2s),He+ capture center:4p,Electron capture cross sections,1.03E-15,UNRESOLVED_NOT_EXPLICIT_IN_RAW_METADATA,Liu2024 AOCC;3-basis mean in paperEq9;raw file no basis columns,,NO_UNCERTAINTY_COLUMN_IN_RAW_CSV,LITERATURE_SUPPORTED,ALL_LITERAL_NONBLANK_RAW_CSV_CELLS_AND_ASSOCIATED_ENERGY_COLUMNS_VERIFIED,BLOCKED_UNIT_AND_FRAME_SEMANTICS;G1_NOT_AUTHORIZED,NOT_RUN,NOT_RUN,NOT_RUN
D-LIU24-3,10.57760/sciencedb.j00113.00114,datasets/liu2024_sciencedb/H2s-Capture cross sections.csv,353804f729209b6bbce1ce66c673164ed0bba73960036e328bd7eb748d10ae0b,,,RAW_CSV,2,8:4d,1,keV/u,,,NOT_EXPLICIT_IN_RAW_CSV;NO_FRAME_CONVERSION,NOT_EXPLICITLY_ASSIGNED,He2+,H(2s),He+ capture center:4d,Electron capture cross sections,1.86E-15,UNRESOLVED_NOT_EXPLICIT_IN_RAW_METADATA,Liu2024 AOCC;3-basis mean in paperEq9;raw file no basis columns,,NO_UNCERTAINTY_COLUMN_IN_RAW_CSV,LITERATURE_SUPPORTED,ALL_LITERAL_NONBLANK_RAW_CSV_CELLS_AND_ASSOCIATED_ENERGY_COLUMNS_VERIFIED,BLOCKED_UNIT_AND_FRAME_SEMANTICS;G1_NOT_AUTHORIZED,NOT_RUN,NOT_RUN,NOT_RUN
D-LIU24-3,10.57760/sciencedb.j00113.00114,datasets/liu2024_sciencedb/H2s-Capture cross sections.csv,353804f729209b6bbce1ce66c673164ed0bba73960036e328bd7eb748d10ae0b,,,RAW_CSV,2,9:4f,1,keV/u,,,NOT_EXPLICIT_IN_RAW_CSV;NO_FRAME_CONVERSION,NOT_EXPLICITLY_ASSIGNED,He2+,H(2s),He+ capture center:4f,Electron capture cross sections,1.47E-15,UNRESOLVED_NOT_EXPLICIT_IN_RAW_METADATA,Liu2024 AOCC;3-basis mean in paperEq9;raw file no basis columns,,NO_UNCERTAINTY_COLUMN_IN_RAW_CSV,LITERATURE_SUPPORTED,ALL_LITERAL_NONBLANK_RAW_CSV_CELLS_AND_ASSOCIATED_ENERGY_COLUMNS_VERIFIED,BLOCKED_UNIT_AND_FRAME_SEMANTICS;G1_NOT_AUTHORIZED,NOT_RUN,NOT_RUN,NOT_RUN
D-LIU24-3,10.57760/sciencedb.j00113.00114,datasets/liu2024_sciencedb/H2s-Capture cross sections.csv,353804f729209b6bbce1ce66c673164ed0bba73960036e328bd7eb748d10ae0b,,,RAW_CSV,3,2:tot capture,2.25,keV/u,,,NOT_EXPLICIT_IN_RAW_CSV;NO_FRAME_CONVERSION,NOT_EXPLICITLY_ASSIGNED,He2+,H(2s),He+ capture center:tot capture,Electron capture cross sections,1.44E-14,UNRESOLVED_NOT_EXPLICIT_IN_RAW_METADATA,Liu2024 AOCC;3-basis mean in paperEq9;raw file no basis columns,,NO_UNCERTAINTY_COLUMN_IN_RAW_CSV,LITERATURE_SUPPORTED,ALL_LITERAL_NONBLANK_RAW_CSV_CELLS_AND_ASSOCIATED_ENERGY_COLUMNS_VERIFIED,BLOCKED_UNIT_AND_FRAME_SEMANTICS;G1_NOT_AUTHORIZED,NOT_RUN,NOT_RUN,NOT_RUN
D-LIU24-3,10.57760/sciencedb.j00113.00114,datasets/liu2024_sciencedb/H2s-Capture cross sections.csv,353804f729209b6bbce1ce66c673164ed0bba73960036e328bd7eb748d10ae0b,,,RAW_CSV,3,3:3s,2.25,keV/u,,,NOT_EXPLICIT_IN_RAW_CSV;NO_FRAME_CONVERSION,NOT_EXPLICITLY_ASSIGNED,He2+,H(2s),He+ capture center:3s,Electron capture cross sections,7.69E-16,UNRESOLVED_NOT_EXPLICIT_IN_RAW_METADATA,Liu2024 AOCC;3-basis mean in paperEq9;raw file no basis columns,,NO_UNCERTAINTY_COLUMN_IN_RAW_CSV,LITERATURE_SUPPORTED,ALL_LITERAL_NONBLANK_RAW_CSV_CELLS_AND_ASSOCIATED_ENERGY_COLUMNS_VERIFIED,BLOCKED_UNIT_AND_FRAME_SEMANTICS;G1_NOT_AUTHORIZED,NOT_RUN,NOT_RUN,NOT_RUN
D-LIU24-3,10.57760/sciencedb.j00113.00114,datasets/liu2024_sciencedb/H2s-Capture cross sections.csv,353804f729209b6bbce1ce66c673164ed0bba73960036e328bd7eb748d10ae0b,,,RAW_CSV,3,4:3p,2.25,keV/u,,,NOT_EXPLICIT_IN_RAW_CSV;NO_FRAME_CONVERSION,NOT_EXPLICITLY_ASSIGNED,He2+,H(2s),He+ capture center:3p,Electron capture cross sections,2.81E-15,UNRESOLVED_NOT_EXPLICIT_IN_RAW_METADATA,Liu2024 AOCC;3-basis mean in paperEq9;raw file no basis columns,,NO_UNCERTAINTY_COLUMN_IN_RAW_CSV,LITERATURE_SUPPORTED,ALL_LITERAL_NONBLANK_RAW_CSV_CELLS_AND_ASSOCIATED_ENERGY_COLUMNS_VERIFIED,BLOCKED_UNIT_AND_FRAME_SEMANTICS;G1_NOT_AUTHORIZED,NOT_RUN,NOT_RUN,NOT_RUN
D-LIU24-3,10.57760/sciencedb.j00113.00114,datasets/liu2024_sciencedb/H2s-Capture cross sections.csv,353804f729209b6bbce1ce66c673164ed0bba73960036e328bd7eb748d10ae0b,,,RAW_CSV,3,5:3d,2.25,keV/u,,,NOT_EXPLICIT_IN_RAW_CSV;NO_FRAME_CONVERSION,NOT_EXPLICITLY_ASSIGNED,He2+,H(2s),He+ capture center:3d,Electron capture cross sections,2.94E-15,UNRESOLVED_NOT_EXPLICIT_IN_RAW_METADATA,Liu2024 AOCC;3-basis mean in paperEq9;raw file no basis columns,,NO_UNCERTAINTY_COLUMN_IN_RAW_CSV,LITERATURE_SUPPORTED,ALL_LITERAL_NONBLANK_RAW_CSV_CELLS_AND_ASSOCIATED_ENERGY_COLUMNS_VERIFIED,BLOCKED_UNIT_AND_FRAME_SEMANTICS;G1_NOT_AUTHORIZED,NOT_RUN,NOT_RUN,NOT_RUN
D-LIU24-3,10.57760/sciencedb.j00113.00114,datasets/liu2024_sciencedb/H2s-Capture cross sections.csv,353804f729209b6bbce1ce66c673164ed0bba73960036e328bd7eb748d10ae0b,,,RAW_CSV,3,6:4s,2.25,keV/u,,,NOT_EXPLICIT_IN_RAW_CSV;NO_FRAME_CONVERSION,NOT_EXPLICITLY_ASSIGNED,He2+,H(2s),He+ capture center:4s,Electron capture cross sections,5.21E-16,UNRESOLVED_NOT_EXPLICIT_IN_RAW_METADATA,Liu2024 AOCC;3-basis mean in paperEq9;raw file no basis columns,,NO_UNCERTAINTY_COLUMN_IN_RAW_CSV,LITERATURE_SUPPORTED,ALL_LITERAL_NONBLANK_RAW_CSV_CELLS_AND_ASSOCIATED_ENERGY_COLUMNS_VERIFIED,BLOCKED_UNIT_AND_FRAME_SEMANTICS;G1_NOT_AUTHORIZED,NOT_RUN,NOT_RUN,NOT_RUN
D-LIU24-3,10.57760/sciencedb.j00113.00114,datasets/liu2024_sciencedb/H2s-Capture cross sections.csv,353804f729209b6bbce1ce66c673164ed0bba73960036e328bd7eb748d10ae0b,,,RAW_CSV,3,7:4p,2.25,keV/u,,,NOT_EXPLICIT_IN_RAW_CSV;NO_FRAME_CONVERSION,NOT_EXPLICITLY_ASSIGNED,He2+,H(2s),He+ capture center:4p,Electron capture cross sections,1.35E-15,UNRESOLVED_NOT_EXPLICIT_IN_RAW_METADATA,Liu2024 AOCC;3-basis mean in paperEq9;raw file no basis columns,,NO_UNCERTAINTY_COLUMN_IN_RAW_CSV,LITERATURE_SUPPORTED,ALL_LITERAL_NONBLANK_RAW_CSV_CELLS_AND_ASSOCIATED_ENERGY_COLUMNS_VERIFIED,BLOCKED_UNIT_AND_FRAME_SEMANTICS;G1_NOT_AUTHORIZED,NOT_RUN,NOT_RUN,NOT_RUN
D-LIU24-3,10.57760/sciencedb.j00113.00114,datasets/liu2024_sciencedb/H2s-Capture cross sections.csv,353804f729209b6bbce1ce66c673164ed0bba73960036e328bd7eb748d10ae0b,,,RAW_CSV,3,8:4d,2.25,keV/u,,,NOT_EXPLICIT_IN_RAW_CSV;NO_FRAME_CONVERSION,NOT_EXPLICITLY_ASSIGNED,He2+,H(2s),He+ capture center:4d,Electron capture cross sections,2.04E-15,UNRESOLVED_NOT_EXPLICIT_IN_RAW_METADATA,Liu2024 AOCC;3-basis mean in paperEq9;raw file no basis columns,,NO_UNCERTAINTY_COLUMN_IN_RAW_CSV,LITERATURE_SUPPORTED,ALL_LITERAL_NONBLANK_RAW_CSV_CELLS_AND_ASSOCIATED_ENERGY_COLUMNS_VERIFIED,BLOCKED_UNIT_AND_FRAME_SEMANTICS;G1_NOT_AUTHORIZED,NOT_RUN,NOT_RUN,NOT_RUN
D-LIU24-3,10.57760/sciencedb.j00113.00114,datasets/liu2024_sciencedb/H2s-Capture cross sections.csv,353804f729209b6bbce1ce66c673164ed0bba73960036e328bd7eb748d10ae0b,,,RAW_CSV,3,9:4f,2.25,keV/u,,,NOT_EXPLICIT_IN_RAW_CSV;NO_FRAME_CONVERSION,NOT_EXPLICITLY_ASSIGNED,He2+,H(2s),He+ capture center:4f,Electron capture cross sections,2.28E-15,UNRESOLVED_NOT_EXPLICIT_IN_RAW_METADATA,Liu2024 AOCC;3-basis mean in paperEq9;raw file no basis columns,,NO_UNCERTAINTY_COLUMN_IN_RAW_CSV,LITERATURE_SUPPORTED,ALL_LITERAL_NONBLANK_RAW_CSV_CELLS_AND_ASSOCIATED_ENERGY_COLUMNS_VERIFIED,BLOCKED_UNIT_AND_FRAME_SEMANTICS;G1_NOT_AUTHORIZED,NOT_RUN,NOT_RUN,NOT_RUN
D-LIU24-3,10.57760/sciencedb.j00113.00114,datasets/liu2024_sciencedb/H2s-Capture cross sections.csv,353804f729209b6bbce1ce66c673164ed0bba73960036e328bd7eb748d10ae0b,,,RAW_CSV,4,2:tot capture,4,keV/u,,,NOT_EXPLICIT_IN_RAW_CSV;NO_FRAME_CONVERSION,NOT_EXPLICITLY_ASSIGNED,He2+,H(2s),He+ capture center:tot capture,Electron capture cross sections,1.49E-14,UNRESOLVED_NOT_EXPLICIT_IN_RAW_METADATA,Liu2024 AOCC;3-basis mean in paperEq9;raw file no basis columns,,NO_UNCERTAINTY_COLUMN_IN_RAW_CSV,LITERATURE_SUPPORTED,ALL_LITERAL_NONBLANK_RAW_CSV_CELLS_AND_ASSOCIATED_ENERGY_COLUMNS_VERIFIED,BLOCKED_UNIT_AND_FRAME_SEMANTICS;G1_NOT_AUTHORIZED,NOT_RUN,NOT_RUN,NOT_RUN
D-LIU24-3,10.57760/sciencedb.j00113.00114,datasets/liu2024_sciencedb/H2s-Capture cross sections.csv,353804f729209b6bbce1ce66c673164ed0bba73960036e328bd7eb748d10ae0b,,,RAW_CSV,4,3:3s,4,keV/u,,,NOT_EXPLICIT_IN_RAW_CSV;NO_FRAME_CONVERSION,NOT_EXPLICITLY_ASSIGNED,He2+,H(2s),He+ capture center:3s,Electron capture cross sections,4.30E-16,UNRESOLVED_NOT_EXPLICIT_IN_RAW_METADATA,Liu2024 AOCC;3-basis mean in paperEq9;raw file no basis columns,,NO_UNCERTAINTY_COLUMN_IN_RAW_CSV,LITERATURE_SUPPORTED,ALL_LITERAL_NONBLANK_RAW_CSV_CELLS_AND_ASSOCIATED_ENERGY_COLUMNS_VERIFIED,BLOCKED_UNIT_AND_FRAME_SEMANTICS;G1_NOT_AUTHORIZED,NOT_RUN,NOT_RUN,NOT_RUN
D-LIU24-3,10.57760/sciencedb.j00113.00114,datasets/liu2024_sciencedb/H2s-Capture cross sections.csv,353804f729209b6bbce1ce66c673164ed0bba73960036e328bd7eb748d10ae0b,,,RAW_CSV,4,4:3p,4,keV/u,,,NOT_EXPLICIT_IN_RAW_CSV;NO_FRAME_CONVERSION,NOT_EXPLICITLY_ASSIGNED,He2+,H(2s),He+ capture center:3p,Electron capture cross sections,1.60E-15,UNRESOLVED_NOT_EXPLICIT_IN_RAW_METADATA,Liu2024 AOCC;3-basis mean in paperEq9;raw file no basis columns,,NO_UNCERTAINTY_COLUMN_IN_RAW_CSV,LITERATURE_SUPPORTED,ALL_LITERAL_NONBLANK_RAW_CSV_CELLS_AND_ASSOCIATED_ENERGY_COLUMNS_VERIFIED,BLOCKED_UNIT_AND_FRAME_SEMANTICS;G1_NOT_AUTHORIZED,NOT_RUN,NOT_RUN,NOT_RUN
D-LIU24-3,10.57760/sciencedb.j00113.00114,datasets/liu2024_sciencedb/H2s-Capture cross sections.csv,353804f729209b6bbce1ce66c673164ed0bba73960036e328bd7eb748d10ae0b,,,RAW_CSV,4,5:3d,4,keV/u,,,NOT_EXPLICIT_IN_RAW_CSV;NO_FRAME_CONVERSION,NOT_EXPLICITLY_ASSIGNED,He2+,H(2s),He+ capture center:3d,Electron capture cross sections,2.69E-15,UNRESOLVED_NOT_EXPLICIT_IN_RAW_METADATA,Liu2024 AOCC;3-basis mean in paperEq9;raw file no basis columns,,NO_UNCERTAINTY_COLUMN_IN_RAW_CSV,LITERATURE_SUPPORTED,ALL_LITERAL_NONBLANK_RAW_CSV_CELLS_AND_ASSOCIATED_ENERGY_COLUMNS_VERIFIED,BLOCKED_UNIT_AND_FRAME_SEMANTICS;G1_NOT_AUTHORIZED,NOT_RUN,NOT_RUN,NOT_RUN
D-LIU24-3,10.57760/sciencedb.j00113.00114,datasets/liu2024_sciencedb/H2s-Capture cross sections.csv,353804f729209b6bbce1ce66c673164ed0bba73960036e328bd7eb748d10ae0b,,,RAW_CSV,4,6:4s,4,keV/u,,,NOT_EXPLICIT_IN_RAW_CSV;NO_FRAME_CONVERSION,NOT_EXPLICITLY_ASSIGNED,He2+,H(2s),He+ capture center:4s,Electron capture cross sections,4.83E-16,UNRESOLVED_NOT_EXPLICIT_IN_RAW_METADATA,Liu2024 AOCC;3-basis mean in paperEq9;raw file no basis columns,,NO_UNCERTAINTY_COLUMN_IN_RAW_CSV,LITERATURE_SUPPORTED,ALL_LITERAL_NONBLANK_RAW_CSV_CELLS_AND_ASSOCIATED_ENERGY_COLUMNS_VERIFIED,BLOCKED_UNIT_AND_FRAME_SEMANTICS;G1_NOT_AUTHORIZED,NOT_RUN,NOT_RUN,NOT_RUN
D-LIU24-3,10.57760/sciencedb.j00113.00114,datasets/liu2024_sciencedb/H2s-Capture cross sections.csv,353804f729209b6bbce1ce66c673164ed0bba73960036e328bd7eb748d10ae0b,,,RAW_CSV,4,7:4p,4,keV/u,,,NOT_EXPLICIT_IN_RAW_CSV;NO_FRAME_CONVERSION,NOT_EXPLICITLY_ASSIGNED,He2+,H(2s),He+ capture center:4p,Electron capture cross sections,1.39E-15,UNRESOLVED_NOT_EXPLICIT_IN_RAW_METADATA,Liu2024 AOCC;3-basis mean in paperEq9;raw file no basis columns,,NO_UNCERTAINTY_COLUMN_IN_RAW_CSV,LITERATURE_SUPPORTED,ALL_LITERAL_NONBLANK_RAW_CSV_CELLS_AND_ASSOCIATED_ENERGY_COLUMNS_VERIFIED,BLOCKED_UNIT_AND_FRAME_SEMANTICS;G1_NOT_AUTHORIZED,NOT_RUN,NOT_RUN,NOT_RUN
D-LIU24-3,10.57760/sciencedb.j00113.00114,datasets/liu2024_sciencedb/H2s-Capture cross sections.csv,353804f729209b6bbce1ce66c673164ed0bba73960036e328bd7eb748d10ae0b,,,RAW_CSV,4,8:4d,4,keV/u,,,NOT_EXPLICIT_IN_RAW_CSV;NO_FRAME_CONVERSION,NOT_EXPLICITLY_ASSIGNED,He2+,H(2s),He+ capture center:4d,Electron capture cross sections,2.24E-15,UNRESOLVED_NOT_EXPLICIT_IN_RAW_METADATA,Liu2024 AOCC;3-basis mean in paperEq9;raw file no basis columns,,NO_UNCERTAINTY_COLUMN_IN_RAW_CSV,LITERATURE_SUPPORTED,ALL_LITERAL_NONBLANK_RAW_CSV_CELLS_AND_ASSOCIATED_ENERGY_COLUMNS_VERIFIED,BLOCKED_UNIT_AND_FRAME_SEMANTICS;G1_NOT_AUTHORIZED,NOT_RUN,NOT_RUN,NOT_RUN
D-LIU24-3,10.57760/sciencedb.j00113.00114,datasets/liu2024_sciencedb/H2s-Capture cross sections.csv,353804f729209b6bbce1ce66c673164ed0bba73960036e328bd7eb748d10ae0b,,,RAW_CSV,4,9:4f,4,keV/u,,,NOT_EXPLICIT_IN_RAW_CSV;NO_FRAME_CONVERSION,NOT_EXPLICITLY_ASSIGNED,He2+,H(2s),He+ capture center:4f,Electron capture cross sections,2.67E-15,UNRESOLVED_NOT_EXPLICIT_IN_RAW_METADATA,Liu2024 AOCC;3-basis mean in paperEq9;raw file no basis columns,,NO_UNCERTAINTY_COLUMN_IN_RAW_CSV,LITERATURE_SUPPORTED,ALL_LITERAL_NONBLANK_RAW_CSV_CELLS_AND_ASSOCIATED_ENERGY_COLUMNS_VERIFIED,BLOCKED_UNIT_AND_FRAME_SEMANTICS;G1_NOT_AUTHORIZED,NOT_RUN,NOT_RUN,NOT_RUN
D-LIU24-3,10.57760/sciencedb.j00113.00114,datasets/liu2024_sciencedb/H2s-Capture cross sections.csv,353804f729209b6bbce1ce66c673164ed0bba73960036e328bd7eb748d10ae0b,,,RAW_CSV,5,2:tot capture,6.25,keV/u,,,NOT_EXPLICIT_IN_RAW_CSV;NO_FRAME_CONVERSION,NOT_EXPLICITLY_ASSIGNED,He2+,H(2s),He+ capture center:tot capture,Electron capture cross sections,1.29E-14,UNRESOLVED_NOT_EXPLICIT_IN_RAW_METADATA,Liu2024 AOCC;3-basis mean in paperEq9;raw file no basis columns,,NO_UNCERTAINTY_COLUMN_IN_RAW_CSV,LITERATURE_SUPPORTED,ALL_LITERAL_NONBLANK_RAW_CSV_CELLS_AND_ASSOCIATED_ENERGY_COLUMNS_VERIFIED,BLOCKED_UNIT_AND_FRAME_SEMANTICS;G1_NOT_AUTHORIZED,NOT_RUN,NOT_RUN,NOT_RUN
D-LIU24-3,10.57760/sciencedb.j00113.00114,datasets/liu2024_sciencedb/H2s-Capture cross sections.csv,353804f729209b6bbce1ce66c673164ed0bba73960036e328bd7eb748d10ae0b,,,RAW_CSV,5,3:3s,6.25,keV/u,,,NOT_EXPLICIT_IN_RAW_CSV;NO_FRAME_CONVERSION,NOT_EXPLICITLY_ASSIGNED,He2+,H(2s),He+ capture center:3s,Electron capture cross sections,2.82E-16,UNRESOLVED_NOT_EXPLICIT_IN_RAW_METADATA,Liu2024 AOCC;3-basis mean in paperEq9;raw file no basis columns,,NO_UNCERTAINTY_COLUMN_IN_RAW_CSV,LITERATURE_SUPPORTED,ALL_LITERAL_NONBLANK_RAW_CSV_CELLS_AND_ASSOCIATED_ENERGY_COLUMNS_VERIFIED,BLOCKED_UNIT_AND_FRAME_SEMANTICS;G1_NOT_AUTHORIZED,NOT_RUN,NOT_RUN,NOT_RUN
D-LIU24-3,10.57760/sciencedb.j00113.00114,datasets/liu2024_sciencedb/H2s-Capture cross sections.csv,353804f729209b6bbce1ce66c673164ed0bba73960036e328bd7eb748d10ae0b,,,RAW_CSV,5,4:3p,6.25,keV/u,,,NOT_EXPLICIT_IN_RAW_CSV;NO_FRAME_CONVERSION,NOT_EXPLICITLY_ASSIGNED,He2+,H(2s),He+ capture center:3p,Electron capture cross sections,1.16E-15,UNRESOLVED_NOT_EXPLICIT_IN_RAW_METADATA,Liu2024 AOCC;3-basis mean in paperEq9;raw file no basis columns,,NO_UNCERTAINTY_COLUMN_IN_RAW_CSV,LITERATURE_SUPPORTED,ALL_LITERAL_NONBLANK_RAW_CSV_CELLS_AND_ASSOCIATED_ENERGY_COLUMNS_VERIFIED,BLOCKED_UNIT_AND_FRAME_SEMANTICS;G1_NOT_AUTHORIZED,NOT_RUN,NOT_RUN,NOT_RUN
D-LIU24-3,10.57760/sciencedb.j00113.00114,datasets/liu2024_sciencedb/H2s-Capture cross sections.csv,353804f729209b6bbce1ce66c673164ed0bba73960036e328bd7eb748d10ae0b,,,RAW_CSV,5,5:3d,6.25,keV/u,,,NOT_EXPLICIT_IN_RAW_CSV;NO_FRAME_CONVERSION,NOT_EXPLICITLY_ASSIGNED,He2+,H(2s),He+ capture center:3d,Electron capture cross sections,2.28E-15,UNRESOLVED_NOT_EXPLICIT_IN_RAW_METADATA,Liu2024 AOCC;3-basis mean in paperEq9;raw file no basis columns,,NO_UNCERTAINTY_COLUMN_IN_RAW_CSV,LITERATURE_SUPPORTED,ALL_LITERAL_NONBLANK_RAW_CSV_CELLS_AND_ASSOCIATED_ENERGY_COLUMNS_VERIFIED,BLOCKED_UNIT_AND_FRAME_SEMANTICS;G1_NOT_AUTHORIZED,NOT_RUN,NOT_RUN,NOT_RUN
D-LIU24-3,10.57760/sciencedb.j00113.00114,datasets/liu2024_sciencedb/H2s-Capture cross sections.csv,353804f729209b6bbce1ce66c673164ed0bba73960036e328bd7eb748d10ae0b,,,RAW_CSV,5,6:4s,6.25,keV/u,,,NOT_EXPLICIT_IN_RAW_CSV;NO_FRAME_CONVERSION,NOT_EXPLICITLY_ASSIGNED,He2+,H(2s),He+ capture center:4s,Electron capture cross sections,2.59E-16,UNRESOLVED_NOT_EXPLICIT_IN_RAW_METADATA,Liu2024 AOCC;3-basis mean in paperEq9;raw file no basis columns,,NO_UNCERTAINTY_COLUMN_IN_RAW_CSV,LITERATURE_SUPPORTED,ALL_LITERAL_NONBLANK_RAW_CSV_CELLS_AND_ASSOCIATED_ENERGY_COLUMNS_VERIFIED,BLOCKED_UNIT_AND_FRAME_SEMANTICS;G1_NOT_AUTHORIZED,NOT_RUN,NOT_RUN,NOT_RUN
D-LIU24-3,10.57760/sciencedb.j00113.00114,datasets/liu2024_sciencedb/H2s-Capture cross sections.csv,353804f729209b6bbce1ce66c673164ed0bba73960036e328bd7eb748d10ae0b,,,RAW_CSV,5,7:4p,6.25,keV/u,,,NOT_EXPLICIT_IN_RAW_CSV;NO_FRAME_CONVERSION,NOT_EXPLICITLY_ASSIGNED,He2+,H(2s),He+ capture center:4p,Electron capture cross sections,7.60E-16,UNRESOLVED_NOT_EXPLICIT_IN_RAW_METADATA,Liu2024 AOCC;3-basis mean in paperEq9;raw file no basis columns,,NO_UNCERTAINTY_COLUMN_IN_RAW_CSV,LITERATURE_SUPPORTED,ALL_LITERAL_NONBLANK_RAW_CSV_CELLS_AND_ASSOCIATED_ENERGY_COLUMNS_VERIFIED,BLOCKED_UNIT_AND_FRAME_SEMANTICS;G1_NOT_AUTHORIZED,NOT_RUN,NOT_RUN,NOT_RUN
D-LIU24-3,10.57760/sciencedb.j00113.00114,datasets/liu2024_sciencedb/H2s-Capture cross sections.csv,353804f729209b6bbce1ce66c673164ed0bba73960036e328bd7eb748d10ae0b,,,RAW_CSV,5,8:4d,6.25,keV/u,,,NOT_EXPLICIT_IN_RAW_CSV;NO_FRAME_CONVERSION,NOT_EXPLICITLY_ASSIGNED,He2+,H(2s),He+ capture center:4d,Electron capture cross sections,1.47E-15,UNRESOLVED_NOT_EXPLICIT_IN_RAW_METADATA,Liu2024 AOCC;3-basis mean in paperEq9;raw file no basis columns,,NO_UNCERTAINTY_COLUMN_IN_RAW_CSV,LITERATURE_SUPPORTED,ALL_LITERAL_NONBLANK_RAW_CSV_CELLS_AND_ASSOCIATED_ENERGY_COLUMNS_VERIFIED,BLOCKED_UNIT_AND_FRAME_SEMANTICS;G1_NOT_AUTHORIZED,NOT_RUN,NOT_RUN,NOT_RUN
D-LIU24-3,10.57760/sciencedb.j00113.00114,datasets/liu2024_sciencedb/H2s-Capture cross sections.csv,353804f729209b6bbce1ce66c673164ed0bba73960036e328bd7eb748d10ae0b,,,RAW_CSV,5,9:4f,6.25,keV/u,,,NOT_EXPLICIT_IN_RAW_CSV;NO_FRAME_CONVERSION,NOT_EXPLICITLY_ASSIGNED,He2+,H(2s),He+ capture center:4f,Electron capture cross sections,1.64E-15,UNRESOLVED_NOT_EXPLICIT_IN_RAW_METADATA,Liu2024 AOCC;3-basis mean in paperEq9;raw file no basis columns,,NO_UNCERTAINTY_COLUMN_IN_RAW_CSV,LITERATURE_SUPPORTED,ALL_LITERAL_NONBLANK_RAW_CSV_CELLS_AND_ASSOCIATED_ENERGY_COLUMNS_VERIFIED,BLOCKED_UNIT_AND_FRAME_SEMANTICS;G1_NOT_AUTHORIZED,NOT_RUN,NOT_RUN,NOT_RUN
D-LIU24-3,10.57760/sciencedb.j00113.00114,datasets/liu2024_sciencedb/H2s-Capture cross sections.csv,353804f729209b6bbce1ce66c673164ed0bba73960036e328bd7eb748d10ae0b,,,RAW_CSV,6,2:tot capture,9,keV/u,,,NOT_EXPLICIT_IN_RAW_CSV;NO_FRAME_CONVERSION,NOT_EXPLICITLY_ASSIGNED,He2+,H(2s),He+ capture center:tot capture,Electron capture cross sections,8.98E-15,UNRESOLVED_NOT_EXPLICIT_IN_RAW_METADATA,Liu2024 AOCC;3-basis mean in paperEq9;raw file no basis columns,,NO_UNCERTAINTY_COLUMN_IN_RAW_CSV,LITERATURE_SUPPORTED,ALL_LITERAL_NONBLANK_RAW_CSV_CELLS_AND_ASSOCIATED_ENERGY_COLUMNS_VERIFIED,BLOCKED_UNIT_AND_FRAME_SEMANTICS;G1_NOT_AUTHORIZED,NOT_RUN,NOT_RUN,NOT_RUN
D-LIU24-3,10.57760/sciencedb.j00113.00114,datasets/liu2024_sciencedb/H2s-Capture cross sections.csv,353804f729209b6bbce1ce66c673164ed0bba73960036e328bd7eb748d10ae0b,,,RAW_CSV,6,3:3s,9,keV/u,,,NOT_EXPLICIT_IN_RAW_CSV;NO_FRAME_CONVERSION,NOT_EXPLICITLY_ASSIGNED,He2+,H(2s),He+ capture center:3s,Electron capture cross sections,1.87E-16,UNRESOLVED_NOT_EXPLICIT_IN_RAW_METADATA,Liu2024 AOCC;3-basis mean in paperEq9;raw file no basis columns,,NO_UNCERTAINTY_COLUMN_IN_RAW_CSV,LITERATURE_SUPPORTED,ALL_LITERAL_NONBLANK_RAW_CSV_CELLS_AND_ASSOCIATED_ENERGY_COLUMNS_VERIFIED,BLOCKED_UNIT_AND_FRAME_SEMANTICS;G1_NOT_AUTHORIZED,NOT_RUN,NOT_RUN,NOT_RUN
D-LIU24-3,10.57760/sciencedb.j00113.00114,datasets/liu2024_sciencedb/H2s-Capture cross sections.csv,353804f729209b6bbce1ce66c673164ed0bba73960036e328bd7eb748d10ae0b,,,RAW_CSV,6,4:3p,9,keV/u,,,NOT_EXPLICIT_IN_RAW_CSV;NO_FRAME_CONVERSION,NOT_EXPLICITLY_ASSIGNED,He2+,H(2s),He+ capture center:3p,Electron capture cross sections,7.30E-16,UNRESOLVED_NOT_EXPLICIT_IN_RAW_METADATA,Liu2024 AOCC;3-basis mean in paperEq9;raw file no basis columns,,NO_UNCERTAINTY_COLUMN_IN_RAW_CSV,LITERATURE_SUPPORTED,ALL_LITERAL_NONBLANK_RAW_CSV_CELLS_AND_ASSOCIATED_ENERGY_COLUMNS_VERIFIED,BLOCKED_UNIT_AND_FRAME_SEMANTICS;G1_NOT_AUTHORIZED,NOT_RUN,NOT_RUN,NOT_RUN
D-LIU24-3,10.57760/sciencedb.j00113.00114,datasets/liu2024_sciencedb/H2s-Capture cross sections.csv,353804f729209b6bbce1ce66c673164ed0bba73960036e328bd7eb748d10ae0b,,,RAW_CSV,6,5:3d,9,keV/u,,,NOT_EXPLICIT_IN_RAW_CSV;NO_FRAME_CONVERSION,NOT_EXPLICITLY_ASSIGNED,He2+,H(2s),He+ capture center:3d,Electron capture cross sections,1.85E-15,UNRESOLVED_NOT_EXPLICIT_IN_RAW_METADATA,Liu2024 AOCC;3-basis mean in paperEq9;raw file no basis columns,,NO_UNCERTAINTY_COLUMN_IN_RAW_CSV,LITERATURE_SUPPORTED,ALL_LITERAL_NONBLANK_RAW_CSV_CELLS_AND_ASSOCIATED_ENERGY_COLUMNS_VERIFIED,BLOCKED_UNIT_AND_FRAME_SEMANTICS;G1_NOT_AUTHORIZED,NOT_RUN,NOT_RUN,NOT_RUN
D-LIU24-3,10.57760/sciencedb.j00113.00114,datasets/liu2024_sciencedb/H2s-Capture cross sections.csv,353804f729209b6bbce1ce66c673164ed0bba73960036e328bd7eb748d10ae0b,,,RAW_CSV,6,6:4s,9,keV/u,,,NOT_EXPLICIT_IN_RAW_CSV;NO_FRAME_CONVERSION,NOT_EXPLICITLY_ASSIGNED,He2+,H(2s),He+ capture center:4s,Electron capture cross sections,1.57E-16,UNRESOLVED_NOT_EXPLICIT_IN_RAW_METADATA,Liu2024 AOCC;3-basis mean in paperEq9;raw file no basis columns,,NO_UNCERTAINTY_COLUMN_IN_RAW_CSV,LITERATURE_SUPPORTED,ALL_LITERAL_NONBLANK_RAW_CSV_CELLS_AND_ASSOCIATED_ENERGY_COLUMNS_VERIFIED,BLOCKED_UNIT_AND_FRAME_SEMANTICS;G1_NOT_AUTHORIZED,NOT_RUN,NOT_RUN,NOT_RUN
D-LIU24-3,10.57760/sciencedb.j00113.00114,datasets/liu2024_sciencedb/H2s-Capture cross sections.csv,353804f729209b6bbce1ce66c673164ed0bba73960036e328bd7eb748d10ae0b,,,RAW_CSV,6,7:4p,9,keV/u,,,NOT_EXPLICIT_IN_RAW_CSV;NO_FRAME_CONVERSION,NOT_EXPLICITLY_ASSIGNED,He2+,H(2s),He+ capture center:4p,Electron capture cross sections,4.71E-16,UNRESOLVED_NOT_EXPLICIT_IN_RAW_METADATA,Liu2024 AOCC;3-basis mean in paperEq9;raw file no basis columns,,NO_UNCERTAINTY_COLUMN_IN_RAW_CSV,LITERATURE_SUPPORTED,ALL_LITERAL_NONBLANK_RAW_CSV_CELLS_AND_ASSOCIATED_ENERGY_COLUMNS_VERIFIED,BLOCKED_UNIT_AND_FRAME_SEMANTICS;G1_NOT_AUTHORIZED,NOT_RUN,NOT_RUN,NOT_RUN
D-LIU24-3,10.57760/sciencedb.j00113.00114,datasets/liu2024_sciencedb/H2s-Capture cross sections.csv,353804f729209b6bbce1ce66c673164ed0bba73960036e328bd7eb748d10ae0b,,,RAW_CSV,6,8:4d,9,keV/u,,,NOT_EXPLICIT_IN_RAW_CSV;NO_FRAME_CONVERSION,NOT_EXPLICITLY_ASSIGNED,He2+,H(2s),He+ capture center:4d,Electron capture cross sections,6.50E-16,UNRESOLVED_NOT_EXPLICIT_IN_RAW_METADATA,Liu2024 AOCC;3-basis mean in paperEq9;raw file no basis columns,,NO_UNCERTAINTY_COLUMN_IN_RAW_CSV,LITERATURE_SUPPORTED,ALL_LITERAL_NONBLANK_RAW_CSV_CELLS_AND_ASSOCIATED_ENERGY_COLUMNS_VERIFIED,BLOCKED_UNIT_AND_FRAME_SEMANTICS;G1_NOT_AUTHORIZED,NOT_RUN,NOT_RUN,NOT_RUN
D-LIU24-3,10.57760/sciencedb.j00113.00114,datasets/liu2024_sciencedb/H2s-Capture cross sections.csv,353804f729209b6bbce1ce66c673164ed0bba73960036e328bd7eb748d10ae0b,,,RAW_CSV,6,9:4f,9,keV/u,,,NOT_EXPLICIT_IN_RAW_CSV;NO_FRAME_CONVERSION,NOT_EXPLICITLY_ASSIGNED,He2+,H(2s),He+ capture center:4f,Electron capture cross sections,4.95E-16,UNRESOLVED_NOT_EXPLICIT_IN_RAW_METADATA,Liu2024 AOCC;3-basis mean in paperEq9;raw file no basis columns,,NO_UNCERTAINTY_COLUMN_IN_RAW_CSV,LITERATURE_SUPPORTED,ALL_LITERAL_NONBLANK_RAW_CSV_CELLS_AND_ASSOCIATED_ENERGY_COLUMNS_VERIFIED,BLOCKED_UNIT_AND_FRAME_SEMANTICS;G1_NOT_AUTHORIZED,NOT_RUN,NOT_RUN,NOT_RUN
D-LIU24-3,10.57760/sciencedb.j00113.00114,datasets/liu2024_sciencedb/H2s-Capture cross sections.csv,353804f729209b6bbce1ce66c673164ed0bba73960036e328bd7eb748d10ae0b,,,RAW_CSV,7,2:tot capture,12.25,keV/u,,,NOT_EXPLICIT_IN_RAW_CSV;NO_FRAME_CONVERSION,NOT_EXPLICITLY_ASSIGNED,He2+,H(2s),He+ capture center:tot capture,Electron capture cross sections,5.57E-15,UNRESOLVED_NOT_EXPLICIT_IN_RAW_METADATA,Liu2024 AOCC;3-basis mean in paperEq9;raw file no basis columns,,NO_UNCERTAINTY_COLUMN_IN_RAW_CSV,LITERATURE_SUPPORTED,ALL_LITERAL_NONBLANK_RAW_CSV_CELLS_AND_ASSOCIATED_ENERGY_COLUMNS_VERIFIED,BLOCKED_UNIT_AND_FRAME_SEMANTICS;G1_NOT_AUTHORIZED,NOT_RUN,NOT_RUN,NOT_RUN
D-LIU24-3,10.57760/sciencedb.j00113.00114,datasets/liu2024_sciencedb/H2s-Capture cross sections.csv,353804f729209b6bbce1ce66c673164ed0bba73960036e328bd7eb748d10ae0b,,,RAW_CSV,7,3:3s,12.25,keV/u,,,NOT_EXPLICIT_IN_RAW_CSV;NO_FRAME_CONVERSION,NOT_EXPLICITLY_ASSIGNED,He2+,H(2s),He+ capture center:3s,Electron capture cross sections,1.26E-16,UNRESOLVED_NOT_EXPLICIT_IN_RAW_METADATA,Liu2024 AOCC;3-basis mean in paperEq9;raw file no basis columns,,NO_UNCERTAINTY_COLUMN_IN_RAW_CSV,LITERATURE_SUPPORTED,ALL_LITERAL_NONBLANK_RAW_CSV_CELLS_AND_ASSOCIATED_ENERGY_COLUMNS_VERIFIED,BLOCKED_UNIT_AND_FRAME_SEMANTICS;G1_NOT_AUTHORIZED,NOT_RUN,NOT_RUN,NOT_RUN
D-LIU24-3,10.57760/sciencedb.j00113.00114,datasets/liu2024_sciencedb/H2s-Capture cross sections.csv,353804f729209b6bbce1ce66c673164ed0bba73960036e328bd7eb748d10ae0b,,,RAW_CSV,7,4:3p,12.25,keV/u,,,NOT_EXPLICIT_IN_RAW_CSV;NO_FRAME_CONVERSION,NOT_EXPLICITLY_ASSIGNED,He2+,H(2s),He+ capture center:3p,Electron capture cross sections,4.05E-16,UNRESOLVED_NOT_EXPLICIT_IN_RAW_METADATA,Liu2024 AOCC;3-basis mean in paperEq9;raw file no basis columns,,NO_UNCERTAINTY_COLUMN_IN_RAW_CSV,LITERATURE_SUPPORTED,ALL_LITERAL_NONBLANK_RAW_CSV_CELLS_AND_ASSOCIATED_ENERGY_COLUMNS_VERIFIED,BLOCKED_UNIT_AND_FRAME_SEMANTICS;G1_NOT_AUTHORIZED,NOT_RUN,NOT_RUN,NOT_RUN
D-LIU24-3,10.57760/sciencedb.j00113.00114,datasets/liu2024_sciencedb/H2s-Capture cross sections.csv,353804f729209b6bbce1ce66c673164ed0bba73960036e328bd7eb748d10ae0b,,,RAW_CSV,7,5:3d,12.25,keV/u,,,NOT_EXPLICIT_IN_RAW_CSV;NO_FRAME_CONVERSION,NOT_EXPLICITLY_ASSIGNED,He2+,H(2s),He+ capture center:3d,Electron capture cross sections,1.31E-15,UNRESOLVED_NOT_EXPLICIT_IN_RAW_METADATA,Liu2024 AOCC;3-basis mean in paperEq9;raw file no basis columns,,NO_UNCERTAINTY_COLUMN_IN_RAW_CSV,LITERATURE_SUPPORTED,ALL_LITERAL_NONBLANK_RAW_CSV_CELLS_AND_ASSOCIATED_ENERGY_COLUMNS_VERIFIED,BLOCKED_UNIT_AND_FRAME_SEMANTICS;G1_NOT_AUTHORIZED,NOT_RUN,NOT_RUN,NOT_RUN
D-LIU24-3,10.57760/sciencedb.j00113.00114,datasets/liu2024_sciencedb/H2s-Capture cross sections.csv,353804f729209b6bbce1ce66c673164ed0bba73960036e328bd7eb748d10ae0b,,,RAW_CSV,7,6:4s,12.25,keV/u,,,NOT_EXPLICIT_IN_RAW_CSV;NO_FRAME_CONVERSION,NOT_EXPLICITLY_ASSIGNED,He2+,H(2s),He+ capture center:4s,Electron capture cross sections,1.08E-16,UNRESOLVED_NOT_EXPLICIT_IN_RAW_METADATA,Liu2024 AOCC;3-basis mean in paperEq9;raw file no basis columns,,NO_UNCERTAINTY_COLUMN_IN_RAW_CSV,LITERATURE_SUPPORTED,ALL_LITERAL_NONBLANK_RAW_CSV_CELLS_AND_ASSOCIATED_ENERGY_COLUMNS_VERIFIED,BLOCKED_UNIT_AND_FRAME_SEMANTICS;G1_NOT_AUTHORIZED,NOT_RUN,NOT_RUN,NOT_RUN
D-LIU24-3,10.57760/sciencedb.j00113.00114,datasets/liu2024_sciencedb/H2s-Capture cross sections.csv,353804f729209b6bbce1ce66c673164ed0bba73960036e328bd7eb748d10ae0b,,,RAW_CSV,7,7:4p,12.25,keV/u,,,NOT_EXPLICIT_IN_RAW_CSV;NO_FRAME_CONVERSION,NOT_EXPLICITLY_ASSIGNED,He2+,H(2s),He+ capture center:4p,Electron capture cross sections,3.04E-16,UNRESOLVED_NOT_EXPLICIT_IN_RAW_METADATA,Liu2024 AOCC;3-basis mean in paperEq9;raw file no basis columns,,NO_UNCERTAINTY_COLUMN_IN_RAW_CSV,LITERATURE_SUPPORTED,ALL_LITERAL_NONBLANK_RAW_CSV_CELLS_AND_ASSOCIATED_ENERGY_COLUMNS_VERIFIED,BLOCKED_UNIT_AND_FRAME_SEMANTICS;G1_NOT_AUTHORIZED,NOT_RUN,NOT_RUN,NOT_RUN
D-LIU24-3,10.57760/sciencedb.j00113.00114,datasets/liu2024_sciencedb/H2s-Capture cross sections.csv,353804f729209b6bbce1ce66c673164ed0bba73960036e328bd7eb748d10ae0b,,,RAW_CSV,7,8:4d,12.25,keV/u,,,NOT_EXPLICIT_IN_RAW_CSV;NO_FRAME_CONVERSION,NOT_EXPLICITLY_ASSIGNED,He2+,H(2s),He+ capture center:4d,Electron capture cross sections,3.23E-16,UNRESOLVED_NOT_EXPLICIT_IN_RAW_METADATA,Liu2024 AOCC;3-basis mean in paperEq9;raw file no basis columns,,NO_UNCERTAINTY_COLUMN_IN_RAW_CSV,LITERATURE_SUPPORTED,ALL_LITERAL_NONBLANK_RAW_CSV_CELLS_AND_ASSOCIATED_ENERGY_COLUMNS_VERIFIED,BLOCKED_UNIT_AND_FRAME_SEMANTICS;G1_NOT_AUTHORIZED,NOT_RUN,NOT_RUN,NOT_RUN
D-LIU24-3,10.57760/sciencedb.j00113.00114,datasets/liu2024_sciencedb/H2s-Capture cross sections.csv,353804f729209b6bbce1ce66c673164ed0bba73960036e328bd7eb748d10ae0b,,,RAW_CSV,7,9:4f,12.25,keV/u,,,NOT_EXPLICIT_IN_RAW_CSV;NO_FRAME_CONVERSION,NOT_EXPLICITLY_ASSIGNED,He2+,H(2s),He+ capture center:4f,Electron capture cross sections,1.36E-16,UNRESOLVED_NOT_EXPLICIT_IN_RAW_METADATA,Liu2024 AOCC;3-basis mean in paperEq9;raw file no basis columns,,NO_UNCERTAINTY_COLUMN_IN_RAW_CSV,LITERATURE_SUPPORTED,ALL_LITERAL_NONBLANK_RAW_CSV_CELLS_AND_ASSOCIATED_ENERGY_COLUMNS_VERIFIED,BLOCKED_UNIT_AND_FRAME_SEMANTICS;G1_NOT_AUTHORIZED,NOT_RUN,NOT_RUN,NOT_RUN
D-LIU24-3,10.57760/sciencedb.j00113.00114,datasets/liu2024_sciencedb/H2s-Capture cross sections.csv,353804f729209b6bbce1ce66c673164ed0bba73960036e328bd7eb748d10ae0b,,,RAW_CSV,8,2:tot capture,16,keV/u,,,NOT_EXPLICIT_IN_RAW_CSV;NO_FRAME_CONVERSION,NOT_EXPLICITLY_ASSIGNED,He2+,H(2s),He+ capture center:tot capture,Electron capture cross sections,3.14E-15,UNRESOLVED_NOT_EXPLICIT_IN_RAW_METADATA,Liu2024 AOCC;3-basis mean in paperEq9;raw file no basis columns,,NO_UNCERTAINTY_COLUMN_IN_RAW_CSV,LITERATURE_SUPPORTED,ALL_LITERAL_NONBLANK_RAW_CSV_CELLS_AND_ASSOCIATED_ENERGY_COLUMNS_VERIFIED,BLOCKED_UNIT_AND_FRAME_SEMANTICS;G1_NOT_AUTHORIZED,NOT_RUN,NOT_RUN,NOT_RUN
D-LIU24-3,10.57760/sciencedb.j00113.00114,datasets/liu2024_sciencedb/H2s-Capture cross sections.csv,353804f729209b6bbce1ce66c673164ed0bba73960036e328bd7eb748d10ae0b,,,RAW_CSV,8,3:3s,16,keV/u,,,NOT_EXPLICIT_IN_RAW_CSV;NO_FRAME_CONVERSION,NOT_EXPLICITLY_ASSIGNED,He2+,H(2s),He+ capture center:3s,Electron capture cross sections,7.73E-17,UNRESOLVED_NOT_EXPLICIT_IN_RAW_METADATA,Liu2024 AOCC;3-basis mean in paperEq9;raw file no basis columns,,NO_UNCERTAINTY_COLUMN_IN_RAW_CSV,LITERATURE_SUPPORTED,ALL_LITERAL_NONBLANK_RAW_CSV_CELLS_AND_ASSOCIATED_ENERGY_COLUMNS_VERIFIED,BLOCKED_UNIT_AND_FRAME_SEMANTICS;G1_NOT_AUTHORIZED,NOT_RUN,NOT_RUN,NOT_RUN
D-LIU24-3,10.57760/sciencedb.j00113.00114,datasets/liu2024_sciencedb/H2s-Capture cross sections.csv,353804f729209b6bbce1ce66c673164ed0bba73960036e328bd7eb748d10ae0b,,,RAW_CSV,8,4:3p,16,keV/u,,,NOT_EXPLICIT_IN_RAW_CSV;NO_FRAME_CONVERSION,NOT_EXPLICITLY_ASSIGNED,He2+,H(2s),He+ capture center:3p,Electron capture cross sections,2.26E-16,UNRESOLVED_NOT_EXPLICIT_IN_RAW_METADATA,Liu2024 AOCC;3-basis mean in paperEq9;raw file no basis columns,,NO_UNCERTAINTY_COLUMN_IN_RAW_CSV,LITERATURE_SUPPORTED,ALL_LITERAL_NONBLANK_RAW_CSV_CELLS_AND_ASSOCIATED_ENERGY_COLUMNS_VERIFIED,BLOCKED_UNIT_AND_FRAME_SEMANTICS;G1_NOT_AUTHORIZED,NOT_RUN,NOT_RUN,NOT_RUN
D-LIU24-3,10.57760/sciencedb.j00113.00114,datasets/liu2024_sciencedb/H2s-Capture cross sections.csv,353804f729209b6bbce1ce66c673164ed0bba73960036e328bd7eb748d10ae0b,,,RAW_CSV,8,5:3d,16,keV/u,,,NOT_EXPLICIT_IN_RAW_CSV;NO_FRAME_CONVERSION,NOT_EXPLICITLY_ASSIGNED,He2+,H(2s),He+ capture center:3d,Electron capture cross sections,7.97E-16,UNRESOLVED_NOT_EXPLICIT_IN_RAW_METADATA,Liu2024 AOCC;3-basis mean in paperEq9;raw file no basis columns,,NO_UNCERTAINTY_COLUMN_IN_RAW_CSV,LITERATURE_SUPPORTED,ALL_LITERAL_NONBLANK_RAW_CSV_CELLS_AND_ASSOCIATED_ENERGY_COLUMNS_VERIFIED,BLOCKED_UNIT_AND_FRAME_SEMANTICS;G1_NOT_AUTHORIZED,NOT_RUN,NOT_RUN,NOT_RUN
D-LIU24-3,10.57760/sciencedb.j00113.00114,datasets/liu2024_sciencedb/H2s-Capture cross sections.csv,353804f729209b6bbce1ce66c673164ed0bba73960036e328bd7eb748d10ae0b,,,RAW_CSV,8,6:4s,16,keV/u,,,NOT_EXPLICIT_IN_RAW_CSV;NO_FRAME_CONVERSION,NOT_EXPLICITLY_ASSIGNED,He2+,H(2s),He+ capture center:4s,Electron capture cross sections,6.64E-17,UNRESOLVED_NOT_EXPLICIT_IN_RAW_METADATA,Liu2024 AOCC;3-basis mean in paperEq9;raw file no basis columns,,NO_UNCERTAINTY_COLUMN_IN_RAW_CSV,LITERATURE_SUPPORTED,ALL_LITERAL_NONBLANK_RAW_CSV_CELLS_AND_ASSOCIATED_ENERGY_COLUMNS_VERIFIED,BLOCKED_UNIT_AND_FRAME_SEMANTICS;G1_NOT_AUTHORIZED,NOT_RUN,NOT_RUN,NOT_RUN
D-LIU24-3,10.57760/sciencedb.j00113.00114,datasets/liu2024_sciencedb/H2s-Capture cross sections.csv,353804f729209b6bbce1ce66c673164ed0bba73960036e328bd7eb748d10ae0b,,,RAW_CSV,8,7:4p,16,keV/u,,,NOT_EXPLICIT_IN_RAW_CSV;NO_FRAME_CONVERSION,NOT_EXPLICITLY_ASSIGNED,He2+,H(2s),He+ capture center:4p,Electron capture cross sections,1.77E-16,UNRESOLVED_NOT_EXPLICIT_IN_RAW_METADATA,Liu2024 AOCC;3-basis mean in paperEq9;raw file no basis columns,,NO_UNCERTAINTY_COLUMN_IN_RAW_CSV,LITERATURE_SUPPORTED,ALL_LITERAL_NONBLANK_RAW_CSV_CELLS_AND_ASSOCIATED_ENERGY_COLUMNS_VERIFIED,BLOCKED_UNIT_AND_FRAME_SEMANTICS;G1_NOT_AUTHORIZED,NOT_RUN,NOT_RUN,NOT_RUN
D-LIU24-3,10.57760/sciencedb.j00113.00114,datasets/liu2024_sciencedb/H2s-Capture cross sections.csv,353804f729209b6bbce1ce66c673164ed0bba73960036e328bd7eb748d10ae0b,,,RAW_CSV,8,8:4d,16,keV/u,,,NOT_EXPLICIT_IN_RAW_CSV;NO_FRAME_CONVERSION,NOT_EXPLICITLY_ASSIGNED,He2+,H(2s),He+ capture center:4d,Electron capture cross sections,1.93E-16,UNRESOLVED_NOT_EXPLICIT_IN_RAW_METADATA,Liu2024 AOCC;3-basis mean in paperEq9;raw file no basis columns,,NO_UNCERTAINTY_COLUMN_IN_RAW_CSV,LITERATURE_SUPPORTED,ALL_LITERAL_NONBLANK_RAW_CSV_CELLS_AND_ASSOCIATED_ENERGY_COLUMNS_VERIFIED,BLOCKED_UNIT_AND_FRAME_SEMANTICS;G1_NOT_AUTHORIZED,NOT_RUN,NOT_RUN,NOT_RUN
D-LIU24-3,10.57760/sciencedb.j00113.00114,datasets/liu2024_sciencedb/H2s-Capture cross sections.csv,353804f729209b6bbce1ce66c673164ed0bba73960036e328bd7eb748d10ae0b,,,RAW_CSV,8,9:4f,16,keV/u,,,NOT_EXPLICIT_IN_RAW_CSV;NO_FRAME_CONVERSION,NOT_EXPLICITLY_ASSIGNED,He2+,H(2s),He+ capture center:4f,Electron capture cross sections,8.25E-17,UNRESOLVED_NOT_EXPLICIT_IN_RAW_METADATA,Liu2024 AOCC;3-basis mean in paperEq9;raw file no basis columns,,NO_UNCERTAINTY_COLUMN_IN_RAW_CSV,LITERATURE_SUPPORTED,ALL_LITERAL_NONBLANK_RAW_CSV_CELLS_AND_ASSOCIATED_ENERGY_COLUMNS_VERIFIED,BLOCKED_UNIT_AND_FRAME_SEMANTICS;G1_NOT_AUTHORIZED,NOT_RUN,NOT_RUN,NOT_RUN
D-LIU24-3,10.57760/sciencedb.j00113.00114,datasets/liu2024_sciencedb/H2s-Capture cross sections.csv,353804f729209b6bbce1ce66c673164ed0bba73960036e328bd7eb748d10ae0b,,,RAW_CSV,9,2:tot capture,20.25,keV/u,,,NOT_EXPLICIT_IN_RAW_CSV;NO_FRAME_CONVERSION,NOT_EXPLICITLY_ASSIGNED,He2+,H(2s),He+ capture center:tot capture,Electron capture cross sections,1.92E-15,UNRESOLVED_NOT_EXPLICIT_IN_RAW_METADATA,Liu2024 AOCC;3-basis mean in paperEq9;raw file no basis columns,,NO_UNCERTAINTY_COLUMN_IN_RAW_CSV,LITERATURE_SUPPORTED,ALL_LITERAL_NONBLANK_RAW_CSV_CELLS_AND_ASSOCIATED_ENERGY_COLUMNS_VERIFIED,BLOCKED_UNIT_AND_FRAME_SEMANTICS;G1_NOT_AUTHORIZED,NOT_RUN,NOT_RUN,NOT_RUN
D-LIU24-3,10.57760/sciencedb.j00113.00114,datasets/liu2024_sciencedb/H2s-Capture cross sections.csv,353804f729209b6bbce1ce66c673164ed0bba73960036e328bd7eb748d10ae0b,,,RAW_CSV,9,3:3s,20.25,keV/u,,,NOT_EXPLICIT_IN_RAW_CSV;NO_FRAME_CONVERSION,NOT_EXPLICITLY_ASSIGNED,He2+,H(2s),He+ capture center:3s,Electron capture cross sections,4.48E-17,UNRESOLVED_NOT_EXPLICIT_IN_RAW_METADATA,Liu2024 AOCC;3-basis mean in paperEq9;raw file no basis columns,,NO_UNCERTAINTY_COLUMN_IN_RAW_CSV,LITERATURE_SUPPORTED,ALL_LITERAL_NONBLANK_RAW_CSV_CELLS_AND_ASSOCIATED_ENERGY_COLUMNS_VERIFIED,BLOCKED_UNIT_AND_FRAME_SEMANTICS;G1_NOT_AUTHORIZED,NOT_RUN,NOT_RUN,NOT_RUN
D-LIU24-3,10.57760/sciencedb.j00113.00114,datasets/liu2024_sciencedb/H2s-Capture cross sections.csv,353804f729209b6bbce1ce66c673164ed0bba73960036e328bd7eb748d10ae0b,,,RAW_CSV,9,4:3p,20.25,keV/u,,,NOT_EXPLICIT_IN_RAW_CSV;NO_FRAME_CONVERSION,NOT_EXPLICITLY_ASSIGNED,He2+,H(2s),He+ capture center:3p,Electron capture cross sections,1.36E-16,UNRESOLVED_NOT_EXPLICIT_IN_RAW_METADATA,Liu2024 AOCC;3-basis mean in paperEq9;raw file no basis columns,,NO_UNCERTAINTY_COLUMN_IN_RAW_CSV,LITERATURE_SUPPORTED,ALL_LITERAL_NONBLANK_RAW_CSV_CELLS_AND_ASSOCIATED_ENERGY_COLUMNS_VERIFIED,BLOCKED_UNIT_AND_FRAME_SEMANTICS;G1_NOT_AUTHORIZED,NOT_RUN,NOT_RUN,NOT_RUN
D-LIU24-3,10.57760/sciencedb.j00113.00114,datasets/liu2024_sciencedb/H2s-Capture cross sections.csv,353804f729209b6bbce1ce66c673164ed0bba73960036e328bd7eb748d10ae0b,,,RAW_CSV,9,5:3d,20.25,keV/u,,,NOT_EXPLICIT_IN_RAW_CSV;NO_FRAME_CONVERSION,NOT_EXPLICITLY_ASSIGNED,He2+,H(2s),He+ capture center:3d,Electron capture cross sections,4.48E-16,UNRESOLVED_NOT_EXPLICIT_IN_RAW_METADATA,Liu2024 AOCC;3-basis mean in paperEq9;raw file no basis columns,,NO_UNCERTAINTY_COLUMN_IN_RAW_CSV,LITERATURE_SUPPORTED,ALL_LITERAL_NONBLANK_RAW_CSV_CELLS_AND_ASSOCIATED_ENERGY_COLUMNS_VERIFIED,BLOCKED_UNIT_AND_FRAME_SEMANTICS;G1_NOT_AUTHORIZED,NOT_RUN,NOT_RUN,NOT_RUN
D-LIU24-3,10.57760/sciencedb.j00113.00114,datasets/liu2024_sciencedb/H2s-Capture cross sections.csv,353804f729209b6bbce1ce66c673164ed0bba73960036e328bd7eb748d10ae0b,,,RAW_CSV,9,6:4s,20.25,keV/u,,,NOT_EXPLICIT_IN_RAW_CSV;NO_FRAME_CONVERSION,NOT_EXPLICITLY_ASSIGNED,He2+,H(2s),He+ capture center:4s,Electron capture cross sections,3.82E-17,UNRESOLVED_NOT_EXPLICIT_IN_RAW_METADATA,Liu2024 AOCC;3-basis mean in paperEq9;raw file no basis columns,,NO_UNCERTAINTY_COLUMN_IN_RAW_CSV,LITERATURE_SUPPORTED,ALL_LITERAL_NONBLANK_RAW_CSV_CELLS_AND_ASSOCIATED_ENERGY_COLUMNS_VERIFIED,BLOCKED_UNIT_AND_FRAME_SEMANTICS;G1_NOT_AUTHORIZED,NOT_RUN,NOT_RUN,NOT_RUN
D-LIU24-3,10.57760/sciencedb.j00113.00114,datasets/liu2024_sciencedb/H2s-Capture cross sections.csv,353804f729209b6bbce1ce66c673164ed0bba73960036e328bd7eb748d10ae0b,,,RAW_CSV,9,7:4p,20.25,keV/u,,,NOT_EXPLICIT_IN_RAW_CSV;NO_FRAME_CONVERSION,NOT_EXPLICITLY_ASSIGNED,He2+,H(2s),He+ capture center:4p,Electron capture cross sections,1.02E-16,UNRESOLVED_NOT_EXPLICIT_IN_RAW_METADATA,Liu2024 AOCC;3-basis mean in paperEq9;raw file no basis columns,,NO_UNCERTAINTY_COLUMN_IN_RAW_CSV,LITERATURE_SUPPORTED,ALL_LITERAL_NONBLANK_RAW_CSV_CELLS_AND_ASSOCIATED_ENERGY_COLUMNS_VERIFIED,BLOCKED_UNIT_AND_FRAME_SEMANTICS;G1_NOT_AUTHORIZED,NOT_RUN,NOT_RUN,NOT_RUN
D-LIU24-3,10.57760/sciencedb.j00113.00114,datasets/liu2024_sciencedb/H2s-Capture cross sections.csv,353804f729209b6bbce1ce66c673164ed0bba73960036e328bd7eb748d10ae0b,,,RAW_CSV,9,8:4d,20.25,keV/u,,,NOT_EXPLICIT_IN_RAW_CSV;NO_FRAME_CONVERSION,NOT_EXPLICITLY_ASSIGNED,He2+,H(2s),He+ capture center:4d,Electron capture cross sections,1.30E-16,UNRESOLVED_NOT_EXPLICIT_IN_RAW_METADATA,Liu2024 AOCC;3-basis mean in paperEq9;raw file no basis columns,,NO_UNCERTAINTY_COLUMN_IN_RAW_CSV,LITERATURE_SUPPORTED,ALL_LITERAL_NONBLANK_RAW_CSV_CELLS_AND_ASSOCIATED_ENERGY_COLUMNS_VERIFIED,BLOCKED_UNIT_AND_FRAME_SEMANTICS;G1_NOT_AUTHORIZED,NOT_RUN,NOT_RUN,NOT_RUN
D-LIU24-3,10.57760/sciencedb.j00113.00114,datasets/liu2024_sciencedb/H2s-Capture cross sections.csv,353804f729209b6bbce1ce66c673164ed0bba73960036e328bd7eb748d10ae0b,,,RAW_CSV,9,9:4f,20.25,keV/u,,,NOT_EXPLICIT_IN_RAW_CSV;NO_FRAME_CONVERSION,NOT_EXPLICITLY_ASSIGNED,He2+,H(2s),He+ capture center:4f,Electron capture cross sections,6.46E-17,UNRESOLVED_NOT_EXPLICIT_IN_RAW_METADATA,Liu2024 AOCC;3-basis mean in paperEq9;raw file no basis columns,,NO_UNCERTAINTY_COLUMN_IN_RAW_CSV,LITERATURE_SUPPORTED,ALL_LITERAL_NONBLANK_RAW_CSV_CELLS_AND_ASSOCIATED_ENERGY_COLUMNS_VERIFIED,BLOCKED_UNIT_AND_FRAME_SEMANTICS;G1_NOT_AUTHORIZED,NOT_RUN,NOT_RUN,NOT_RUN
D-LIU24-3,10.57760/sciencedb.j00113.00114,datasets/liu2024_sciencedb/H2s-Capture cross sections.csv,353804f729209b6bbce1ce66c673164ed0bba73960036e328bd7eb748d10ae0b,,,RAW_CSV,10,2:tot capture,25,keV/u,,,NOT_EXPLICIT_IN_RAW_CSV;NO_FRAME_CONVERSION,NOT_EXPLICITLY_ASSIGNED,He2+,H(2s),He+ capture center:tot capture,Electron capture cross sections,1.21E-15,UNRESOLVED_NOT_EXPLICIT_IN_RAW_METADATA,Liu2024 AOCC;3-basis mean in paperEq9;raw file no basis columns,,NO_UNCERTAINTY_COLUMN_IN_RAW_CSV,LITERATURE_SUPPORTED,ALL_LITERAL_NONBLANK_RAW_CSV_CELLS_AND_ASSOCIATED_ENERGY_COLUMNS_VERIFIED,BLOCKED_UNIT_AND_FRAME_SEMANTICS;G1_NOT_AUTHORIZED,NOT_RUN,NOT_RUN,NOT_RUN
D-LIU24-3,10.57760/sciencedb.j00113.00114,datasets/liu2024_sciencedb/H2s-Capture cross sections.csv,353804f729209b6bbce1ce66c673164ed0bba73960036e328bd7eb748d10ae0b,,,RAW_CSV,10,3:3s,25,keV/u,,,NOT_EXPLICIT_IN_RAW_CSV;NO_FRAME_CONVERSION,NOT_EXPLICITLY_ASSIGNED,He2+,H(2s),He+ capture center:3s,Electron capture cross sections,2.14E-17,UNRESOLVED_NOT_EXPLICIT_IN_RAW_METADATA,Liu2024 AOCC;3-basis mean in paperEq9;raw file no basis columns,,NO_UNCERTAINTY_COLUMN_IN_RAW_CSV,LITERATURE_SUPPORTED,ALL_LITERAL_NONBLANK_RAW_CSV_CELLS_AND_ASSOCIATED_ENERGY_COLUMNS_VERIFIED,BLOCKED_UNIT_AND_FRAME_SEMANTICS;G1_NOT_AUTHORIZED,NOT_RUN,NOT_RUN,NOT_RUN
D-LIU24-3,10.57760/sciencedb.j00113.00114,datasets/liu2024_sciencedb/H2s-Capture cross sections.csv,353804f729209b6bbce1ce66c673164ed0bba73960036e328bd7eb748d10ae0b,,,RAW_CSV,10,4:3p,25,keV/u,,,NOT_EXPLICIT_IN_RAW_CSV;NO_FRAME_CONVERSION,NOT_EXPLICITLY_ASSIGNED,He2+,H(2s),He+ capture center:3p,Electron capture cross sections,8.82E-17,UNRESOLVED_NOT_EXPLICIT_IN_RAW_METADATA,Liu2024 AOCC;3-basis mean in paperEq9;raw file no basis columns,,NO_UNCERTAINTY_COLUMN_IN_RAW_CSV,LITERATURE_SUPPORTED,ALL_LITERAL_NONBLANK_RAW_CSV_CELLS_AND_ASSOCIATED_ENERGY_COLUMNS_VERIFIED,BLOCKED_UNIT_AND_FRAME_SEMANTICS;G1_NOT_AUTHORIZED,NOT_RUN,NOT_RUN,NOT_RUN
D-LIU24-3,10.57760/sciencedb.j00113.00114,datasets/liu2024_sciencedb/H2s-Capture cross sections.csv,353804f729209b6bbce1ce66c673164ed0bba73960036e328bd7eb748d10ae0b,,,RAW_CSV,10,5:3d,25,keV/u,,,NOT_EXPLICIT_IN_RAW_CSV;NO_FRAME_CONVERSION,NOT_EXPLICITLY_ASSIGNED,He2+,H(2s),He+ capture center:3d,Electron capture cross sections,2.42E-16,UNRESOLVED_NOT_EXPLICIT_IN_RAW_METADATA,Liu2024 AOCC;3-basis mean in paperEq9;raw file no basis columns,,NO_UNCERTAINTY_COLUMN_IN_RAW_CSV,LITERATURE_SUPPORTED,ALL_LITERAL_NONBLANK_RAW_CSV_CELLS_AND_ASSOCIATED_ENERGY_COLUMNS_VERIFIED,BLOCKED_UNIT_AND_FRAME_SEMANTICS;G1_NOT_AUTHORIZED,NOT_RUN,NOT_RUN,NOT_RUN
D-LIU24-3,10.57760/sciencedb.j00113.00114,datasets/liu2024_sciencedb/H2s-Capture cross sections.csv,353804f729209b6bbce1ce66c673164ed0bba73960036e328bd7eb748d10ae0b,,,RAW_CSV,10,6:4s,25,keV/u,,,NOT_EXPLICIT_IN_RAW_CSV;NO_FRAME_CONVERSION,NOT_EXPLICITLY_ASSIGNED,He2+,H(2s),He+ capture center:4s,Electron capture cross sections,1.81E-17,UNRESOLVED_NOT_EXPLICIT_IN_RAW_METADATA,Liu2024 AOCC;3-basis mean in paperEq9;raw file no basis columns,,NO_UNCERTAINTY_COLUMN_IN_RAW_CSV,LITERATURE_SUPPORTED,ALL_LITERAL_NONBLANK_RAW_CSV_CELLS_AND_ASSOCIATED_ENERGY_COLUMNS_VERIFIED,BLOCKED_UNIT_AND_FRAME_SEMANTICS;G1_NOT_AUTHORIZED,NOT_RUN,NOT_RUN,NOT_RUN
D-LIU24-3,10.57760/sciencedb.j00113.00114,datasets/liu2024_sciencedb/H2s-Capture cross sections.csv,353804f729209b6bbce1ce66c673164ed0bba73960036e328bd7eb748d10ae0b,,,RAW_CSV,10,7:4p,25,keV/u,,,NOT_EXPLICIT_IN_RAW_CSV;NO_FRAME_CONVERSION,NOT_EXPLICITLY_ASSIGNED,He2+,H(2s),He+ capture center:4p,Electron capture cross sections,6.05E-17,UNRESOLVED_NOT_EXPLICIT_IN_RAW_METADATA,Liu2024 AOCC;3-basis mean in paperEq9;raw file no basis columns,,NO_UNCERTAINTY_COLUMN_IN_RAW_CSV,LITERATURE_SUPPORTED,ALL_LITERAL_NONBLANK_RAW_CSV_CELLS_AND_ASSOCIATED_ENERGY_COLUMNS_VERIFIED,BLOCKED_UNIT_AND_FRAME_SEMANTICS;G1_NOT_AUTHORIZED,NOT_RUN,NOT_RUN,NOT_RUN
D-LIU24-3,10.57760/sciencedb.j00113.00114,datasets/liu2024_sciencedb/H2s-Capture cross sections.csv,353804f729209b6bbce1ce66c673164ed0bba73960036e328bd7eb748d10ae0b,,,RAW_CSV,10,8:4d,25,keV/u,,,NOT_EXPLICIT_IN_RAW_CSV;NO_FRAME_CONVERSION,NOT_EXPLICITLY_ASSIGNED,He2+,H(2s),He+ capture center:4d,Electron capture cross sections,8.40E-17,UNRESOLVED_NOT_EXPLICIT_IN_RAW_METADATA,Liu2024 AOCC;3-basis mean in paperEq9;raw file no basis columns,,NO_UNCERTAINTY_COLUMN_IN_RAW_CSV,LITERATURE_SUPPORTED,ALL_LITERAL_NONBLANK_RAW_CSV_CELLS_AND_ASSOCIATED_ENERGY_COLUMNS_VERIFIED,BLOCKED_UNIT_AND_FRAME_SEMANTICS;G1_NOT_AUTHORIZED,NOT_RUN,NOT_RUN,NOT_RUN
D-LIU24-3,10.57760/sciencedb.j00113.00114,datasets/liu2024_sciencedb/H2s-Capture cross sections.csv,353804f729209b6bbce1ce66c673164ed0bba73960036e328bd7eb748d10ae0b,,,RAW_CSV,10,9:4f,25,keV/u,,,NOT_EXPLICIT_IN_RAW_CSV;NO_FRAME_CONVERSION,NOT_EXPLICITLY_ASSIGNED,He2+,H(2s),He+ capture center:4f,Electron capture cross sections,4.26E-17,UNRESOLVED_NOT_EXPLICIT_IN_RAW_METADATA,Liu2024 AOCC;3-basis mean in paperEq9;raw file no basis columns,,NO_UNCERTAINTY_COLUMN_IN_RAW_CSV,LITERATURE_SUPPORTED,ALL_LITERAL_NONBLANK_RAW_CSV_CELLS_AND_ASSOCIATED_ENERGY_COLUMNS_VERIFIED,BLOCKED_UNIT_AND_FRAME_SEMANTICS;G1_NOT_AUTHORIZED,NOT_RUN,NOT_RUN,NOT_RUN
D-LIU24-3,10.57760/sciencedb.j00113.00114,datasets/liu2024_sciencedb/H2s-Capture cross sections.csv,353804f729209b6bbce1ce66c673164ed0bba73960036e328bd7eb748d10ae0b,,,RAW_CSV,11,2:tot capture,30.25,keV/u,,,NOT_EXPLICIT_IN_RAW_CSV;NO_FRAME_CONVERSION,NOT_EXPLICITLY_ASSIGNED,He2+,H(2s),He+ capture center:tot capture,Electron capture cross sections,7.72E-16,UNRESOLVED_NOT_EXPLICIT_IN_RAW_METADATA,Liu2024 AOCC;3-basis mean in paperEq9;raw file no basis columns,,NO_UNCERTAINTY_COLUMN_IN_RAW_CSV,LITERATURE_SUPPORTED,ALL_LITERAL_NONBLANK_RAW_CSV_CELLS_AND_ASSOCIATED_ENERGY_COLUMNS_VERIFIED,BLOCKED_UNIT_AND_FRAME_SEMANTICS;G1_NOT_AUTHORIZED,NOT_RUN,NOT_RUN,NOT_RUN
D-LIU24-3,10.57760/sciencedb.j00113.00114,datasets/liu2024_sciencedb/H2s-Capture cross sections.csv,353804f729209b6bbce1ce66c673164ed0bba73960036e328bd7eb748d10ae0b,,,RAW_CSV,11,3:3s,30.25,keV/u,,,NOT_EXPLICIT_IN_RAW_CSV;NO_FRAME_CONVERSION,NOT_EXPLICITLY_ASSIGNED,He2+,H(2s),He+ capture center:3s,Electron capture cross sections,9.52E-18,UNRESOLVED_NOT_EXPLICIT_IN_RAW_METADATA,Liu2024 AOCC;3-basis mean in paperEq9;raw file no basis columns,,NO_UNCERTAINTY_COLUMN_IN_RAW_CSV,LITERATURE_SUPPORTED,ALL_LITERAL_NONBLANK_RAW_CSV_CELLS_AND_ASSOCIATED_ENERGY_COLUMNS_VERIFIED,BLOCKED_UNIT_AND_FRAME_SEMANTICS;G1_NOT_AUTHORIZED,NOT_RUN,NOT_RUN,NOT_RUN
D-LIU24-3,10.57760/sciencedb.j00113.00114,datasets/liu2024_sciencedb/H2s-Capture cross sections.csv,353804f729209b6bbce1ce66c673164ed0bba73960036e328bd7eb748d10ae0b,,,RAW_CSV,11,4:3p,30.25,keV/u,,,NOT_EXPLICIT_IN_RAW_CSV;NO_FRAME_CONVERSION,NOT_EXPLICITLY_ASSIGNED,He2+,H(2s),He+ capture center:3p,Electron capture cross sections,6.18E-17,UNRESOLVED_NOT_EXPLICIT_IN_RAW_METADATA,Liu2024 AOCC;3-basis mean in paperEq9;raw file no basis columns,,NO_UNCERTAINTY_COLUMN_IN_RAW_CSV,LITERATURE_SUPPORTED,ALL_LITERAL_NONBLANK_RAW_CSV_CELLS_AND_ASSOCIATED_ENERGY_COLUMNS_VERIFIED,BLOCKED_UNIT_AND_FRAME_SEMANTICS;G1_NOT_AUTHORIZED,NOT_RUN,NOT_RUN,NOT_RUN
D-LIU24-3,10.57760/sciencedb.j00113.00114,datasets/liu2024_sciencedb/H2s-Capture cross sections.csv,353804f729209b6bbce1ce66c673164ed0bba73960036e328bd7eb748d10ae0b,,,RAW_CSV,11,5:3d,30.25,keV/u,,,NOT_EXPLICIT_IN_RAW_CSV;NO_FRAME_CONVERSION,NOT_EXPLICITLY_ASSIGNED,He2+,H(2s),He+ capture center:3d,Electron capture cross sections,1.28E-16,UNRESOLVED_NOT_EXPLICIT_IN_RAW_METADATA,Liu2024 AOCC;3-basis mean in paperEq9;raw file no basis columns,,NO_UNCERTAINTY_COLUMN_IN_RAW_CSV,LITERATURE_SUPPORTED,ALL_LITERAL_NONBLANK_RAW_CSV_CELLS_AND_ASSOCIATED_ENERGY_COLUMNS_VERIFIED,BLOCKED_UNIT_AND_FRAME_SEMANTICS;G1_NOT_AUTHORIZED,NOT_RUN,NOT_RUN,NOT_RUN
D-LIU24-3,10.57760/sciencedb.j00113.00114,datasets/liu2024_sciencedb/H2s-Capture cross sections.csv,353804f729209b6bbce1ce66c673164ed0bba73960036e328bd7eb748d10ae0b,,,RAW_CSV,11,6:4s,30.25,keV/u,,,NOT_EXPLICIT_IN_RAW_CSV;NO_FRAME_CONVERSION,NOT_EXPLICITLY_ASSIGNED,He2+,H(2s),He+ capture center:4s,Electron capture cross sections,8.46E-18,UNRESOLVED_NOT_EXPLICIT_IN_RAW_METADATA,Liu2024 AOCC;3-basis mean in paperEq9;raw file no basis columns,,NO_UNCERTAINTY_COLUMN_IN_RAW_CSV,LITERATURE_SUPPORTED,ALL_LITERAL_NONBLANK_RAW_CSV_CELLS_AND_ASSOCIATED_ENERGY_COLUMNS_VERIFIED,BLOCKED_UNIT_AND_FRAME_SEMANTICS;G1_NOT_AUTHORIZED,NOT_RUN,NOT_RUN,NOT_RUN
D-LIU24-3,10.57760/sciencedb.j00113.00114,datasets/liu2024_sciencedb/H2s-Capture cross sections.csv,353804f729209b6bbce1ce66c673164ed0bba73960036e328bd7eb748d10ae0b,,,RAW_CSV,11,7:4p,30.25,keV/u,,,NOT_EXPLICIT_IN_RAW_CSV;NO_FRAME_CONVERSION,NOT_EXPLICITLY_ASSIGNED,He2+,H(2s),He+ capture center:4p,Electron capture cross sections,3.90E-17,UNRESOLVED_NOT_EXPLICIT_IN_RAW_METADATA,Liu2024 AOCC;3-basis mean in paperEq9;raw file no basis columns,,NO_UNCERTAINTY_COLUMN_IN_RAW_CSV,LITERATURE_SUPPORTED,ALL_LITERAL_NONBLANK_RAW_CSV_CELLS_AND_ASSOCIATED_ENERGY_COLUMNS_VERIFIED,BLOCKED_UNIT_AND_FRAME_SEMANTICS;G1_NOT_AUTHORIZED,NOT_RUN,NOT_RUN,NOT_RUN
D-LIU24-3,10.57760/sciencedb.j00113.00114,datasets/liu2024_sciencedb/H2s-Capture cross sections.csv,353804f729209b6bbce1ce66c673164ed0bba73960036e328bd7eb748d10ae0b,,,RAW_CSV,11,8:4d,30.25,keV/u,,,NOT_EXPLICIT_IN_RAW_CSV;NO_FRAME_CONVERSION,NOT_EXPLICITLY_ASSIGNED,He2+,H(2s),He+ capture center:4d,Electron capture cross sections,5.23E-17,UNRESOLVED_NOT_EXPLICIT_IN_RAW_METADATA,Liu2024 AOCC;3-basis mean in paperEq9;raw file no basis columns,,NO_UNCERTAINTY_COLUMN_IN_RAW_CSV,LITERATURE_SUPPORTED,ALL_LITERAL_NONBLANK_RAW_CSV_CELLS_AND_ASSOCIATED_ENERGY_COLUMNS_VERIFIED,BLOCKED_UNIT_AND_FRAME_SEMANTICS;G1_NOT_AUTHORIZED,NOT_RUN,NOT_RUN,NOT_RUN
D-LIU24-3,10.57760/sciencedb.j00113.00114,datasets/liu2024_sciencedb/H2s-Capture cross sections.csv,353804f729209b6bbce1ce66c673164ed0bba73960036e328bd7eb748d10ae0b,,,RAW_CSV,11,9:4f,30.25,keV/u,,,NOT_EXPLICIT_IN_RAW_CSV;NO_FRAME_CONVERSION,NOT_EXPLICITLY_ASSIGNED,He2+,H(2s),He+ capture center:4f,Electron capture cross sections,2.41E-17,UNRESOLVED_NOT_EXPLICIT_IN_RAW_METADATA,Liu2024 AOCC;3-basis mean in paperEq9;raw file no basis columns,,NO_UNCERTAINTY_COLUMN_IN_RAW_CSV,LITERATURE_SUPPORTED,ALL_LITERAL_NONBLANK_RAW_CSV_CELLS_AND_ASSOCIATED_ENERGY_COLUMNS_VERIFIED,BLOCKED_UNIT_AND_FRAME_SEMANTICS;G1_NOT_AUTHORIZED,NOT_RUN,NOT_RUN,NOT_RUN
D-LIU24-3,10.57760/sciencedb.j00113.00114,datasets/liu2024_sciencedb/H2s-Capture cross sections.csv,353804f729209b6bbce1ce66c673164ed0bba73960036e328bd7eb748d10ae0b,,,RAW_CSV,12,2:tot capture,36,keV/u,,,NOT_EXPLICIT_IN_RAW_CSV;NO_FRAME_CONVERSION,NOT_EXPLICITLY_ASSIGNED,He2+,H(2s),He+ capture center:tot capture,Electron capture cross sections,4.88E-16,UNRESOLVED_NOT_EXPLICIT_IN_RAW_METADATA,Liu2024 AOCC;3-basis mean in paperEq9;raw file no basis columns,,NO_UNCERTAINTY_COLUMN_IN_RAW_CSV,LITERATURE_SUPPORTED,ALL_LITERAL_NONBLANK_RAW_CSV_CELLS_AND_ASSOCIATED_ENERGY_COLUMNS_VERIFIED,BLOCKED_UNIT_AND_FRAME_SEMANTICS;G1_NOT_AUTHORIZED,NOT_RUN,NOT_RUN,NOT_RUN
D-LIU24-3,10.57760/sciencedb.j00113.00114,datasets/liu2024_sciencedb/H2s-Capture cross sections.csv,353804f729209b6bbce1ce66c673164ed0bba73960036e328bd7eb748d10ae0b,,,RAW_CSV,12,3:3s,36,keV/u,,,NOT_EXPLICIT_IN_RAW_CSV;NO_FRAME_CONVERSION,NOT_EXPLICITLY_ASSIGNED,He2+,H(2s),He+ capture center:3s,Electron capture cross sections,4.55E-18,UNRESOLVED_NOT_EXPLICIT_IN_RAW_METADATA,Liu2024 AOCC;3-basis mean in paperEq9;raw file no basis columns,,NO_UNCERTAINTY_COLUMN_IN_RAW_CSV,LITERATURE_SUPPORTED,ALL_LITERAL_NONBLANK_RAW_CSV_CELLS_AND_ASSOCIATED_ENERGY_COLUMNS_VERIFIED,BLOCKED_UNIT_AND_FRAME_SEMANTICS;G1_NOT_AUTHORIZED,NOT_RUN,NOT_RUN,NOT_RUN
D-LIU24-3,10.57760/sciencedb.j00113.00114,datasets/liu2024_sciencedb/H2s-Capture cross sections.csv,353804f729209b6bbce1ce66c673164ed0bba73960036e328bd7eb748d10ae0b,,,RAW_CSV,12,4:3p,36,keV/u,,,NOT_EXPLICIT_IN_RAW_CSV;NO_FRAME_CONVERSION,NOT_EXPLICITLY_ASSIGNED,He2+,H(2s),He+ capture center:3p,Electron capture cross sections,4.35E-17,UNRESOLVED_NOT_EXPLICIT_IN_RAW_METADATA,Liu2024 AOCC;3-basis mean in paperEq9;raw file no basis columns,,NO_UNCERTAINTY_COLUMN_IN_RAW_CSV,LITERATURE_SUPPORTED,ALL_LITERAL_NONBLANK_RAW_CSV_CELLS_AND_ASSOCIATED_ENERGY_COLUMNS_VERIFIED,BLOCKED_UNIT_AND_FRAME_SEMANTICS;G1_NOT_AUTHORIZED,NOT_RUN,NOT_RUN,NOT_RUN
D-LIU24-3,10.57760/sciencedb.j00113.00114,datasets/liu2024_sciencedb/H2s-Capture cross sections.csv,353804f729209b6bbce1ce66c673164ed0bba73960036e328bd7eb748d10ae0b,,,RAW_CSV,12,5:3d,36,keV/u,,,NOT_EXPLICIT_IN_RAW_CSV;NO_FRAME_CONVERSION,NOT_EXPLICITLY_ASSIGNED,He2+,H(2s),He+ capture center:3d,Electron capture cross sections,6.78E-17,UNRESOLVED_NOT_EXPLICIT_IN_RAW_METADATA,Liu2024 AOCC;3-basis mean in paperEq9;raw file no basis columns,,NO_UNCERTAINTY_COLUMN_IN_RAW_CSV,LITERATURE_SUPPORTED,ALL_LITERAL_NONBLANK_RAW_CSV_CELLS_AND_ASSOCIATED_ENERGY_COLUMNS_VERIFIED,BLOCKED_UNIT_AND_FRAME_SEMANTICS;G1_NOT_AUTHORIZED,NOT_RUN,NOT_RUN,NOT_RUN
D-LIU24-3,10.57760/sciencedb.j00113.00114,datasets/liu2024_sciencedb/H2s-Capture cross sections.csv,353804f729209b6bbce1ce66c673164ed0bba73960036e328bd7eb748d10ae0b,,,RAW_CSV,12,6:4s,36,keV/u,,,NOT_EXPLICIT_IN_RAW_CSV;NO_FRAME_CONVERSION,NOT_EXPLICITLY_ASSIGNED,He2+,H(2s),He+ capture center:4s,Electron capture cross sections,4.17E-18,UNRESOLVED_NOT_EXPLICIT_IN_RAW_METADATA,Liu2024 AOCC;3-basis mean in paperEq9;raw file no basis columns,,NO_UNCERTAINTY_COLUMN_IN_RAW_CSV,LITERATURE_SUPPORTED,ALL_LITERAL_NONBLANK_RAW_CSV_CELLS_AND_ASSOCIATED_ENERGY_COLUMNS_VERIFIED,BLOCKED_UNIT_AND_FRAME_SEMANTICS;G1_NOT_AUTHORIZED,NOT_RUN,NOT_RUN,NOT_RUN
D-LIU24-3,10.57760/sciencedb.j00113.00114,datasets/liu2024_sciencedb/H2s-Capture cross sections.csv,353804f729209b6bbce1ce66c673164ed0bba73960036e328bd7eb748d10ae0b,,,RAW_CSV,12,7:4p,36,keV/u,,,NOT_EXPLICIT_IN_RAW_CSV;NO_FRAME_CONVERSION,NOT_EXPLICITLY_ASSIGNED,He2+,H(2s),He+ capture center:4p,Electron capture cross sections,2.55E-17,UNRESOLVED_NOT_EXPLICIT_IN_RAW_METADATA,Liu2024 AOCC;3-basis mean in paperEq9;raw file no basis columns,,NO_UNCERTAINTY_COLUMN_IN_RAW_CSV,LITERATURE_SUPPORTED,ALL_LITERAL_NONBLANK_RAW_CSV_CELLS_AND_ASSOCIATED_ENERGY_COLUMNS_VERIFIED,BLOCKED_UNIT_AND_FRAME_SEMANTICS;G1_NOT_AUTHORIZED,NOT_RUN,NOT_RUN,NOT_RUN
D-LIU24-3,10.57760/sciencedb.j00113.00114,datasets/liu2024_sciencedb/H2s-Capture cross sections.csv,353804f729209b6bbce1ce66c673164ed0bba73960036e328bd7eb748d10ae0b,,,RAW_CSV,12,8:4d,36,keV/u,,,NOT_EXPLICIT_IN_RAW_CSV;NO_FRAME_CONVERSION,NOT_EXPLICITLY_ASSIGNED,He2+,H(2s),He+ capture center:4d,Electron capture cross sections,3.07E-17,UNRESOLVED_NOT_EXPLICIT_IN_RAW_METADATA,Liu2024 AOCC;3-basis mean in paperEq9;raw file no basis columns,,NO_UNCERTAINTY_COLUMN_IN_RAW_CSV,LITERATURE_SUPPORTED,ALL_LITERAL_NONBLANK_RAW_CSV_CELLS_AND_ASSOCIATED_ENERGY_COLUMNS_VERIFIED,BLOCKED_UNIT_AND_FRAME_SEMANTICS;G1_NOT_AUTHORIZED,NOT_RUN,NOT_RUN,NOT_RUN
D-LIU24-3,10.57760/sciencedb.j00113.00114,datasets/liu2024_sciencedb/H2s-Capture cross sections.csv,353804f729209b6bbce1ce66c673164ed0bba73960036e328bd7eb748d10ae0b,,,RAW_CSV,12,9:4f,36,keV/u,,,NOT_EXPLICIT_IN_RAW_CSV;NO_FRAME_CONVERSION,NOT_EXPLICITLY_ASSIGNED,He2+,H(2s),He+ capture center:4f,Electron capture cross sections,1.26E-17,UNRESOLVED_NOT_EXPLICIT_IN_RAW_METADATA,Liu2024 AOCC;3-basis mean in paperEq9;raw file no basis columns,,NO_UNCERTAINTY_COLUMN_IN_RAW_CSV,LITERATURE_SUPPORTED,ALL_LITERAL_NONBLANK_RAW_CSV_CELLS_AND_ASSOCIATED_ENERGY_COLUMNS_VERIFIED,BLOCKED_UNIT_AND_FRAME_SEMANTICS;G1_NOT_AUTHORIZED,NOT_RUN,NOT_RUN,NOT_RUN
D-LIU24-3,10.57760/sciencedb.j00113.00114,datasets/liu2024_sciencedb/H2s-Capture cross sections.csv,353804f729209b6bbce1ce66c673164ed0bba73960036e328bd7eb748d10ae0b,,,RAW_CSV,13,2:tot capture,42.25,keV/u,,,NOT_EXPLICIT_IN_RAW_CSV;NO_FRAME_CONVERSION,NOT_EXPLICITLY_ASSIGNED,He2+,H(2s),He+ capture center:tot capture,Electron capture cross sections,3.05E-16,UNRESOLVED_NOT_EXPLICIT_IN_RAW_METADATA,Liu2024 AOCC;3-basis mean in paperEq9;raw file no basis columns,,NO_UNCERTAINTY_COLUMN_IN_RAW_CSV,LITERATURE_SUPPORTED,ALL_LITERAL_NONBLANK_RAW_CSV_CELLS_AND_ASSOCIATED_ENERGY_COLUMNS_VERIFIED,BLOCKED_UNIT_AND_FRAME_SEMANTICS;G1_NOT_AUTHORIZED,NOT_RUN,NOT_RUN,NOT_RUN
D-LIU24-3,10.57760/sciencedb.j00113.00114,datasets/liu2024_sciencedb/H2s-Capture cross sections.csv,353804f729209b6bbce1ce66c673164ed0bba73960036e328bd7eb748d10ae0b,,,RAW_CSV,13,3:3s,42.25,keV/u,,,NOT_EXPLICIT_IN_RAW_CSV;NO_FRAME_CONVERSION,NOT_EXPLICITLY_ASSIGNED,He2+,H(2s),He+ capture center:3s,Electron capture cross sections,2.84E-18,UNRESOLVED_NOT_EXPLICIT_IN_RAW_METADATA,Liu2024 AOCC;3-basis mean in paperEq9;raw file no basis columns,,NO_UNCERTAINTY_COLUMN_IN_RAW_CSV,LITERATURE_SUPPORTED,ALL_LITERAL_NONBLANK_RAW_CSV_CELLS_AND_ASSOCIATED_ENERGY_COLUMNS_VERIFIED,BLOCKED_UNIT_AND_FRAME_SEMANTICS;G1_NOT_AUTHORIZED,NOT_RUN,NOT_RUN,NOT_RUN
D-LIU24-3,10.57760/sciencedb.j00113.00114,datasets/liu2024_sciencedb/H2s-Capture cross sections.csv,353804f729209b6bbce1ce66c673164ed0bba73960036e328bd7eb748d10ae0b,,,RAW_CSV,13,4:3p,42.25,keV/u,,,NOT_EXPLICIT_IN_RAW_CSV;NO_FRAME_CONVERSION,NOT_EXPLICITLY_ASSIGNED,He2+,H(2s),He+ capture center:3p,Electron capture cross sections,2.97E-17,UNRESOLVED_NOT_EXPLICIT_IN_RAW_METADATA,Liu2024 AOCC;3-basis mean in paperEq9;raw file no basis columns,,NO_UNCERTAINTY_COLUMN_IN_RAW_CSV,LITERATURE_SUPPORTED,ALL_LITERAL_NONBLANK_RAW_CSV_CELLS_AND_ASSOCIATED_ENERGY_COLUMNS_VERIFIED,BLOCKED_UNIT_AND_FRAME_SEMANTICS;G1_NOT_AUTHORIZED,NOT_RUN,NOT_RUN,NOT_RUN
D-LIU24-3,10.57760/sciencedb.j00113.00114,datasets/liu2024_sciencedb/H2s-Capture cross sections.csv,353804f729209b6bbce1ce66c673164ed0bba73960036e328bd7eb748d10ae0b,,,RAW_CSV,13,5:3d,42.25,keV/u,,,NOT_EXPLICIT_IN_RAW_CSV;NO_FRAME_CONVERSION,NOT_EXPLICITLY_ASSIGNED,He2+,H(2s),He+ capture center:3d,Electron capture cross sections,3.60E-17,UNRESOLVED_NOT_EXPLICIT_IN_RAW_METADATA,Liu2024 AOCC;3-basis mean in paperEq9;raw file no basis columns,,NO_UNCERTAINTY_COLUMN_IN_RAW_CSV,LITERATURE_SUPPORTED,ALL_LITERAL_NONBLANK_RAW_CSV_CELLS_AND_ASSOCIATED_ENERGY_COLUMNS_VERIFIED,BLOCKED_UNIT_AND_FRAME_SEMANTICS;G1_NOT_AUTHORIZED,NOT_RUN,NOT_RUN,NOT_RUN
D-LIU24-3,10.57760/sciencedb.j00113.00114,datasets/liu2024_sciencedb/H2s-Capture cross sections.csv,353804f729209b6bbce1ce66c673164ed0bba73960036e328bd7eb748d10ae0b,,,RAW_CSV,13,6:4s,42.25,keV/u,,,NOT_EXPLICIT_IN_RAW_CSV;NO_FRAME_CONVERSION,NOT_EXPLICITLY_ASSIGNED,He2+,H(2s),He+ capture center:4s,Electron capture cross sections,2.48E-18,UNRESOLVED_NOT_EXPLICIT_IN_RAW_METADATA,Liu2024 AOCC;3-basis mean in paperEq9;raw file no basis columns,,NO_UNCERTAINTY_COLUMN_IN_RAW_CSV,LITERATURE_SUPPORTED,ALL_LITERAL_NONBLANK_RAW_CSV_CELLS_AND_ASSOCIATED_ENERGY_COLUMNS_VERIFIED,BLOCKED_UNIT_AND_FRAME_SEMANTICS;G1_NOT_AUTHORIZED,NOT_RUN,NOT_RUN,NOT_RUN
D-LIU24-3,10.57760/sciencedb.j00113.00114,datasets/liu2024_sciencedb/H2s-Capture cross sections.csv,353804f729209b6bbce1ce66c673164ed0bba73960036e328bd7eb748d10ae0b,,,RAW_CSV,13,7:4p,42.25,keV/u,,,NOT_EXPLICIT_IN_RAW_CSV;NO_FRAME_CONVERSION,NOT_EXPLICITLY_ASSIGNED,He2+,H(2s),He+ capture center:4p,Electron capture cross sections,1.65E-17,UNRESOLVED_NOT_EXPLICIT_IN_RAW_METADATA,Liu2024 AOCC;3-basis mean in paperEq9;raw file no basis columns,,NO_UNCERTAINTY_COLUMN_IN_RAW_CSV,LITERATURE_SUPPORTED,ALL_LITERAL_NONBLANK_RAW_CSV_CELLS_AND_ASSOCIATED_ENERGY_COLUMNS_VERIFIED,BLOCKED_UNIT_AND_FRAME_SEMANTICS;G1_NOT_AUTHORIZED,NOT_RUN,NOT_RUN,NOT_RUN
D-LIU24-3,10.57760/sciencedb.j00113.00114,datasets/liu2024_sciencedb/H2s-Capture cross sections.csv,353804f729209b6bbce1ce66c673164ed0bba73960036e328bd7eb748d10ae0b,,,RAW_CSV,13,8:4d,42.25,keV/u,,,NOT_EXPLICIT_IN_RAW_CSV;NO_FRAME_CONVERSION,NOT_EXPLICITLY_ASSIGNED,He2+,H(2s),He+ capture center:4d,Electron capture cross sections,1.71E-17,UNRESOLVED_NOT_EXPLICIT_IN_RAW_METADATA,Liu2024 AOCC;3-basis mean in paperEq9;raw file no basis columns,,NO_UNCERTAINTY_COLUMN_IN_RAW_CSV,LITERATURE_SUPPORTED,ALL_LITERAL_NONBLANK_RAW_CSV_CELLS_AND_ASSOCIATED_ENERGY_COLUMNS_VERIFIED,BLOCKED_UNIT_AND_FRAME_SEMANTICS;G1_NOT_AUTHORIZED,NOT_RUN,NOT_RUN,NOT_RUN
D-LIU24-3,10.57760/sciencedb.j00113.00114,datasets/liu2024_sciencedb/H2s-Capture cross sections.csv,353804f729209b6bbce1ce66c673164ed0bba73960036e328bd7eb748d10ae0b,,,RAW_CSV,13,9:4f,42.25,keV/u,,,NOT_EXPLICIT_IN_RAW_CSV;NO_FRAME_CONVERSION,NOT_EXPLICITLY_ASSIGNED,He2+,H(2s),He+ capture center:4f,Electron capture cross sections,6.21E-18,UNRESOLVED_NOT_EXPLICIT_IN_RAW_METADATA,Liu2024 AOCC;3-basis mean in paperEq9;raw file no basis columns,,NO_UNCERTAINTY_COLUMN_IN_RAW_CSV,LITERATURE_SUPPORTED,ALL_LITERAL_NONBLANK_RAW_CSV_CELLS_AND_ASSOCIATED_ENERGY_COLUMNS_VERIFIED,BLOCKED_UNIT_AND_FRAME_SEMANTICS;G1_NOT_AUTHORIZED,NOT_RUN,NOT_RUN,NOT_RUN
D-LIU24-3,10.57760/sciencedb.j00113.00114,datasets/liu2024_sciencedb/H2s-Capture cross sections.csv,353804f729209b6bbce1ce66c673164ed0bba73960036e328bd7eb748d10ae0b,,,RAW_CSV,14,2:tot capture,49,keV/u,,,NOT_EXPLICIT_IN_RAW_CSV;NO_FRAME_CONVERSION,NOT_EXPLICITLY_ASSIGNED,He2+,H(2s),He+ capture center:tot capture,Electron capture cross sections,1.86E-16,UNRESOLVED_NOT_EXPLICIT_IN_RAW_METADATA,Liu2024 AOCC;3-basis mean in paperEq9;raw file no basis columns,,NO_UNCERTAINTY_COLUMN_IN_RAW_CSV,LITERATURE_SUPPORTED,ALL_LITERAL_NONBLANK_RAW_CSV_CELLS_AND_ASSOCIATED_ENERGY_COLUMNS_VERIFIED,BLOCKED_UNIT_AND_FRAME_SEMANTICS;G1_NOT_AUTHORIZED,NOT_RUN,NOT_RUN,NOT_RUN
D-LIU24-3,10.57760/sciencedb.j00113.00114,datasets/liu2024_sciencedb/H2s-Capture cross sections.csv,353804f729209b6bbce1ce66c673164ed0bba73960036e328bd7eb748d10ae0b,,,RAW_CSV,14,3:3s,49,keV/u,,,NOT_EXPLICIT_IN_RAW_CSV;NO_FRAME_CONVERSION,NOT_EXPLICITLY_ASSIGNED,He2+,H(2s),He+ capture center:3s,Electron capture cross sections,2.24E-18,UNRESOLVED_NOT_EXPLICIT_IN_RAW_METADATA,Liu2024 AOCC;3-basis mean in paperEq9;raw file no basis columns,,NO_UNCERTAINTY_COLUMN_IN_RAW_CSV,LITERATURE_SUPPORTED,ALL_LITERAL_NONBLANK_RAW_CSV_CELLS_AND_ASSOCIATED_ENERGY_COLUMNS_VERIFIED,BLOCKED_UNIT_AND_FRAME_SEMANTICS;G1_NOT_AUTHORIZED,NOT_RUN,NOT_RUN,NOT_RUN
D-LIU24-3,10.57760/sciencedb.j00113.00114,datasets/liu2024_sciencedb/H2s-Capture cross sections.csv,353804f729209b6bbce1ce66c673164ed0bba73960036e328bd7eb748d10ae0b,,,RAW_CSV,14,4:3p,49,keV/u,,,NOT_EXPLICIT_IN_RAW_CSV;NO_FRAME_CONVERSION,NOT_EXPLICITLY_ASSIGNED,He2+,H(2s),He+ capture center:3p,Electron capture cross sections,2.04E-17,UNRESOLVED_NOT_EXPLICIT_IN_RAW_METADATA,Liu2024 AOCC;3-basis mean in paperEq9;raw file no basis columns,,NO_UNCERTAINTY_COLUMN_IN_RAW_CSV,LITERATURE_SUPPORTED,ALL_LITERAL_NONBLANK_RAW_CSV_CELLS_AND_ASSOCIATED_ENERGY_COLUMNS_VERIFIED,BLOCKED_UNIT_AND_FRAME_SEMANTICS;G1_NOT_AUTHORIZED,NOT_RUN,NOT_RUN,NOT_RUN
D-LIU24-3,10.57760/sciencedb.j00113.00114,datasets/liu2024_sciencedb/H2s-Capture cross sections.csv,353804f729209b6bbce1ce66c673164ed0bba73960036e328bd7eb748d10ae0b,,,RAW_CSV,14,5:3d,49,keV/u,,,NOT_EXPLICIT_IN_RAW_CSV;NO_FRAME_CONVERSION,NOT_EXPLICITLY_ASSIGNED,He2+,H(2s),He+ capture center:3d,Electron capture cross sections,1.83E-17,UNRESOLVED_NOT_EXPLICIT_IN_RAW_METADATA,Liu2024 AOCC;3-basis mean in paperEq9;raw file no basis columns,,NO_UNCERTAINTY_COLUMN_IN_RAW_CSV,LITERATURE_SUPPORTED,ALL_LITERAL_NONBLANK_RAW_CSV_CELLS_AND_ASSOCIATED_ENERGY_COLUMNS_VERIFIED,BLOCKED_UNIT_AND_FRAME_SEMANTICS;G1_NOT_AUTHORIZED,NOT_RUN,NOT_RUN,NOT_RUN
D-LIU24-3,10.57760/sciencedb.j00113.00114,datasets/liu2024_sciencedb/H2s-Capture cross sections.csv,353804f729209b6bbce1ce66c673164ed0bba73960036e328bd7eb748d10ae0b,,,RAW_CSV,14,6:4s,49,keV/u,,,NOT_EXPLICIT_IN_RAW_CSV;NO_FRAME_CONVERSION,NOT_EXPLICITLY_ASSIGNED,He2+,H(2s),He+ capture center:4s,Electron capture cross sections,1.76E-18,UNRESOLVED_NOT_EXPLICIT_IN_RAW_METADATA,Liu2024 AOCC;3-basis mean in paperEq9;raw file no basis columns,,NO_UNCERTAINTY_COLUMN_IN_RAW_CSV,LITERATURE_SUPPORTED,ALL_LITERAL_NONBLANK_RAW_CSV_CELLS_AND_ASSOCIATED_ENERGY_COLUMNS_VERIFIED,BLOCKED_UNIT_AND_FRAME_SEMANTICS;G1_NOT_AUTHORIZED,NOT_RUN,NOT_RUN,NOT_RUN
D-LIU24-3,10.57760/sciencedb.j00113.00114,datasets/liu2024_sciencedb/H2s-Capture cross sections.csv,353804f729209b6bbce1ce66c673164ed0bba73960036e328bd7eb748d10ae0b,,,RAW_CSV,14,7:4p,49,keV/u,,,NOT_EXPLICIT_IN_RAW_CSV;NO_FRAME_CONVERSION,NOT_EXPLICITLY_ASSIGNED,He2+,H(2s),He+ capture center:4p,Electron capture cross sections,1.09E-17,UNRESOLVED_NOT_EXPLICIT_IN_RAW_METADATA,Liu2024 AOCC;3-basis mean in paperEq9;raw file no basis columns,,NO_UNCERTAINTY_COLUMN_IN_RAW_CSV,LITERATURE_SUPPORTED,ALL_LITERAL_NONBLANK_RAW_CSV_CELLS_AND_ASSOCIATED_ENERGY_COLUMNS_VERIFIED,BLOCKED_UNIT_AND_FRAME_SEMANTICS;G1_NOT_AUTHORIZED,NOT_RUN,NOT_RUN,NOT_RUN
D-LIU24-3,10.57760/sciencedb.j00113.00114,datasets/liu2024_sciencedb/H2s-Capture cross sections.csv,353804f729209b6bbce1ce66c673164ed0bba73960036e328bd7eb748d10ae0b,,,RAW_CSV,14,8:4d,49,keV/u,,,NOT_EXPLICIT_IN_RAW_CSV;NO_FRAME_CONVERSION,NOT_EXPLICITLY_ASSIGNED,He2+,H(2s),He+ capture center:4d,Electron capture cross sections,9.51E-18,UNRESOLVED_NOT_EXPLICIT_IN_RAW_METADATA,Liu2024 AOCC;3-basis mean in paperEq9;raw file no basis columns,,NO_UNCERTAINTY_COLUMN_IN_RAW_CSV,LITERATURE_SUPPORTED,ALL_LITERAL_NONBLANK_RAW_CSV_CELLS_AND_ASSOCIATED_ENERGY_COLUMNS_VERIFIED,BLOCKED_UNIT_AND_FRAME_SEMANTICS;G1_NOT_AUTHORIZED,NOT_RUN,NOT_RUN,NOT_RUN
D-LIU24-3,10.57760/sciencedb.j00113.00114,datasets/liu2024_sciencedb/H2s-Capture cross sections.csv,353804f729209b6bbce1ce66c673164ed0bba73960036e328bd7eb748d10ae0b,,,RAW_CSV,14,9:4f,49,keV/u,,,NOT_EXPLICIT_IN_RAW_CSV;NO_FRAME_CONVERSION,NOT_EXPLICITLY_ASSIGNED,He2+,H(2s),He+ capture center:4f,Electron capture cross sections,2.78E-18,UNRESOLVED_NOT_EXPLICIT_IN_RAW_METADATA,Liu2024 AOCC;3-basis mean in paperEq9;raw file no basis columns,,NO_UNCERTAINTY_COLUMN_IN_RAW_CSV,LITERATURE_SUPPORTED,ALL_LITERAL_NONBLANK_RAW_CSV_CELLS_AND_ASSOCIATED_ENERGY_COLUMNS_VERIFIED,BLOCKED_UNIT_AND_FRAME_SEMANTICS;G1_NOT_AUTHORIZED,NOT_RUN,NOT_RUN,NOT_RUN
D-LIU24-3,10.57760/sciencedb.j00113.00114,datasets/liu2024_sciencedb/H2s-Capture cross sections.csv,353804f729209b6bbce1ce66c673164ed0bba73960036e328bd7eb748d10ae0b,,,RAW_CSV,15,2:tot capture,56.25,keV/u,,,NOT_EXPLICIT_IN_RAW_CSV;NO_FRAME_CONVERSION,NOT_EXPLICITLY_ASSIGNED,He2+,H(2s),He+ capture center:tot capture,Electron capture cross sections,1.19E-16,UNRESOLVED_NOT_EXPLICIT_IN_RAW_METADATA,Liu2024 AOCC;3-basis mean in paperEq9;raw file no basis columns,,NO_UNCERTAINTY_COLUMN_IN_RAW_CSV,LITERATURE_SUPPORTED,ALL_LITERAL_NONBLANK_RAW_CSV_CELLS_AND_ASSOCIATED_ENERGY_COLUMNS_VERIFIED,BLOCKED_UNIT_AND_FRAME_SEMANTICS;G1_NOT_AUTHORIZED,NOT_RUN,NOT_RUN,NOT_RUN
D-LIU24-3,10.57760/sciencedb.j00113.00114,datasets/liu2024_sciencedb/H2s-Capture cross sections.csv,353804f729209b6bbce1ce66c673164ed0bba73960036e328bd7eb748d10ae0b,,,RAW_CSV,15,3:3s,56.25,keV/u,,,NOT_EXPLICIT_IN_RAW_CSV;NO_FRAME_CONVERSION,NOT_EXPLICITLY_ASSIGNED,He2+,H(2s),He+ capture center:3s,Electron capture cross sections,1.87E-18,UNRESOLVED_NOT_EXPLICIT_IN_RAW_METADATA,Liu2024 AOCC;3-basis mean in paperEq9;raw file no basis columns,,NO_UNCERTAINTY_COLUMN_IN_RAW_CSV,LITERATURE_SUPPORTED,ALL_LITERAL_NONBLANK_RAW_CSV_CELLS_AND_ASSOCIATED_ENERGY_COLUMNS_VERIFIED,BLOCKED_UNIT_AND_FRAME_SEMANTICS;G1_NOT_AUTHORIZED,NOT_RUN,NOT_RUN,NOT_RUN
D-LIU24-3,10.57760/sciencedb.j00113.00114,datasets/liu2024_sciencedb/H2s-Capture cross sections.csv,353804f729209b6bbce1ce66c673164ed0bba73960036e328bd7eb748d10ae0b,,,RAW_CSV,15,4:3p,56.25,keV/u,,,NOT_EXPLICIT_IN_RAW_CSV;NO_FRAME_CONVERSION,NOT_EXPLICITLY_ASSIGNED,He2+,H(2s),He+ capture center:3p,Electron capture cross sections,1.38E-17,UNRESOLVED_NOT_EXPLICIT_IN_RAW_METADATA,Liu2024 AOCC;3-basis mean in paperEq9;raw file no basis columns,,NO_UNCERTAINTY_COLUMN_IN_RAW_CSV,LITERATURE_SUPPORTED,ALL_LITERAL_NONBLANK_RAW_CSV_CELLS_AND_ASSOCIATED_ENERGY_COLUMNS_VERIFIED,BLOCKED_UNIT_AND_FRAME_SEMANTICS;G1_NOT_AUTHORIZED,NOT_RUN,NOT_RUN,NOT_RUN
D-LIU24-3,10.57760/sciencedb.j00113.00114,datasets/liu2024_sciencedb/H2s-Capture cross sections.csv,353804f729209b6bbce1ce66c673164ed0bba73960036e328bd7eb748d10ae0b,,,RAW_CSV,15,5:3d,56.25,keV/u,,,NOT_EXPLICIT_IN_RAW_CSV;NO_FRAME_CONVERSION,NOT_EXPLICITLY_ASSIGNED,He2+,H(2s),He+ capture center:3d,Electron capture cross sections,1.06E-17,UNRESOLVED_NOT_EXPLICIT_IN_RAW_METADATA,Liu2024 AOCC;3-basis mean in paperEq9;raw file no basis columns,,NO_UNCERTAINTY_COLUMN_IN_RAW_CSV,LITERATURE_SUPPORTED,ALL_LITERAL_NONBLANK_RAW_CSV_CELLS_AND_ASSOCIATED_ENERGY_COLUMNS_VERIFIED,BLOCKED_UNIT_AND_FRAME_SEMANTICS;G1_NOT_AUTHORIZED,NOT_RUN,NOT_RUN,NOT_RUN
D-LIU24-3,10.57760/sciencedb.j00113.00114,datasets/liu2024_sciencedb/H2s-Capture cross sections.csv,353804f729209b6bbce1ce66c673164ed0bba73960036e328bd7eb748d10ae0b,,,RAW_CSV,15,6:4s,56.25,keV/u,,,NOT_EXPLICIT_IN_RAW_CSV;NO_FRAME_CONVERSION,NOT_EXPLICITLY_ASSIGNED,He2+,H(2s),He+ capture center:4s,Electron capture cross sections,1.33E-18,UNRESOLVED_NOT_EXPLICIT_IN_RAW_METADATA,Liu2024 AOCC;3-basis mean in paperEq9;raw file no basis columns,,NO_UNCERTAINTY_COLUMN_IN_RAW_CSV,LITERATURE_SUPPORTED,ALL_LITERAL_NONBLANK_RAW_CSV_CELLS_AND_ASSOCIATED_ENERGY_COLUMNS_VERIFIED,BLOCKED_UNIT_AND_FRAME_SEMANTICS;G1_NOT_AUTHORIZED,NOT_RUN,NOT_RUN,NOT_RUN
D-LIU24-3,10.57760/sciencedb.j00113.00114,datasets/liu2024_sciencedb/H2s-Capture cross sections.csv,353804f729209b6bbce1ce66c673164ed0bba73960036e328bd7eb748d10ae0b,,,RAW_CSV,15,7:4p,56.25,keV/u,,,NOT_EXPLICIT_IN_RAW_CSV;NO_FRAME_CONVERSION,NOT_EXPLICITLY_ASSIGNED,He2+,H(2s),He+ capture center:4p,Electron capture cross sections,7.33E-18,UNRESOLVED_NOT_EXPLICIT_IN_RAW_METADATA,Liu2024 AOCC;3-basis mean in paperEq9;raw file no basis columns,,NO_UNCERTAINTY_COLUMN_IN_RAW_CSV,LITERATURE_SUPPORTED,ALL_LITERAL_NONBLANK_RAW_CSV_CELLS_AND_ASSOCIATED_ENERGY_COLUMNS_VERIFIED,BLOCKED_UNIT_AND_FRAME_SEMANTICS;G1_NOT_AUTHORIZED,NOT_RUN,NOT_RUN,NOT_RUN
D-LIU24-3,10.57760/sciencedb.j00113.00114,datasets/liu2024_sciencedb/H2s-Capture cross sections.csv,353804f729209b6bbce1ce66c673164ed0bba73960036e328bd7eb748d10ae0b,,,RAW_CSV,15,8:4d,56.25,keV/u,,,NOT_EXPLICIT_IN_RAW_CSV;NO_FRAME_CONVERSION,NOT_EXPLICITLY_ASSIGNED,He2+,H(2s),He+ capture center:4d,Electron capture cross sections,5.41E-18,UNRESOLVED_NOT_EXPLICIT_IN_RAW_METADATA,Liu2024 AOCC;3-basis mean in paperEq9;raw file no basis columns,,NO_UNCERTAINTY_COLUMN_IN_RAW_CSV,LITERATURE_SUPPORTED,ALL_LITERAL_NONBLANK_RAW_CSV_CELLS_AND_ASSOCIATED_ENERGY_COLUMNS_VERIFIED,BLOCKED_UNIT_AND_FRAME_SEMANTICS;G1_NOT_AUTHORIZED,NOT_RUN,NOT_RUN,NOT_RUN
D-LIU24-3,10.57760/sciencedb.j00113.00114,datasets/liu2024_sciencedb/H2s-Capture cross sections.csv,353804f729209b6bbce1ce66c673164ed0bba73960036e328bd7eb748d10ae0b,,,RAW_CSV,15,9:4f,56.25,keV/u,,,NOT_EXPLICIT_IN_RAW_CSV;NO_FRAME_CONVERSION,NOT_EXPLICITLY_ASSIGNED,He2+,H(2s),He+ capture center:4f,Electron capture cross sections,1.46E-18,UNRESOLVED_NOT_EXPLICIT_IN_RAW_METADATA,Liu2024 AOCC;3-basis mean in paperEq9;raw file no basis columns,,NO_UNCERTAINTY_COLUMN_IN_RAW_CSV,LITERATURE_SUPPORTED,ALL_LITERAL_NONBLANK_RAW_CSV_CELLS_AND_ASSOCIATED_ENERGY_COLUMNS_VERIFIED,BLOCKED_UNIT_AND_FRAME_SEMANTICS;G1_NOT_AUTHORIZED,NOT_RUN,NOT_RUN,NOT_RUN
D-LIU24-3,10.57760/sciencedb.j00113.00114,datasets/liu2024_sciencedb/H2s-Capture cross sections.csv,353804f729209b6bbce1ce66c673164ed0bba73960036e328bd7eb748d10ae0b,,,RAW_CSV,16,2:tot capture,64,keV/u,,,NOT_EXPLICIT_IN_RAW_CSV;NO_FRAME_CONVERSION,NOT_EXPLICITLY_ASSIGNED,He2+,H(2s),He+ capture center:tot capture,Electron capture cross sections,7.13E-17,UNRESOLVED_NOT_EXPLICIT_IN_RAW_METADATA,Liu2024 AOCC;3-basis mean in paperEq9;raw file no basis columns,,NO_UNCERTAINTY_COLUMN_IN_RAW_CSV,LITERATURE_SUPPORTED,ALL_LITERAL_NONBLANK_RAW_CSV_CELLS_AND_ASSOCIATED_ENERGY_COLUMNS_VERIFIED,BLOCKED_UNIT_AND_FRAME_SEMANTICS;G1_NOT_AUTHORIZED,NOT_RUN,NOT_RUN,NOT_RUN
D-LIU24-3,10.57760/sciencedb.j00113.00114,datasets/liu2024_sciencedb/H2s-Capture cross sections.csv,353804f729209b6bbce1ce66c673164ed0bba73960036e328bd7eb748d10ae0b,,,RAW_CSV,16,3:3s,64,keV/u,,,NOT_EXPLICIT_IN_RAW_CSV;NO_FRAME_CONVERSION,NOT_EXPLICITLY_ASSIGNED,He2+,H(2s),He+ capture center:3s,Electron capture cross sections,1.59E-18,UNRESOLVED_NOT_EXPLICIT_IN_RAW_METADATA,Liu2024 AOCC;3-basis mean in paperEq9;raw file no basis columns,,NO_UNCERTAINTY_COLUMN_IN_RAW_CSV,LITERATURE_SUPPORTED,ALL_LITERAL_NONBLANK_RAW_CSV_CELLS_AND_ASSOCIATED_ENERGY_COLUMNS_VERIFIED,BLOCKED_UNIT_AND_FRAME_SEMANTICS;G1_NOT_AUTHORIZED,NOT_RUN,NOT_RUN,NOT_RUN
D-LIU24-3,10.57760/sciencedb.j00113.00114,datasets/liu2024_sciencedb/H2s-Capture cross sections.csv,353804f729209b6bbce1ce66c673164ed0bba73960036e328bd7eb748d10ae0b,,,RAW_CSV,16,4:3p,64,keV/u,,,NOT_EXPLICIT_IN_RAW_CSV;NO_FRAME_CONVERSION,NOT_EXPLICITLY_ASSIGNED,He2+,H(2s),He+ capture center:3p,Electron capture cross sections,8.81E-18,UNRESOLVED_NOT_EXPLICIT_IN_RAW_METADATA,Liu2024 AOCC;3-basis mean in paperEq9;raw file no basis columns,,NO_UNCERTAINTY_COLUMN_IN_RAW_CSV,LITERATURE_SUPPORTED,ALL_LITERAL_NONBLANK_RAW_CSV_CELLS_AND_ASSOCIATED_ENERGY_COLUMNS_VERIFIED,BLOCKED_UNIT_AND_FRAME_SEMANTICS;G1_NOT_AUTHORIZED,NOT_RUN,NOT_RUN,NOT_RUN
D-LIU24-3,10.57760/sciencedb.j00113.00114,datasets/liu2024_sciencedb/H2s-Capture cross sections.csv,353804f729209b6bbce1ce66c673164ed0bba73960036e328bd7eb748d10ae0b,,,RAW_CSV,16,5:3d,64,keV/u,,,NOT_EXPLICIT_IN_RAW_CSV;NO_FRAME_CONVERSION,NOT_EXPLICITLY_ASSIGNED,He2+,H(2s),He+ capture center:3d,Electron capture cross sections,5.59E-18,UNRESOLVED_NOT_EXPLICIT_IN_RAW_METADATA,Liu2024 AOCC;3-basis mean in paperEq9;raw file no basis columns,,NO_UNCERTAINTY_COLUMN_IN_RAW_CSV,LITERATURE_SUPPORTED,ALL_LITERAL_NONBLANK_RAW_CSV_CELLS_AND_ASSOCIATED_ENERGY_COLUMNS_VERIFIED,BLOCKED_UNIT_AND_FRAME_SEMANTICS;G1_NOT_AUTHORIZED,NOT_RUN,NOT_RUN,NOT_RUN
D-LIU24-3,10.57760/sciencedb.j00113.00114,datasets/liu2024_sciencedb/H2s-Capture cross sections.csv,353804f729209b6bbce1ce66c673164ed0bba73960036e328bd7eb748d10ae0b,,,RAW_CSV,16,6:4s,64,keV/u,,,NOT_EXPLICIT_IN_RAW_CSV;NO_FRAME_CONVERSION,NOT_EXPLICITLY_ASSIGNED,He2+,H(2s),He+ capture center:4s,Electron capture cross sections,1.02E-18,UNRESOLVED_NOT_EXPLICIT_IN_RAW_METADATA,Liu2024 AOCC;3-basis mean in paperEq9;raw file no basis columns,,NO_UNCERTAINTY_COLUMN_IN_RAW_CSV,LITERATURE_SUPPORTED,ALL_LITERAL_NONBLANK_RAW_CSV_CELLS_AND_ASSOCIATED_ENERGY_COLUMNS_VERIFIED,BLOCKED_UNIT_AND_FRAME_SEMANTICS;G1_NOT_AUTHORIZED,NOT_RUN,NOT_RUN,NOT_RUN
D-LIU24-3,10.57760/sciencedb.j00113.00114,datasets/liu2024_sciencedb/H2s-Capture cross sections.csv,353804f729209b6bbce1ce66c673164ed0bba73960036e328bd7eb748d10ae0b,,,RAW_CSV,16,7:4p,64,keV/u,,,NOT_EXPLICIT_IN_RAW_CSV;NO_FRAME_CONVERSION,NOT_EXPLICITLY_ASSIGNED,He2+,H(2s),He+ capture center:4p,Electron capture cross sections,4.60E-18,UNRESOLVED_NOT_EXPLICIT_IN_RAW_METADATA,Liu2024 AOCC;3-basis mean in paperEq9;raw file no basis columns,,NO_UNCERTAINTY_COLUMN_IN_RAW_CSV,LITERATURE_SUPPORTED,ALL_LITERAL_NONBLANK_RAW_CSV_CELLS_AND_ASSOCIATED_ENERGY_COLUMNS_VERIFIED,BLOCKED_UNIT_AND_FRAME_SEMANTICS;G1_NOT_AUTHORIZED,NOT_RUN,NOT_RUN,NOT_RUN
D-LIU24-3,10.57760/sciencedb.j00113.00114,datasets/liu2024_sciencedb/H2s-Capture cross sections.csv,353804f729209b6bbce1ce66c673164ed0bba73960036e328bd7eb748d10ae0b,,,RAW_CSV,16,8:4d,64,keV/u,,,NOT_EXPLICIT_IN_RAW_CSV;NO_FRAME_CONVERSION,NOT_EXPLICITLY_ASSIGNED,He2+,H(2s),He+ capture center:4d,Electron capture cross sections,3.07E-18,UNRESOLVED_NOT_EXPLICIT_IN_RAW_METADATA,Liu2024 AOCC;3-basis mean in paperEq9;raw file no basis columns,,NO_UNCERTAINTY_COLUMN_IN_RAW_CSV,LITERATURE_SUPPORTED,ALL_LITERAL_NONBLANK_RAW_CSV_CELLS_AND_ASSOCIATED_ENERGY_COLUMNS_VERIFIED,BLOCKED_UNIT_AND_FRAME_SEMANTICS;G1_NOT_AUTHORIZED,NOT_RUN,NOT_RUN,NOT_RUN
D-LIU24-3,10.57760/sciencedb.j00113.00114,datasets/liu2024_sciencedb/H2s-Capture cross sections.csv,353804f729209b6bbce1ce66c673164ed0bba73960036e328bd7eb748d10ae0b,,,RAW_CSV,16,9:4f,64,keV/u,,,NOT_EXPLICIT_IN_RAW_CSV;NO_FRAME_CONVERSION,NOT_EXPLICITLY_ASSIGNED,He2+,H(2s),He+ capture center:4f,Electron capture cross sections,7.13E-19,UNRESOLVED_NOT_EXPLICIT_IN_RAW_METADATA,Liu2024 AOCC;3-basis mean in paperEq9;raw file no basis columns,,NO_UNCERTAINTY_COLUMN_IN_RAW_CSV,LITERATURE_SUPPORTED,ALL_LITERAL_NONBLANK_RAW_CSV_CELLS_AND_ASSOCIATED_ENERGY_COLUMNS_VERIFIED,BLOCKED_UNIT_AND_FRAME_SEMANTICS;G1_NOT_AUTHORIZED,NOT_RUN,NOT_RUN,NOT_RUN
D-LIU24-3,10.57760/sciencedb.j00113.00114,datasets/liu2024_sciencedb/H2s-Capture cross sections.csv,353804f729209b6bbce1ce66c673164ed0bba73960036e328bd7eb748d10ae0b,,,RAW_CSV,17,2:tot capture,72.25,keV/u,,,NOT_EXPLICIT_IN_RAW_CSV;NO_FRAME_CONVERSION,NOT_EXPLICITLY_ASSIGNED,He2+,H(2s),He+ capture center:tot capture,Electron capture cross sections,4.45E-17,UNRESOLVED_NOT_EXPLICIT_IN_RAW_METADATA,Liu2024 AOCC;3-basis mean in paperEq9;raw file no basis columns,,NO_UNCERTAINTY_COLUMN_IN_RAW_CSV,LITERATURE_SUPPORTED,ALL_LITERAL_NONBLANK_RAW_CSV_CELLS_AND_ASSOCIATED_ENERGY_COLUMNS_VERIFIED,BLOCKED_UNIT_AND_FRAME_SEMANTICS;G1_NOT_AUTHORIZED,NOT_RUN,NOT_RUN,NOT_RUN
D-LIU24-3,10.57760/sciencedb.j00113.00114,datasets/liu2024_sciencedb/H2s-Capture cross sections.csv,353804f729209b6bbce1ce66c673164ed0bba73960036e328bd7eb748d10ae0b,,,RAW_CSV,17,3:3s,72.25,keV/u,,,NOT_EXPLICIT_IN_RAW_CSV;NO_FRAME_CONVERSION,NOT_EXPLICITLY_ASSIGNED,He2+,H(2s),He+ capture center:3s,Electron capture cross sections,1.33E-18,UNRESOLVED_NOT_EXPLICIT_IN_RAW_METADATA,Liu2024 AOCC;3-basis mean in paperEq9;raw file no basis columns,,NO_UNCERTAINTY_COLUMN_IN_RAW_CSV,LITERATURE_SUPPORTED,ALL_LITERAL_NONBLANK_RAW_CSV_CELLS_AND_ASSOCIATED_ENERGY_COLUMNS_VERIFIED,BLOCKED_UNIT_AND_FRAME_SEMANTICS;G1_NOT_AUTHORIZED,NOT_RUN,NOT_RUN,NOT_RUN
D-LIU24-3,10.57760/sciencedb.j00113.00114,datasets/liu2024_sciencedb/H2s-Capture cross sections.csv,353804f729209b6bbce1ce66c673164ed0bba73960036e328bd7eb748d10ae0b,,,RAW_CSV,17,4:3p,72.25,keV/u,,,NOT_EXPLICIT_IN_RAW_CSV;NO_FRAME_CONVERSION,NOT_EXPLICITLY_ASSIGNED,He2+,H(2s),He+ capture center:3p,Electron capture cross sections,5.58E-18,UNRESOLVED_NOT_EXPLICIT_IN_RAW_METADATA,Liu2024 AOCC;3-basis mean in paperEq9;raw file no basis columns,,NO_UNCERTAINTY_COLUMN_IN_RAW_CSV,LITERATURE_SUPPORTED,ALL_LITERAL_NONBLANK_RAW_CSV_CELLS_AND_ASSOCIATED_ENERGY_COLUMNS_VERIFIED,BLOCKED_UNIT_AND_FRAME_SEMANTICS;G1_NOT_AUTHORIZED,NOT_RUN,NOT_RUN,NOT_RUN
D-LIU24-3,10.57760/sciencedb.j00113.00114,datasets/liu2024_sciencedb/H2s-Capture cross sections.csv,353804f729209b6bbce1ce66c673164ed0bba73960036e328bd7eb748d10ae0b,,,RAW_CSV,17,5:3d,72.25,keV/u,,,NOT_EXPLICIT_IN_RAW_CSV;NO_FRAME_CONVERSION,NOT_EXPLICITLY_ASSIGNED,He2+,H(2s),He+ capture center:3d,Electron capture cross sections,3.00E-18,UNRESOLVED_NOT_EXPLICIT_IN_RAW_METADATA,Liu2024 AOCC;3-basis mean in paperEq9;raw file no basis columns,,NO_UNCERTAINTY_COLUMN_IN_RAW_CSV,LITERATURE_SUPPORTED,ALL_LITERAL_NONBLANK_RAW_CSV_CELLS_AND_ASSOCIATED_ENERGY_COLUMNS_VERIFIED,BLOCKED_UNIT_AND_FRAME_SEMANTICS;G1_NOT_AUTHORIZED,NOT_RUN,NOT_RUN,NOT_RUN
D-LIU24-3,10.57760/sciencedb.j00113.00114,datasets/liu2024_sciencedb/H2s-Capture cross sections.csv,353804f729209b6bbce1ce66c673164ed0bba73960036e328bd7eb748d10ae0b,,,RAW_CSV,17,6:4s,72.25,keV/u,,,NOT_EXPLICIT_IN_RAW_CSV;NO_FRAME_CONVERSION,NOT_EXPLICITLY_ASSIGNED,He2+,H(2s),He+ capture center:4s,Electron capture cross sections,8.87E-19,UNRESOLVED_NOT_EXPLICIT_IN_RAW_METADATA,Liu2024 AOCC;3-basis mean in paperEq9;raw file no basis columns,,NO_UNCERTAINTY_COLUMN_IN_RAW_CSV,LITERATURE_SUPPORTED,ALL_LITERAL_NONBLANK_RAW_CSV_CELLS_AND_ASSOCIATED_ENERGY_COLUMNS_VERIFIED,BLOCKED_UNIT_AND_FRAME_SEMANTICS;G1_NOT_AUTHORIZED,NOT_RUN,NOT_RUN,NOT_RUN
D-LIU24-3,10.57760/sciencedb.j00113.00114,datasets/liu2024_sciencedb/H2s-Capture cross sections.csv,353804f729209b6bbce1ce66c673164ed0bba73960036e328bd7eb748d10ae0b,,,RAW_CSV,17,7:4p,72.25,keV/u,,,NOT_EXPLICIT_IN_RAW_CSV;NO_FRAME_CONVERSION,NOT_EXPLICITLY_ASSIGNED,He2+,H(2s),He+ capture center:4p,Electron capture cross sections,2.86E-18,UNRESOLVED_NOT_EXPLICIT_IN_RAW_METADATA,Liu2024 AOCC;3-basis mean in paperEq9;raw file no basis columns,,NO_UNCERTAINTY_COLUMN_IN_RAW_CSV,LITERATURE_SUPPORTED,ALL_LITERAL_NONBLANK_RAW_CSV_CELLS_AND_ASSOCIATED_ENERGY_COLUMNS_VERIFIED,BLOCKED_UNIT_AND_FRAME_SEMANTICS;G1_NOT_AUTHORIZED,NOT_RUN,NOT_RUN,NOT_RUN
D-LIU24-3,10.57760/sciencedb.j00113.00114,datasets/liu2024_sciencedb/H2s-Capture cross sections.csv,353804f729209b6bbce1ce66c673164ed0bba73960036e328bd7eb748d10ae0b,,,RAW_CSV,17,8:4d,72.25,keV/u,,,NOT_EXPLICIT_IN_RAW_CSV;NO_FRAME_CONVERSION,NOT_EXPLICITLY_ASSIGNED,He2+,H(2s),He+ capture center:4d,Electron capture cross sections,1.60E-18,UNRESOLVED_NOT_EXPLICIT_IN_RAW_METADATA,Liu2024 AOCC;3-basis mean in paperEq9;raw file no basis columns,,NO_UNCERTAINTY_COLUMN_IN_RAW_CSV,LITERATURE_SUPPORTED,ALL_LITERAL_NONBLANK_RAW_CSV_CELLS_AND_ASSOCIATED_ENERGY_COLUMNS_VERIFIED,BLOCKED_UNIT_AND_FRAME_SEMANTICS;G1_NOT_AUTHORIZED,NOT_RUN,NOT_RUN,NOT_RUN
D-LIU24-3,10.57760/sciencedb.j00113.00114,datasets/liu2024_sciencedb/H2s-Capture cross sections.csv,353804f729209b6bbce1ce66c673164ed0bba73960036e328bd7eb748d10ae0b,,,RAW_CSV,17,9:4f,72.25,keV/u,,,NOT_EXPLICIT_IN_RAW_CSV;NO_FRAME_CONVERSION,NOT_EXPLICITLY_ASSIGNED,He2+,H(2s),He+ capture center:4f,Electron capture cross sections,3.55E-19,UNRESOLVED_NOT_EXPLICIT_IN_RAW_METADATA,Liu2024 AOCC;3-basis mean in paperEq9;raw file no basis columns,,NO_UNCERTAINTY_COLUMN_IN_RAW_CSV,LITERATURE_SUPPORTED,ALL_LITERAL_NONBLANK_RAW_CSV_CELLS_AND_ASSOCIATED_ENERGY_COLUMNS_VERIFIED,BLOCKED_UNIT_AND_FRAME_SEMANTICS;G1_NOT_AUTHORIZED,NOT_RUN,NOT_RUN,NOT_RUN
D-LIU24-3,10.57760/sciencedb.j00113.00114,datasets/liu2024_sciencedb/H2s-Capture cross sections.csv,353804f729209b6bbce1ce66c673164ed0bba73960036e328bd7eb748d10ae0b,,,RAW_CSV,18,2:tot capture,81,keV/u,,,NOT_EXPLICIT_IN_RAW_CSV;NO_FRAME_CONVERSION,NOT_EXPLICITLY_ASSIGNED,He2+,H(2s),He+ capture center:tot capture,Electron capture cross sections,2.96E-17,UNRESOLVED_NOT_EXPLICIT_IN_RAW_METADATA,Liu2024 AOCC;3-basis mean in paperEq9;raw file no basis columns,,NO_UNCERTAINTY_COLUMN_IN_RAW_CSV,LITERATURE_SUPPORTED,ALL_LITERAL_NONBLANK_RAW_CSV_CELLS_AND_ASSOCIATED_ENERGY_COLUMNS_VERIFIED,BLOCKED_UNIT_AND_FRAME_SEMANTICS;G1_NOT_AUTHORIZED,NOT_RUN,NOT_RUN,NOT_RUN
D-LIU24-3,10.57760/sciencedb.j00113.00114,datasets/liu2024_sciencedb/H2s-Capture cross sections.csv,353804f729209b6bbce1ce66c673164ed0bba73960036e328bd7eb748d10ae0b,,,RAW_CSV,18,3:3s,81,keV/u,,,NOT_EXPLICIT_IN_RAW_CSV;NO_FRAME_CONVERSION,NOT_EXPLICITLY_ASSIGNED,He2+,H(2s),He+ capture center:3s,Electron capture cross sections,1.08E-18,UNRESOLVED_NOT_EXPLICIT_IN_RAW_METADATA,Liu2024 AOCC;3-basis mean in paperEq9;raw file no basis columns,,NO_UNCERTAINTY_COLUMN_IN_RAW_CSV,LITERATURE_SUPPORTED,ALL_LITERAL_NONBLANK_RAW_CSV_CELLS_AND_ASSOCIATED_ENERGY_COLUMNS_VERIFIED,BLOCKED_UNIT_AND_FRAME_SEMANTICS;G1_NOT_AUTHORIZED,NOT_RUN,NOT_RUN,NOT_RUN
D-LIU24-3,10.57760/sciencedb.j00113.00114,datasets/liu2024_sciencedb/H2s-Capture cross sections.csv,353804f729209b6bbce1ce66c673164ed0bba73960036e328bd7eb748d10ae0b,,,RAW_CSV,18,4:3p,81,keV/u,,,NOT_EXPLICIT_IN_RAW_CSV;NO_FRAME_CONVERSION,NOT_EXPLICITLY_ASSIGNED,He2+,H(2s),He+ capture center:3p,Electron capture cross sections,3.45E-18,UNRESOLVED_NOT_EXPLICIT_IN_RAW_METADATA,Liu2024 AOCC;3-basis mean in paperEq9;raw file no basis columns,,NO_UNCERTAINTY_COLUMN_IN_RAW_CSV,LITERATURE_SUPPORTED,ALL_LITERAL_NONBLANK_RAW_CSV_CELLS_AND_ASSOCIATED_ENERGY_COLUMNS_VERIFIED,BLOCKED_UNIT_AND_FRAME_SEMANTICS;G1_NOT_AUTHORIZED,NOT_RUN,NOT_RUN,NOT_RUN
D-LIU24-3,10.57760/sciencedb.j00113.00114,datasets/liu2024_sciencedb/H2s-Capture cross sections.csv,353804f729209b6bbce1ce66c673164ed0bba73960036e328bd7eb748d10ae0b,,,RAW_CSV,18,5:3d,81,keV/u,,,NOT_EXPLICIT_IN_RAW_CSV;NO_FRAME_CONVERSION,NOT_EXPLICITLY_ASSIGNED,He2+,H(2s),He+ capture center:3d,Electron capture cross sections,1.71E-18,UNRESOLVED_NOT_EXPLICIT_IN_RAW_METADATA,Liu2024 AOCC;3-basis mean in paperEq9;raw file no basis columns,,NO_UNCERTAINTY_COLUMN_IN_RAW_CSV,LITERATURE_SUPPORTED,ALL_LITERAL_NONBLANK_RAW_CSV_CELLS_AND_ASSOCIATED_ENERGY_COLUMNS_VERIFIED,BLOCKED_UNIT_AND_FRAME_SEMANTICS;G1_NOT_AUTHORIZED,NOT_RUN,NOT_RUN,NOT_RUN
D-LIU24-3,10.57760/sciencedb.j00113.00114,datasets/liu2024_sciencedb/H2s-Capture cross sections.csv,353804f729209b6bbce1ce66c673164ed0bba73960036e328bd7eb748d10ae0b,,,RAW_CSV,18,6:4s,81,keV/u,,,NOT_EXPLICIT_IN_RAW_CSV;NO_FRAME_CONVERSION,NOT_EXPLICITLY_ASSIGNED,He2+,H(2s),He+ capture center:4s,Electron capture cross sections,6.25E-19,UNRESOLVED_NOT_EXPLICIT_IN_RAW_METADATA,Liu2024 AOCC;3-basis mean in paperEq9;raw file no basis columns,,NO_UNCERTAINTY_COLUMN_IN_RAW_CSV,LITERATURE_SUPPORTED,ALL_LITERAL_NONBLANK_RAW_CSV_CELLS_AND_ASSOCIATED_ENERGY_COLUMNS_VERIFIED,BLOCKED_UNIT_AND_FRAME_SEMANTICS;G1_NOT_AUTHORIZED,NOT_RUN,NOT_RUN,NOT_RUN
D-LIU24-3,10.57760/sciencedb.j00113.00114,datasets/liu2024_sciencedb/H2s-Capture cross sections.csv,353804f729209b6bbce1ce66c673164ed0bba73960036e328bd7eb748d10ae0b,,,RAW_CSV,18,7:4p,81,keV/u,,,NOT_EXPLICIT_IN_RAW_CSV;NO_FRAME_CONVERSION,NOT_EXPLICITLY_ASSIGNED,He2+,H(2s),He+ capture center:4p,Electron capture cross sections,1.71E-18,UNRESOLVED_NOT_EXPLICIT_IN_RAW_METADATA,Liu2024 AOCC;3-basis mean in paperEq9;raw file no basis columns,,NO_UNCERTAINTY_COLUMN_IN_RAW_CSV,LITERATURE_SUPPORTED,ALL_LITERAL_NONBLANK_RAW_CSV_CELLS_AND_ASSOCIATED_ENERGY_COLUMNS_VERIFIED,BLOCKED_UNIT_AND_FRAME_SEMANTICS;G1_NOT_AUTHORIZED,NOT_RUN,NOT_RUN,NOT_RUN
D-LIU24-3,10.57760/sciencedb.j00113.00114,datasets/liu2024_sciencedb/H2s-Capture cross sections.csv,353804f729209b6bbce1ce66c673164ed0bba73960036e328bd7eb748d10ae0b,,,RAW_CSV,18,8:4d,81,keV/u,,,NOT_EXPLICIT_IN_RAW_CSV;NO_FRAME_CONVERSION,NOT_EXPLICITLY_ASSIGNED,He2+,H(2s),He+ capture center:4d,Electron capture cross sections,9.97E-19,UNRESOLVED_NOT_EXPLICIT_IN_RAW_METADATA,Liu2024 AOCC;3-basis mean in paperEq9;raw file no basis columns,,NO_UNCERTAINTY_COLUMN_IN_RAW_CSV,LITERATURE_SUPPORTED,ALL_LITERAL_NONBLANK_RAW_CSV_CELLS_AND_ASSOCIATED_ENERGY_COLUMNS_VERIFIED,BLOCKED_UNIT_AND_FRAME_SEMANTICS;G1_NOT_AUTHORIZED,NOT_RUN,NOT_RUN,NOT_RUN
D-LIU24-3,10.57760/sciencedb.j00113.00114,datasets/liu2024_sciencedb/H2s-Capture cross sections.csv,353804f729209b6bbce1ce66c673164ed0bba73960036e328bd7eb748d10ae0b,,,RAW_CSV,18,9:4f,81,keV/u,,,NOT_EXPLICIT_IN_RAW_CSV;NO_FRAME_CONVERSION,NOT_EXPLICITLY_ASSIGNED,He2+,H(2s),He+ capture center:4f,Electron capture cross sections,2.32E-19,UNRESOLVED_NOT_EXPLICIT_IN_RAW_METADATA,Liu2024 AOCC;3-basis mean in paperEq9;raw file no basis columns,,NO_UNCERTAINTY_COLUMN_IN_RAW_CSV,LITERATURE_SUPPORTED,ALL_LITERAL_NONBLANK_RAW_CSV_CELLS_AND_ASSOCIATED_ENERGY_COLUMNS_VERIFIED,BLOCKED_UNIT_AND_FRAME_SEMANTICS;G1_NOT_AUTHORIZED,NOT_RUN,NOT_RUN,NOT_RUN
D-LIU24-3,10.57760/sciencedb.j00113.00114,datasets/liu2024_sciencedb/H2s-Capture cross sections.csv,353804f729209b6bbce1ce66c673164ed0bba73960036e328bd7eb748d10ae0b,,,RAW_CSV,19,2:tot capture,90.25,keV/u,,,NOT_EXPLICIT_IN_RAW_CSV;NO_FRAME_CONVERSION,NOT_EXPLICITLY_ASSIGNED,He2+,H(2s),He+ capture center:tot capture,Electron capture cross sections,1.98E-17,UNRESOLVED_NOT_EXPLICIT_IN_RAW_METADATA,Liu2024 AOCC;3-basis mean in paperEq9;raw file no basis columns,,NO_UNCERTAINTY_COLUMN_IN_RAW_CSV,LITERATURE_SUPPORTED,ALL_LITERAL_NONBLANK_RAW_CSV_CELLS_AND_ASSOCIATED_ENERGY_COLUMNS_VERIFIED,BLOCKED_UNIT_AND_FRAME_SEMANTICS;G1_NOT_AUTHORIZED,NOT_RUN,NOT_RUN,NOT_RUN
D-LIU24-3,10.57760/sciencedb.j00113.00114,datasets/liu2024_sciencedb/H2s-Capture cross sections.csv,353804f729209b6bbce1ce66c673164ed0bba73960036e328bd7eb748d10ae0b,,,RAW_CSV,19,3:3s,90.25,keV/u,,,NOT_EXPLICIT_IN_RAW_CSV;NO_FRAME_CONVERSION,NOT_EXPLICITLY_ASSIGNED,He2+,H(2s),He+ capture center:3s,Electron capture cross sections,8.98E-19,UNRESOLVED_NOT_EXPLICIT_IN_RAW_METADATA,Liu2024 AOCC;3-basis mean in paperEq9;raw file no basis columns,,NO_UNCERTAINTY_COLUMN_IN_RAW_CSV,LITERATURE_SUPPORTED,ALL_LITERAL_NONBLANK_RAW_CSV_CELLS_AND_ASSOCIATED_ENERGY_COLUMNS_VERIFIED,BLOCKED_UNIT_AND_FRAME_SEMANTICS;G1_NOT_AUTHORIZED,NOT_RUN,NOT_RUN,NOT_RUN
D-LIU24-3,10.57760/sciencedb.j00113.00114,datasets/liu2024_sciencedb/H2s-Capture cross sections.csv,353804f729209b6bbce1ce66c673164ed0bba73960036e328bd7eb748d10ae0b,,,RAW_CSV,19,4:3p,90.25,keV/u,,,NOT_EXPLICIT_IN_RAW_CSV;NO_FRAME_CONVERSION,NOT_EXPLICITLY_ASSIGNED,He2+,H(2s),He+ capture center:3p,Electron capture cross sections,2.34E-18,UNRESOLVED_NOT_EXPLICIT_IN_RAW_METADATA,Liu2024 AOCC;3-basis mean in paperEq9;raw file no basis columns,,NO_UNCERTAINTY_COLUMN_IN_RAW_CSV,LITERATURE_SUPPORTED,ALL_LITERAL_NONBLANK_RAW_CSV_CELLS_AND_ASSOCIATED_ENERGY_COLUMNS_VERIFIED,BLOCKED_UNIT_AND_FRAME_SEMANTICS;G1_NOT_AUTHORIZED,NOT_RUN,NOT_RUN,NOT_RUN
D-LIU24-3,10.57760/sciencedb.j00113.00114,datasets/liu2024_sciencedb/H2s-Capture cross sections.csv,353804f729209b6bbce1ce66c673164ed0bba73960036e328bd7eb748d10ae0b,,,RAW_CSV,19,5:3d,90.25,keV/u,,,NOT_EXPLICIT_IN_RAW_CSV;NO_FRAME_CONVERSION,NOT_EXPLICITLY_ASSIGNED,He2+,H(2s),He+ capture center:3d,Electron capture cross sections,9.82E-19,UNRESOLVED_NOT_EXPLICIT_IN_RAW_METADATA,Liu2024 AOCC;3-basis mean in paperEq9;raw file no basis columns,,NO_UNCERTAINTY_COLUMN_IN_RAW_CSV,LITERATURE_SUPPORTED,ALL_LITERAL_NONBLANK_RAW_CSV_CELLS_AND_ASSOCIATED_ENERGY_COLUMNS_VERIFIED,BLOCKED_UNIT_AND_FRAME_SEMANTICS;G1_NOT_AUTHORIZED,NOT_RUN,NOT_RUN,NOT_RUN
D-LIU24-3,10.57760/sciencedb.j00113.00114,datasets/liu2024_sciencedb/H2s-Capture cross sections.csv,353804f729209b6bbce1ce66c673164ed0bba73960036e328bd7eb748d10ae0b,,,RAW_CSV,19,6:4s,90.25,keV/u,,,NOT_EXPLICIT_IN_RAW_CSV;NO_FRAME_CONVERSION,NOT_EXPLICITLY_ASSIGNED,He2+,H(2s),He+ capture center:4s,Electron capture cross sections,5.05E-19,UNRESOLVED_NOT_EXPLICIT_IN_RAW_METADATA,Liu2024 AOCC;3-basis mean in paperEq9;raw file no basis columns,,NO_UNCERTAINTY_COLUMN_IN_RAW_CSV,LITERATURE_SUPPORTED,ALL_LITERAL_NONBLANK_RAW_CSV_CELLS_AND_ASSOCIATED_ENERGY_COLUMNS_VERIFIED,BLOCKED_UNIT_AND_FRAME_SEMANTICS;G1_NOT_AUTHORIZED,NOT_RUN,NOT_RUN,NOT_RUN
D-LIU24-3,10.57760/sciencedb.j00113.00114,datasets/liu2024_sciencedb/H2s-Capture cross sections.csv,353804f729209b6bbce1ce66c673164ed0bba73960036e328bd7eb748d10ae0b,,,RAW_CSV,19,7:4p,90.25,keV/u,,,NOT_EXPLICIT_IN_RAW_CSV;NO_FRAME_CONVERSION,NOT_EXPLICITLY_ASSIGNED,He2+,H(2s),He+ capture center:4p,Electron capture cross sections,1.16E-18,UNRESOLVED_NOT_EXPLICIT_IN_RAW_METADATA,Liu2024 AOCC;3-basis mean in paperEq9;raw file no basis columns,,NO_UNCERTAINTY_COLUMN_IN_RAW_CSV,LITERATURE_SUPPORTED,ALL_LITERAL_NONBLANK_RAW_CSV_CELLS_AND_ASSOCIATED_ENERGY_COLUMNS_VERIFIED,BLOCKED_UNIT_AND_FRAME_SEMANTICS;G1_NOT_AUTHORIZED,NOT_RUN,NOT_RUN,NOT_RUN
D-LIU24-3,10.57760/sciencedb.j00113.00114,datasets/liu2024_sciencedb/H2s-Capture cross sections.csv,353804f729209b6bbce1ce66c673164ed0bba73960036e328bd7eb748d10ae0b,,,RAW_CSV,19,8:4d,90.25,keV/u,,,NOT_EXPLICIT_IN_RAW_CSV;NO_FRAME_CONVERSION,NOT_EXPLICITLY_ASSIGNED,He2+,H(2s),He+ capture center:4d,Electron capture cross sections,5.59E-19,UNRESOLVED_NOT_EXPLICIT_IN_RAW_METADATA,Liu2024 AOCC;3-basis mean in paperEq9;raw file no basis columns,,NO_UNCERTAINTY_COLUMN_IN_RAW_CSV,LITERATURE_SUPPORTED,ALL_LITERAL_NONBLANK_RAW_CSV_CELLS_AND_ASSOCIATED_ENERGY_COLUMNS_VERIFIED,BLOCKED_UNIT_AND_FRAME_SEMANTICS;G1_NOT_AUTHORIZED,NOT_RUN,NOT_RUN,NOT_RUN
D-LIU24-3,10.57760/sciencedb.j00113.00114,datasets/liu2024_sciencedb/H2s-Capture cross sections.csv,353804f729209b6bbce1ce66c673164ed0bba73960036e328bd7eb748d10ae0b,,,RAW_CSV,19,9:4f,90.25,keV/u,,,NOT_EXPLICIT_IN_RAW_CSV;NO_FRAME_CONVERSION,NOT_EXPLICITLY_ASSIGNED,He2+,H(2s),He+ capture center:4f,Electron capture cross sections,1.04E-19,UNRESOLVED_NOT_EXPLICIT_IN_RAW_METADATA,Liu2024 AOCC;3-basis mean in paperEq9;raw file no basis columns,,NO_UNCERTAINTY_COLUMN_IN_RAW_CSV,LITERATURE_SUPPORTED,ALL_LITERAL_NONBLANK_RAW_CSV_CELLS_AND_ASSOCIATED_ENERGY_COLUMNS_VERIFIED,BLOCKED_UNIT_AND_FRAME_SEMANTICS;G1_NOT_AUTHORIZED,NOT_RUN,NOT_RUN,NOT_RUN
D-LIU24-3,10.57760/sciencedb.j00113.00114,datasets/liu2024_sciencedb/H2s-Capture cross sections.csv,353804f729209b6bbce1ce66c673164ed0bba73960036e328bd7eb748d10ae0b,,,RAW_CSV,20,2:tot capture,100,keV/u,,,NOT_EXPLICIT_IN_RAW_CSV;NO_FRAME_CONVERSION,NOT_EXPLICITLY_ASSIGNED,He2+,H(2s),He+ capture center:tot capture,Electron capture cross sections,1.30E-17,UNRESOLVED_NOT_EXPLICIT_IN_RAW_METADATA,Liu2024 AOCC;3-basis mean in paperEq9;raw file no basis columns,,NO_UNCERTAINTY_COLUMN_IN_RAW_CSV,LITERATURE_SUPPORTED,ALL_LITERAL_NONBLANK_RAW_CSV_CELLS_AND_ASSOCIATED_ENERGY_COLUMNS_VERIFIED,BLOCKED_UNIT_AND_FRAME_SEMANTICS;G1_NOT_AUTHORIZED,NOT_RUN,NOT_RUN,NOT_RUN
D-LIU24-3,10.57760/sciencedb.j00113.00114,datasets/liu2024_sciencedb/H2s-Capture cross sections.csv,353804f729209b6bbce1ce66c673164ed0bba73960036e328bd7eb748d10ae0b,,,RAW_CSV,20,3:3s,100,keV/u,,,NOT_EXPLICIT_IN_RAW_CSV;NO_FRAME_CONVERSION,NOT_EXPLICITLY_ASSIGNED,He2+,H(2s),He+ capture center:3s,Electron capture cross sections,6.57E-19,UNRESOLVED_NOT_EXPLICIT_IN_RAW_METADATA,Liu2024 AOCC;3-basis mean in paperEq9;raw file no basis columns,,NO_UNCERTAINTY_COLUMN_IN_RAW_CSV,LITERATURE_SUPPORTED,ALL_LITERAL_NONBLANK_RAW_CSV_CELLS_AND_ASSOCIATED_ENERGY_COLUMNS_VERIFIED,BLOCKED_UNIT_AND_FRAME_SEMANTICS;G1_NOT_AUTHORIZED,NOT_RUN,NOT_RUN,NOT_RUN
D-LIU24-3,10.57760/sciencedb.j00113.00114,datasets/liu2024_sciencedb/H2s-Capture cross sections.csv,353804f729209b6bbce1ce66c673164ed0bba73960036e328bd7eb748d10ae0b,,,RAW_CSV,20,4:3p,100,keV/u,,,NOT_EXPLICIT_IN_RAW_CSV;NO_FRAME_CONVERSION,NOT_EXPLICITLY_ASSIGNED,He2+,H(2s),He+ capture center:3p,Electron capture cross sections,1.44E-18,UNRESOLVED_NOT_EXPLICIT_IN_RAW_METADATA,Liu2024 AOCC;3-basis mean in paperEq9;raw file no basis columns,,NO_UNCERTAINTY_COLUMN_IN_RAW_CSV,LITERATURE_SUPPORTED,ALL_LITERAL_NONBLANK_RAW_CSV_CELLS_AND_ASSOCIATED_ENERGY_COLUMNS_VERIFIED,BLOCKED_UNIT_AND_FRAME_SEMANTICS;G1_NOT_AUTHORIZED,NOT_RUN,NOT_RUN,NOT_RUN
D-LIU24-3,10.57760/sciencedb.j00113.00114,datasets/liu2024_sciencedb/H2s-Capture cross sections.csv,353804f729209b6bbce1ce66c673164ed0bba73960036e328bd7eb748d10ae0b,,,RAW_CSV,20,5:3d,100,keV/u,,,NOT_EXPLICIT_IN_RAW_CSV;NO_FRAME_CONVERSION,NOT_EXPLICITLY_ASSIGNED,He2+,H(2s),He+ capture center:3d,Electron capture cross sections,5.37E-19,UNRESOLVED_NOT_EXPLICIT_IN_RAW_METADATA,Liu2024 AOCC;3-basis mean in paperEq9;raw file no basis columns,,NO_UNCERTAINTY_COLUMN_IN_RAW_CSV,LITERATURE_SUPPORTED,ALL_LITERAL_NONBLANK_RAW_CSV_CELLS_AND_ASSOCIATED_ENERGY_COLUMNS_VERIFIED,BLOCKED_UNIT_AND_FRAME_SEMANTICS;G1_NOT_AUTHORIZED,NOT_RUN,NOT_RUN,NOT_RUN
D-LIU24-3,10.57760/sciencedb.j00113.00114,datasets/liu2024_sciencedb/H2s-Capture cross sections.csv,353804f729209b6bbce1ce66c673164ed0bba73960036e328bd7eb748d10ae0b,,,RAW_CSV,20,6:4s,100,keV/u,,,NOT_EXPLICIT_IN_RAW_CSV;NO_FRAME_CONVERSION,NOT_EXPLICITLY_ASSIGNED,He2+,H(2s),He+ capture center:4s,Electron capture cross sections,3.65E-19,UNRESOLVED_NOT_EXPLICIT_IN_RAW_METADATA,Liu2024 AOCC;3-basis mean in paperEq9;raw file no basis columns,,NO_UNCERTAINTY_COLUMN_IN_RAW_CSV,LITERATURE_SUPPORTED,ALL_LITERAL_NONBLANK_RAW_CSV_CELLS_AND_ASSOCIATED_ENERGY_COLUMNS_VERIFIED,BLOCKED_UNIT_AND_FRAME_SEMANTICS;G1_NOT_AUTHORIZED,NOT_RUN,NOT_RUN,NOT_RUN
D-LIU24-3,10.57760/sciencedb.j00113.00114,datasets/liu2024_sciencedb/H2s-Capture cross sections.csv,353804f729209b6bbce1ce66c673164ed0bba73960036e328bd7eb748d10ae0b,,,RAW_CSV,20,7:4p,100,keV/u,,,NOT_EXPLICIT_IN_RAW_CSV;NO_FRAME_CONVERSION,NOT_EXPLICITLY_ASSIGNED,He2+,H(2s),He+ capture center:4p,Electron capture cross sections,7.06E-19,UNRESOLVED_NOT_EXPLICIT_IN_RAW_METADATA,Liu2024 AOCC;3-basis mean in paperEq9;raw file no basis columns,,NO_UNCERTAINTY_COLUMN_IN_RAW_CSV,LITERATURE_SUPPORTED,ALL_LITERAL_NONBLANK_RAW_CSV_CELLS_AND_ASSOCIATED_ENERGY_COLUMNS_VERIFIED,BLOCKED_UNIT_AND_FRAME_SEMANTICS;G1_NOT_AUTHORIZED,NOT_RUN,NOT_RUN,NOT_RUN
D-LIU24-3,10.57760/sciencedb.j00113.00114,datasets/liu2024_sciencedb/H2s-Capture cross sections.csv,353804f729209b6bbce1ce66c673164ed0bba73960036e328bd7eb748d10ae0b,,,RAW_CSV,20,8:4d,100,keV/u,,,NOT_EXPLICIT_IN_RAW_CSV;NO_FRAME_CONVERSION,NOT_EXPLICITLY_ASSIGNED,He2+,H(2s),He+ capture center:4d,Electron capture cross sections,3.18E-19,UNRESOLVED_NOT_EXPLICIT_IN_RAW_METADATA,Liu2024 AOCC;3-basis mean in paperEq9;raw file no basis columns,,NO_UNCERTAINTY_COLUMN_IN_RAW_CSV,LITERATURE_SUPPORTED,ALL_LITERAL_NONBLANK_RAW_CSV_CELLS_AND_ASSOCIATED_ENERGY_COLUMNS_VERIFIED,BLOCKED_UNIT_AND_FRAME_SEMANTICS;G1_NOT_AUTHORIZED,NOT_RUN,NOT_RUN,NOT_RUN
D-LIU24-3,10.57760/sciencedb.j00113.00114,datasets/liu2024_sciencedb/H2s-Capture cross sections.csv,353804f729209b6bbce1ce66c673164ed0bba73960036e328bd7eb748d10ae0b,,,RAW_CSV,20,9:4f,100,keV/u,,,NOT_EXPLICIT_IN_RAW_CSV;NO_FRAME_CONVERSION,NOT_EXPLICITLY_ASSIGNED,He2+,H(2s),He+ capture center:4f,Electron capture cross sections,5.91E-20,UNRESOLVED_NOT_EXPLICIT_IN_RAW_METADATA,Liu2024 AOCC;3-basis mean in paperEq9;raw file no basis columns,,NO_UNCERTAINTY_COLUMN_IN_RAW_CSV,LITERATURE_SUPPORTED,ALL_LITERAL_NONBLANK_RAW_CSV_CELLS_AND_ASSOCIATED_ENERGY_COLUMNS_VERIFIED,BLOCKED_UNIT_AND_FRAME_SEMANTICS;G1_NOT_AUTHORIZED,NOT_RUN,NOT_RUN,NOT_RUN
D-LIU24-3,10.57760/sciencedb.j00113.00114,datasets/liu2024_sciencedb/H2s-Capture cross sections.csv,353804f729209b6bbce1ce66c673164ed0bba73960036e328bd7eb748d10ae0b,,,RAW_CSV,21,2:tot capture,110.25,keV/u,,,NOT_EXPLICIT_IN_RAW_CSV;NO_FRAME_CONVERSION,NOT_EXPLICITLY_ASSIGNED,He2+,H(2s),He+ capture center:tot capture,Electron capture cross sections,8.68E-18,UNRESOLVED_NOT_EXPLICIT_IN_RAW_METADATA,Liu2024 AOCC;3-basis mean in paperEq9;raw file no basis columns,,NO_UNCERTAINTY_COLUMN_IN_RAW_CSV,LITERATURE_SUPPORTED,ALL_LITERAL_NONBLANK_RAW_CSV_CELLS_AND_ASSOCIATED_ENERGY_COLUMNS_VERIFIED,BLOCKED_UNIT_AND_FRAME_SEMANTICS;G1_NOT_AUTHORIZED,NOT_RUN,NOT_RUN,NOT_RUN
D-LIU24-3,10.57760/sciencedb.j00113.00114,datasets/liu2024_sciencedb/H2s-Capture cross sections.csv,353804f729209b6bbce1ce66c673164ed0bba73960036e328bd7eb748d10ae0b,,,RAW_CSV,21,3:3s,110.25,keV/u,,,NOT_EXPLICIT_IN_RAW_CSV;NO_FRAME_CONVERSION,NOT_EXPLICITLY_ASSIGNED,He2+,H(2s),He+ capture center:3s,Electron capture cross sections,5.06E-19,UNRESOLVED_NOT_EXPLICIT_IN_RAW_METADATA,Liu2024 AOCC;3-basis mean in paperEq9;raw file no basis columns,,NO_UNCERTAINTY_COLUMN_IN_RAW_CSV,LITERATURE_SUPPORTED,ALL_LITERAL_NONBLANK_RAW_CSV_CELLS_AND_ASSOCIATED_ENERGY_COLUMNS_VERIFIED,BLOCKED_UNIT_AND_FRAME_SEMANTICS;G1_NOT_AUTHORIZED,NOT_RUN,NOT_RUN,NOT_RUN
D-LIU24-3,10.57760/sciencedb.j00113.00114,datasets/liu2024_sciencedb/H2s-Capture cross sections.csv,353804f729209b6bbce1ce66c673164ed0bba73960036e328bd7eb748d10ae0b,,,RAW_CSV,21,4:3p,110.25,keV/u,,,NOT_EXPLICIT_IN_RAW_CSV;NO_FRAME_CONVERSION,NOT_EXPLICITLY_ASSIGNED,He2+,H(2s),He+ capture center:3p,Electron capture cross sections,9.39E-19,UNRESOLVED_NOT_EXPLICIT_IN_RAW_METADATA,Liu2024 AOCC;3-basis mean in paperEq9;raw file no basis columns,,NO_UNCERTAINTY_COLUMN_IN_RAW_CSV,LITERATURE_SUPPORTED,ALL_LITERAL_NONBLANK_RAW_CSV_CELLS_AND_ASSOCIATED_ENERGY_COLUMNS_VERIFIED,BLOCKED_UNIT_AND_FRAME_SEMANTICS;G1_NOT_AUTHORIZED,NOT_RUN,NOT_RUN,NOT_RUN
D-LIU24-3,10.57760/sciencedb.j00113.00114,datasets/liu2024_sciencedb/H2s-Capture cross sections.csv,353804f729209b6bbce1ce66c673164ed0bba73960036e328bd7eb748d10ae0b,,,RAW_CSV,21,5:3d,110.25,keV/u,,,NOT_EXPLICIT_IN_RAW_CSV;NO_FRAME_CONVERSION,NOT_EXPLICITLY_ASSIGNED,He2+,H(2s),He+ capture center:3d,Electron capture cross sections,3.09E-19,UNRESOLVED_NOT_EXPLICIT_IN_RAW_METADATA,Liu2024 AOCC;3-basis mean in paperEq9;raw file no basis columns,,NO_UNCERTAINTY_COLUMN_IN_RAW_CSV,LITERATURE_SUPPORTED,ALL_LITERAL_NONBLANK_RAW_CSV_CELLS_AND_ASSOCIATED_ENERGY_COLUMNS_VERIFIED,BLOCKED_UNIT_AND_FRAME_SEMANTICS;G1_NOT_AUTHORIZED,NOT_RUN,NOT_RUN,NOT_RUN
D-LIU24-3,10.57760/sciencedb.j00113.00114,datasets/liu2024_sciencedb/H2s-Capture cross sections.csv,353804f729209b6bbce1ce66c673164ed0bba73960036e328bd7eb748d10ae0b,,,RAW_CSV,21,6:4s,110.25,keV/u,,,NOT_EXPLICIT_IN_RAW_CSV;NO_FRAME_CONVERSION,NOT_EXPLICITLY_ASSIGNED,He2+,H(2s),He+ capture center:4s,Electron capture cross sections,2.74E-19,UNRESOLVED_NOT_EXPLICIT_IN_RAW_METADATA,Liu2024 AOCC;3-basis mean in paperEq9;raw file no basis columns,,NO_UNCERTAINTY_COLUMN_IN_RAW_CSV,LITERATURE_SUPPORTED,ALL_LITERAL_NONBLANK_RAW_CSV_CELLS_AND_ASSOCIATED_ENERGY_COLUMNS_VERIFIED,BLOCKED_UNIT_AND_FRAME_SEMANTICS;G1_NOT_AUTHORIZED,NOT_RUN,NOT_RUN,NOT_RUN
D-LIU24-3,10.57760/sciencedb.j00113.00114,datasets/liu2024_sciencedb/H2s-Capture cross sections.csv,353804f729209b6bbce1ce66c673164ed0bba73960036e328bd7eb748d10ae0b,,,RAW_CSV,21,7:4p,110.25,keV/u,,,NOT_EXPLICIT_IN_RAW_CSV;NO_FRAME_CONVERSION,NOT_EXPLICITLY_ASSIGNED,He2+,H(2s),He+ capture center:4p,Electron capture cross sections,4.49E-19,UNRESOLVED_NOT_EXPLICIT_IN_RAW_METADATA,Liu2024 AOCC;3-basis mean in paperEq9;raw file no basis columns,,NO_UNCERTAINTY_COLUMN_IN_RAW_CSV,LITERATURE_SUPPORTED,ALL_LITERAL_NONBLANK_RAW_CSV_CELLS_AND_ASSOCIATED_ENERGY_COLUMNS_VERIFIED,BLOCKED_UNIT_AND_FRAME_SEMANTICS;G1_NOT_AUTHORIZED,NOT_RUN,NOT_RUN,NOT_RUN
D-LIU24-3,10.57760/sciencedb.j00113.00114,datasets/liu2024_sciencedb/H2s-Capture cross sections.csv,353804f729209b6bbce1ce66c673164ed0bba73960036e328bd7eb748d10ae0b,,,RAW_CSV,21,8:4d,110.25,keV/u,,,NOT_EXPLICIT_IN_RAW_CSV;NO_FRAME_CONVERSION,NOT_EXPLICITLY_ASSIGNED,He2+,H(2s),He+ capture center:4d,Electron capture cross sections,1.85E-19,UNRESOLVED_NOT_EXPLICIT_IN_RAW_METADATA,Liu2024 AOCC;3-basis mean in paperEq9;raw file no basis columns,,NO_UNCERTAINTY_COLUMN_IN_RAW_CSV,LITERATURE_SUPPORTED,ALL_LITERAL_NONBLANK_RAW_CSV_CELLS_AND_ASSOCIATED_ENERGY_COLUMNS_VERIFIED,BLOCKED_UNIT_AND_FRAME_SEMANTICS;G1_NOT_AUTHORIZED,NOT_RUN,NOT_RUN,NOT_RUN
D-LIU24-3,10.57760/sciencedb.j00113.00114,datasets/liu2024_sciencedb/H2s-Capture cross sections.csv,353804f729209b6bbce1ce66c673164ed0bba73960036e328bd7eb748d10ae0b,,,RAW_CSV,21,9:4f,110.25,keV/u,,,NOT_EXPLICIT_IN_RAW_CSV;NO_FRAME_CONVERSION,NOT_EXPLICITLY_ASSIGNED,He2+,H(2s),He+ capture center:4f,Electron capture cross sections,3.34E-20,UNRESOLVED_NOT_EXPLICIT_IN_RAW_METADATA,Liu2024 AOCC;3-basis mean in paperEq9;raw file no basis columns,,NO_UNCERTAINTY_COLUMN_IN_RAW_CSV,LITERATURE_SUPPORTED,ALL_LITERAL_NONBLANK_RAW_CSV_CELLS_AND_ASSOCIATED_ENERGY_COLUMNS_VERIFIED,BLOCKED_UNIT_AND_FRAME_SEMANTICS;G1_NOT_AUTHORIZED,NOT_RUN,NOT_RUN,NOT_RUN
D-LIU24-3,10.57760/sciencedb.j00113.00114,datasets/liu2024_sciencedb/H2s-Capture cross sections.csv,353804f729209b6bbce1ce66c673164ed0bba73960036e328bd7eb748d10ae0b,,,RAW_CSV,22,2:tot capture,121,keV/u,,,NOT_EXPLICIT_IN_RAW_CSV;NO_FRAME_CONVERSION,NOT_EXPLICITLY_ASSIGNED,He2+,H(2s),He+ capture center:tot capture,Electron capture cross sections,6.11E-18,UNRESOLVED_NOT_EXPLICIT_IN_RAW_METADATA,Liu2024 AOCC;3-basis mean in paperEq9;raw file no basis columns,,NO_UNCERTAINTY_COLUMN_IN_RAW_CSV,LITERATURE_SUPPORTED,ALL_LITERAL_NONBLANK_RAW_CSV_CELLS_AND_ASSOCIATED_ENERGY_COLUMNS_VERIFIED,BLOCKED_UNIT_AND_FRAME_SEMANTICS;G1_NOT_AUTHORIZED,NOT_RUN,NOT_RUN,NOT_RUN
D-LIU24-3,10.57760/sciencedb.j00113.00114,datasets/liu2024_sciencedb/H2s-Capture cross sections.csv,353804f729209b6bbce1ce66c673164ed0bba73960036e328bd7eb748d10ae0b,,,RAW_CSV,22,3:3s,121,keV/u,,,NOT_EXPLICIT_IN_RAW_CSV;NO_FRAME_CONVERSION,NOT_EXPLICITLY_ASSIGNED,He2+,H(2s),He+ capture center:3s,Electron capture cross sections,3.34E-19,UNRESOLVED_NOT_EXPLICIT_IN_RAW_METADATA,Liu2024 AOCC;3-basis mean in paperEq9;raw file no basis columns,,NO_UNCERTAINTY_COLUMN_IN_RAW_CSV,LITERATURE_SUPPORTED,ALL_LITERAL_NONBLANK_RAW_CSV_CELLS_AND_ASSOCIATED_ENERGY_COLUMNS_VERIFIED,BLOCKED_UNIT_AND_FRAME_SEMANTICS;G1_NOT_AUTHORIZED,NOT_RUN,NOT_RUN,NOT_RUN
D-LIU24-3,10.57760/sciencedb.j00113.00114,datasets/liu2024_sciencedb/H2s-Capture cross sections.csv,353804f729209b6bbce1ce66c673164ed0bba73960036e328bd7eb748d10ae0b,,,RAW_CSV,22,4:3p,121,keV/u,,,NOT_EXPLICIT_IN_RAW_CSV;NO_FRAME_CONVERSION,NOT_EXPLICITLY_ASSIGNED,He2+,H(2s),He+ capture center:3p,Electron capture cross sections,6.46E-19,UNRESOLVED_NOT_EXPLICIT_IN_RAW_METADATA,Liu2024 AOCC;3-basis mean in paperEq9;raw file no basis columns,,NO_UNCERTAINTY_COLUMN_IN_RAW_CSV,LITERATURE_SUPPORTED,ALL_LITERAL_NONBLANK_RAW_CSV_CELLS_AND_ASSOCIATED_ENERGY_COLUMNS_VERIFIED,BLOCKED_UNIT_AND_FRAME_SEMANTICS;G1_NOT_AUTHORIZED,NOT_RUN,NOT_RUN,NOT_RUN
D-LIU24-3,10.57760/sciencedb.j00113.00114,datasets/liu2024_sciencedb/H2s-Capture cross sections.csv,353804f729209b6bbce1ce66c673164ed0bba73960036e328bd7eb748d10ae0b,,,RAW_CSV,22,5:3d,121,keV/u,,,NOT_EXPLICIT_IN_RAW_CSV;NO_FRAME_CONVERSION,NOT_EXPLICITLY_ASSIGNED,He2+,H(2s),He+ capture center:3d,Electron capture cross sections,2.07E-19,UNRESOLVED_NOT_EXPLICIT_IN_RAW_METADATA,Liu2024 AOCC;3-basis mean in paperEq9;raw file no basis columns,,NO_UNCERTAINTY_COLUMN_IN_RAW_CSV,LITERATURE_SUPPORTED,ALL_LITERAL_NONBLANK_RAW_CSV_CELLS_AND_ASSOCIATED_ENERGY_COLUMNS_VERIFIED,BLOCKED_UNIT_AND_FRAME_SEMANTICS;G1_NOT_AUTHORIZED,NOT_RUN,NOT_RUN,NOT_RUN
D-LIU24-3,10.57760/sciencedb.j00113.00114,datasets/liu2024_sciencedb/H2s-Capture cross sections.csv,353804f729209b6bbce1ce66c673164ed0bba73960036e328bd7eb748d10ae0b,,,RAW_CSV,22,6:4s,121,keV/u,,,NOT_EXPLICIT_IN_RAW_CSV;NO_FRAME_CONVERSION,NOT_EXPLICITLY_ASSIGNED,He2+,H(2s),He+ capture center:4s,Electron capture cross sections,1.88E-19,UNRESOLVED_NOT_EXPLICIT_IN_RAW_METADATA,Liu2024 AOCC;3-basis mean in paperEq9;raw file no basis columns,,NO_UNCERTAINTY_COLUMN_IN_RAW_CSV,LITERATURE_SUPPORTED,ALL_LITERAL_NONBLANK_RAW_CSV_CELLS_AND_ASSOCIATED_ENERGY_COLUMNS_VERIFIED,BLOCKED_UNIT_AND_FRAME_SEMANTICS;G1_NOT_AUTHORIZED,NOT_RUN,NOT_RUN,NOT_RUN
D-LIU24-3,10.57760/sciencedb.j00113.00114,datasets/liu2024_sciencedb/H2s-Capture cross sections.csv,353804f729209b6bbce1ce66c673164ed0bba73960036e328bd7eb748d10ae0b,,,RAW_CSV,22,7:4p,121,keV/u,,,NOT_EXPLICIT_IN_RAW_CSV;NO_FRAME_CONVERSION,NOT_EXPLICITLY_ASSIGNED,He2+,H(2s),He+ capture center:4p,Electron capture cross sections,3.26E-19,UNRESOLVED_NOT_EXPLICIT_IN_RAW_METADATA,Liu2024 AOCC;3-basis mean in paperEq9;raw file no basis columns,,NO_UNCERTAINTY_COLUMN_IN_RAW_CSV,LITERATURE_SUPPORTED,ALL_LITERAL_NONBLANK_RAW_CSV_CELLS_AND_ASSOCIATED_ENERGY_COLUMNS_VERIFIED,BLOCKED_UNIT_AND_FRAME_SEMANTICS;G1_NOT_AUTHORIZED,NOT_RUN,NOT_RUN,NOT_RUN
D-LIU24-3,10.57760/sciencedb.j00113.00114,datasets/liu2024_sciencedb/H2s-Capture cross sections.csv,353804f729209b6bbce1ce66c673164ed0bba73960036e328bd7eb748d10ae0b,,,RAW_CSV,22,8:4d,121,keV/u,,,NOT_EXPLICIT_IN_RAW_CSV;NO_FRAME_CONVERSION,NOT_EXPLICITLY_ASSIGNED,He2+,H(2s),He+ capture center:4d,Electron capture cross sections,1.22E-19,UNRESOLVED_NOT_EXPLICIT_IN_RAW_METADATA,Liu2024 AOCC;3-basis mean in paperEq9;raw file no basis columns,,NO_UNCERTAINTY_COLUMN_IN_RAW_CSV,LITERATURE_SUPPORTED,ALL_LITERAL_NONBLANK_RAW_CSV_CELLS_AND_ASSOCIATED_ENERGY_COLUMNS_VERIFIED,BLOCKED_UNIT_AND_FRAME_SEMANTICS;G1_NOT_AUTHORIZED,NOT_RUN,NOT_RUN,NOT_RUN
D-LIU24-3,10.57760/sciencedb.j00113.00114,datasets/liu2024_sciencedb/H2s-Capture cross sections.csv,353804f729209b6bbce1ce66c673164ed0bba73960036e328bd7eb748d10ae0b,,,RAW_CSV,22,9:4f,121,keV/u,,,NOT_EXPLICIT_IN_RAW_CSV;NO_FRAME_CONVERSION,NOT_EXPLICITLY_ASSIGNED,He2+,H(2s),He+ capture center:4f,Electron capture cross sections,2.52E-20,UNRESOLVED_NOT_EXPLICIT_IN_RAW_METADATA,Liu2024 AOCC;3-basis mean in paperEq9;raw file no basis columns,,NO_UNCERTAINTY_COLUMN_IN_RAW_CSV,LITERATURE_SUPPORTED,ALL_LITERAL_NONBLANK_RAW_CSV_CELLS_AND_ASSOCIATED_ENERGY_COLUMNS_VERIFIED,BLOCKED_UNIT_AND_FRAME_SEMANTICS;G1_NOT_AUTHORIZED,NOT_RUN,NOT_RUN,NOT_RUN
D-LIU24-3,10.57760/sciencedb.j00113.00114,datasets/liu2024_sciencedb/H2s-Capture cross sections.csv,353804f729209b6bbce1ce66c673164ed0bba73960036e328bd7eb748d10ae0b,,,RAW_CSV,23,2:tot capture,132.25,keV/u,,,NOT_EXPLICIT_IN_RAW_CSV;NO_FRAME_CONVERSION,NOT_EXPLICITLY_ASSIGNED,He2+,H(2s),He+ capture center:tot capture,Electron capture cross sections,4.35E-18,UNRESOLVED_NOT_EXPLICIT_IN_RAW_METADATA,Liu2024 AOCC;3-basis mean in paperEq9;raw file no basis columns,,NO_UNCERTAINTY_COLUMN_IN_RAW_CSV,LITERATURE_SUPPORTED,ALL_LITERAL_NONBLANK_RAW_CSV_CELLS_AND_ASSOCIATED_ENERGY_COLUMNS_VERIFIED,BLOCKED_UNIT_AND_FRAME_SEMANTICS;G1_NOT_AUTHORIZED,NOT_RUN,NOT_RUN,NOT_RUN
D-LIU24-3,10.57760/sciencedb.j00113.00114,datasets/liu2024_sciencedb/H2s-Capture cross sections.csv,353804f729209b6bbce1ce66c673164ed0bba73960036e328bd7eb748d10ae0b,,,RAW_CSV,23,3:3s,132.25,keV/u,,,NOT_EXPLICIT_IN_RAW_CSV;NO_FRAME_CONVERSION,NOT_EXPLICITLY_ASSIGNED,He2+,H(2s),He+ capture center:3s,Electron capture cross sections,2.71E-19,UNRESOLVED_NOT_EXPLICIT_IN_RAW_METADATA,Liu2024 AOCC;3-basis mean in paperEq9;raw file no basis columns,,NO_UNCERTAINTY_COLUMN_IN_RAW_CSV,LITERATURE_SUPPORTED,ALL_LITERAL_NONBLANK_RAW_CSV_CELLS_AND_ASSOCIATED_ENERGY_COLUMNS_VERIFIED,BLOCKED_UNIT_AND_FRAME_SEMANTICS;G1_NOT_AUTHORIZED,NOT_RUN,NOT_RUN,NOT_RUN
D-LIU24-3,10.57760/sciencedb.j00113.00114,datasets/liu2024_sciencedb/H2s-Capture cross sections.csv,353804f729209b6bbce1ce66c673164ed0bba73960036e328bd7eb748d10ae0b,,,RAW_CSV,23,4:3p,132.25,keV/u,,,NOT_EXPLICIT_IN_RAW_CSV;NO_FRAME_CONVERSION,NOT_EXPLICITLY_ASSIGNED,He2+,H(2s),He+ capture center:3p,Electron capture cross sections,4.15E-19,UNRESOLVED_NOT_EXPLICIT_IN_RAW_METADATA,Liu2024 AOCC;3-basis mean in paperEq9;raw file no basis columns,,NO_UNCERTAINTY_COLUMN_IN_RAW_CSV,LITERATURE_SUPPORTED,ALL_LITERAL_NONBLANK_RAW_CSV_CELLS_AND_ASSOCIATED_ENERGY_COLUMNS_VERIFIED,BLOCKED_UNIT_AND_FRAME_SEMANTICS;G1_NOT_AUTHORIZED,NOT_RUN,NOT_RUN,NOT_RUN
D-LIU24-3,10.57760/sciencedb.j00113.00114,datasets/liu2024_sciencedb/H2s-Capture cross sections.csv,353804f729209b6bbce1ce66c673164ed0bba73960036e328bd7eb748d10ae0b,,,RAW_CSV,23,5:3d,132.25,keV/u,,,NOT_EXPLICIT_IN_RAW_CSV;NO_FRAME_CONVERSION,NOT_EXPLICITLY_ASSIGNED,He2+,H(2s),He+ capture center:3d,Electron capture cross sections,1.20E-19,UNRESOLVED_NOT_EXPLICIT_IN_RAW_METADATA,Liu2024 AOCC;3-basis mean in paperEq9;raw file no basis columns,,NO_UNCERTAINTY_COLUMN_IN_RAW_CSV,LITERATURE_SUPPORTED,ALL_LITERAL_NONBLANK_RAW_CSV_CELLS_AND_ASSOCIATED_ENERGY_COLUMNS_VERIFIED,BLOCKED_UNIT_AND_FRAME_SEMANTICS;G1_NOT_AUTHORIZED,NOT_RUN,NOT_RUN,NOT_RUN
D-LIU24-3,10.57760/sciencedb.j00113.00114,datasets/liu2024_sciencedb/H2s-Capture cross sections.csv,353804f729209b6bbce1ce66c673164ed0bba73960036e328bd7eb748d10ae0b,,,RAW_CSV,23,6:4s,132.25,keV/u,,,NOT_EXPLICIT_IN_RAW_CSV;NO_FRAME_CONVERSION,NOT_EXPLICITLY_ASSIGNED,He2+,H(2s),He+ capture center:4s,Electron capture cross sections,1.39E-19,UNRESOLVED_NOT_EXPLICIT_IN_RAW_METADATA,Liu2024 AOCC;3-basis mean in paperEq9;raw file no basis columns,,NO_UNCERTAINTY_COLUMN_IN_RAW_CSV,LITERATURE_SUPPORTED,ALL_LITERAL_NONBLANK_RAW_CSV_CELLS_AND_ASSOCIATED_ENERGY_COLUMNS_VERIFIED,BLOCKED_UNIT_AND_FRAME_SEMANTICS;G1_NOT_AUTHORIZED,NOT_RUN,NOT_RUN,NOT_RUN
D-LIU24-3,10.57760/sciencedb.j00113.00114,datasets/liu2024_sciencedb/H2s-Capture cross sections.csv,353804f729209b6bbce1ce66c673164ed0bba73960036e328bd7eb748d10ae0b,,,RAW_CSV,23,7:4p,132.25,keV/u,,,NOT_EXPLICIT_IN_RAW_CSV;NO_FRAME_CONVERSION,NOT_EXPLICITLY_ASSIGNED,He2+,H(2s),He+ capture center:4p,Electron capture cross sections,1.99E-19,UNRESOLVED_NOT_EXPLICIT_IN_RAW_METADATA,Liu2024 AOCC;3-basis mean in paperEq9;raw file no basis columns,,NO_UNCERTAINTY_COLUMN_IN_RAW_CSV,LITERATURE_SUPPORTED,ALL_LITERAL_NONBLANK_RAW_CSV_CELLS_AND_ASSOCIATED_ENERGY_COLUMNS_VERIFIED,BLOCKED_UNIT_AND_FRAME_SEMANTICS;G1_NOT_AUTHORIZED,NOT_RUN,NOT_RUN,NOT_RUN
D-LIU24-3,10.57760/sciencedb.j00113.00114,datasets/liu2024_sciencedb/H2s-Capture cross sections.csv,353804f729209b6bbce1ce66c673164ed0bba73960036e328bd7eb748d10ae0b,,,RAW_CSV,23,8:4d,132.25,keV/u,,,NOT_EXPLICIT_IN_RAW_CSV;NO_FRAME_CONVERSION,NOT_EXPLICITLY_ASSIGNED,He2+,H(2s),He+ capture center:4d,Electron capture cross sections,6.91E-20,UNRESOLVED_NOT_EXPLICIT_IN_RAW_METADATA,Liu2024 AOCC;3-basis mean in paperEq9;raw file no basis columns,,NO_UNCERTAINTY_COLUMN_IN_RAW_CSV,LITERATURE_SUPPORTED,ALL_LITERAL_NONBLANK_RAW_CSV_CELLS_AND_ASSOCIATED_ENERGY_COLUMNS_VERIFIED,BLOCKED_UNIT_AND_FRAME_SEMANTICS;G1_NOT_AUTHORIZED,NOT_RUN,NOT_RUN,NOT_RUN
D-LIU24-3,10.57760/sciencedb.j00113.00114,datasets/liu2024_sciencedb/H2s-Capture cross sections.csv,353804f729209b6bbce1ce66c673164ed0bba73960036e328bd7eb748d10ae0b,,,RAW_CSV,23,9:4f,132.25,keV/u,,,NOT_EXPLICIT_IN_RAW_CSV;NO_FRAME_CONVERSION,NOT_EXPLICITLY_ASSIGNED,He2+,H(2s),He+ capture center:4f,Electron capture cross sections,1.31E-20,UNRESOLVED_NOT_EXPLICIT_IN_RAW_METADATA,Liu2024 AOCC;3-basis mean in paperEq9;raw file no basis columns,,NO_UNCERTAINTY_COLUMN_IN_RAW_CSV,LITERATURE_SUPPORTED,ALL_LITERAL_NONBLANK_RAW_CSV_CELLS_AND_ASSOCIATED_ENERGY_COLUMNS_VERIFIED,BLOCKED_UNIT_AND_FRAME_SEMANTICS;G1_NOT_AUTHORIZED,NOT_RUN,NOT_RUN,NOT_RUN
D-LIU24-3,10.57760/sciencedb.j00113.00114,datasets/liu2024_sciencedb/H2s-Capture cross sections.csv,353804f729209b6bbce1ce66c673164ed0bba73960036e328bd7eb748d10ae0b,,,RAW_CSV,24,2:tot capture,144,keV/u,,,NOT_EXPLICIT_IN_RAW_CSV;NO_FRAME_CONVERSION,NOT_EXPLICITLY_ASSIGNED,He2+,H(2s),He+ capture center:tot capture,Electron capture cross sections,3.17E-18,UNRESOLVED_NOT_EXPLICIT_IN_RAW_METADATA,Liu2024 AOCC;3-basis mean in paperEq9;raw file no basis columns,,NO_UNCERTAINTY_COLUMN_IN_RAW_CSV,LITERATURE_SUPPORTED,ALL_LITERAL_NONBLANK_RAW_CSV_CELLS_AND_ASSOCIATED_ENERGY_COLUMNS_VERIFIED,BLOCKED_UNIT_AND_FRAME_SEMANTICS;G1_NOT_AUTHORIZED,NOT_RUN,NOT_RUN,NOT_RUN
D-LIU24-3,10.57760/sciencedb.j00113.00114,datasets/liu2024_sciencedb/H2s-Capture cross sections.csv,353804f729209b6bbce1ce66c673164ed0bba73960036e328bd7eb748d10ae0b,,,RAW_CSV,24,3:3s,144,keV/u,,,NOT_EXPLICIT_IN_RAW_CSV;NO_FRAME_CONVERSION,NOT_EXPLICITLY_ASSIGNED,He2+,H(2s),He+ capture center:3s,Electron capture cross sections,1.78E-19,UNRESOLVED_NOT_EXPLICIT_IN_RAW_METADATA,Liu2024 AOCC;3-basis mean in paperEq9;raw file no basis columns,,NO_UNCERTAINTY_COLUMN_IN_RAW_CSV,LITERATURE_SUPPORTED,ALL_LITERAL_NONBLANK_RAW_CSV_CELLS_AND_ASSOCIATED_ENERGY_COLUMNS_VERIFIED,BLOCKED_UNIT_AND_FRAME_SEMANTICS;G1_NOT_AUTHORIZED,NOT_RUN,NOT_RUN,NOT_RUN
D-LIU24-3,10.57760/sciencedb.j00113.00114,datasets/liu2024_sciencedb/H2s-Capture cross sections.csv,353804f729209b6bbce1ce66c673164ed0bba73960036e328bd7eb748d10ae0b,,,RAW_CSV,24,4:3p,144,keV/u,,,NOT_EXPLICIT_IN_RAW_CSV;NO_FRAME_CONVERSION,NOT_EXPLICITLY_ASSIGNED,He2+,H(2s),He+ capture center:3p,Electron capture cross sections,2.97E-19,UNRESOLVED_NOT_EXPLICIT_IN_RAW_METADATA,Liu2024 AOCC;3-basis mean in paperEq9;raw file no basis columns,,NO_UNCERTAINTY_COLUMN_IN_RAW_CSV,LITERATURE_SUPPORTED,ALL_LITERAL_NONBLANK_RAW_CSV_CELLS_AND_ASSOCIATED_ENERGY_COLUMNS_VERIFIED,BLOCKED_UNIT_AND_FRAME_SEMANTICS;G1_NOT_AUTHORIZED,NOT_RUN,NOT_RUN,NOT_RUN
D-LIU24-3,10.57760/sciencedb.j00113.00114,datasets/liu2024_sciencedb/H2s-Capture cross sections.csv,353804f729209b6bbce1ce66c673164ed0bba73960036e328bd7eb748d10ae0b,,,RAW_CSV,24,5:3d,144,keV/u,,,NOT_EXPLICIT_IN_RAW_CSV;NO_FRAME_CONVERSION,NOT_EXPLICITLY_ASSIGNED,He2+,H(2s),He+ capture center:3d,Electron capture cross sections,9.37E-20,UNRESOLVED_NOT_EXPLICIT_IN_RAW_METADATA,Liu2024 AOCC;3-basis mean in paperEq9;raw file no basis columns,,NO_UNCERTAINTY_COLUMN_IN_RAW_CSV,LITERATURE_SUPPORTED,ALL_LITERAL_NONBLANK_RAW_CSV_CELLS_AND_ASSOCIATED_ENERGY_COLUMNS_VERIFIED,BLOCKED_UNIT_AND_FRAME_SEMANTICS;G1_NOT_AUTHORIZED,NOT_RUN,NOT_RUN,NOT_RUN
D-LIU24-3,10.57760/sciencedb.j00113.00114,datasets/liu2024_sciencedb/H2s-Capture cross sections.csv,353804f729209b6bbce1ce66c673164ed0bba73960036e328bd7eb748d10ae0b,,,RAW_CSV,24,6:4s,144,keV/u,,,NOT_EXPLICIT_IN_RAW_CSV;NO_FRAME_CONVERSION,NOT_EXPLICITLY_ASSIGNED,He2+,H(2s),He+ capture center:4s,Electron capture cross sections,9.62E-20,UNRESOLVED_NOT_EXPLICIT_IN_RAW_METADATA,Liu2024 AOCC;3-basis mean in paperEq9;raw file no basis columns,,NO_UNCERTAINTY_COLUMN_IN_RAW_CSV,LITERATURE_SUPPORTED,ALL_LITERAL_NONBLANK_RAW_CSV_CELLS_AND_ASSOCIATED_ENERGY_COLUMNS_VERIFIED,BLOCKED_UNIT_AND_FRAME_SEMANTICS;G1_NOT_AUTHORIZED,NOT_RUN,NOT_RUN,NOT_RUN
D-LIU24-3,10.57760/sciencedb.j00113.00114,datasets/liu2024_sciencedb/H2s-Capture cross sections.csv,353804f729209b6bbce1ce66c673164ed0bba73960036e328bd7eb748d10ae0b,,,RAW_CSV,24,7:4p,144,keV/u,,,NOT_EXPLICIT_IN_RAW_CSV;NO_FRAME_CONVERSION,NOT_EXPLICITLY_ASSIGNED,He2+,H(2s),He+ capture center:4p,Electron capture cross sections,1.46E-19,UNRESOLVED_NOT_EXPLICIT_IN_RAW_METADATA,Liu2024 AOCC;3-basis mean in paperEq9;raw file no basis columns,,NO_UNCERTAINTY_COLUMN_IN_RAW_CSV,LITERATURE_SUPPORTED,ALL_LITERAL_NONBLANK_RAW_CSV_CELLS_AND_ASSOCIATED_ENERGY_COLUMNS_VERIFIED,BLOCKED_UNIT_AND_FRAME_SEMANTICS;G1_NOT_AUTHORIZED,NOT_RUN,NOT_RUN,NOT_RUN
D-LIU24-3,10.57760/sciencedb.j00113.00114,datasets/liu2024_sciencedb/H2s-Capture cross sections.csv,353804f729209b6bbce1ce66c673164ed0bba73960036e328bd7eb748d10ae0b,,,RAW_CSV,24,8:4d,144,keV/u,,,NOT_EXPLICIT_IN_RAW_CSV;NO_FRAME_CONVERSION,NOT_EXPLICITLY_ASSIGNED,He2+,H(2s),He+ capture center:4d,Electron capture cross sections,5.34E-20,UNRESOLVED_NOT_EXPLICIT_IN_RAW_METADATA,Liu2024 AOCC;3-basis mean in paperEq9;raw file no basis columns,,NO_UNCERTAINTY_COLUMN_IN_RAW_CSV,LITERATURE_SUPPORTED,ALL_LITERAL_NONBLANK_RAW_CSV_CELLS_AND_ASSOCIATED_ENERGY_COLUMNS_VERIFIED,BLOCKED_UNIT_AND_FRAME_SEMANTICS;G1_NOT_AUTHORIZED,NOT_RUN,NOT_RUN,NOT_RUN
D-LIU24-3,10.57760/sciencedb.j00113.00114,datasets/liu2024_sciencedb/H2s-Capture cross sections.csv,353804f729209b6bbce1ce66c673164ed0bba73960036e328bd7eb748d10ae0b,,,RAW_CSV,24,9:4f,144,keV/u,,,NOT_EXPLICIT_IN_RAW_CSV;NO_FRAME_CONVERSION,NOT_EXPLICITLY_ASSIGNED,He2+,H(2s),He+ capture center:4f,Electron capture cross sections,1.30E-20,UNRESOLVED_NOT_EXPLICIT_IN_RAW_METADATA,Liu2024 AOCC;3-basis mean in paperEq9;raw file no basis columns,,NO_UNCERTAINTY_COLUMN_IN_RAW_CSV,LITERATURE_SUPPORTED,ALL_LITERAL_NONBLANK_RAW_CSV_CELLS_AND_ASSOCIATED_ENERGY_COLUMNS_VERIFIED,BLOCKED_UNIT_AND_FRAME_SEMANTICS;G1_NOT_AUTHORIZED,NOT_RUN,NOT_RUN,NOT_RUN
D-LIU24-3,10.57760/sciencedb.j00113.00114,datasets/liu2024_sciencedb/H2s-Capture cross sections.csv,353804f729209b6bbce1ce66c673164ed0bba73960036e328bd7eb748d10ae0b,,,RAW_CSV,25,2:tot capture,156.25,keV/u,,,NOT_EXPLICIT_IN_RAW_CSV;NO_FRAME_CONVERSION,NOT_EXPLICITLY_ASSIGNED,He2+,H(2s),He+ capture center:tot capture,Electron capture cross sections,2.41E-18,UNRESOLVED_NOT_EXPLICIT_IN_RAW_METADATA,Liu2024 AOCC;3-basis mean in paperEq9;raw file no basis columns,,NO_UNCERTAINTY_COLUMN_IN_RAW_CSV,LITERATURE_SUPPORTED,ALL_LITERAL_NONBLANK_RAW_CSV_CELLS_AND_ASSOCIATED_ENERGY_COLUMNS_VERIFIED,BLOCKED_UNIT_AND_FRAME_SEMANTICS;G1_NOT_AUTHORIZED,NOT_RUN,NOT_RUN,NOT_RUN
D-LIU24-3,10.57760/sciencedb.j00113.00114,datasets/liu2024_sciencedb/H2s-Capture cross sections.csv,353804f729209b6bbce1ce66c673164ed0bba73960036e328bd7eb748d10ae0b,,,RAW_CSV,25,3:3s,156.25,keV/u,,,NOT_EXPLICIT_IN_RAW_CSV;NO_FRAME_CONVERSION,NOT_EXPLICITLY_ASSIGNED,He2+,H(2s),He+ capture center:3s,Electron capture cross sections,1.49E-19,UNRESOLVED_NOT_EXPLICIT_IN_RAW_METADATA,Liu2024 AOCC;3-basis mean in paperEq9;raw file no basis columns,,NO_UNCERTAINTY_COLUMN_IN_RAW_CSV,LITERATURE_SUPPORTED,ALL_LITERAL_NONBLANK_RAW_CSV_CELLS_AND_ASSOCIATED_ENERGY_COLUMNS_VERIFIED,BLOCKED_UNIT_AND_FRAME_SEMANTICS;G1_NOT_AUTHORIZED,NOT_RUN,NOT_RUN,NOT_RUN
D-LIU24-3,10.57760/sciencedb.j00113.00114,datasets/liu2024_sciencedb/H2s-Capture cross sections.csv,353804f729209b6bbce1ce66c673164ed0bba73960036e328bd7eb748d10ae0b,,,RAW_CSV,25,4:3p,156.25,keV/u,,,NOT_EXPLICIT_IN_RAW_CSV;NO_FRAME_CONVERSION,NOT_EXPLICITLY_ASSIGNED,He2+,H(2s),He+ capture center:3p,Electron capture cross sections,2.01E-19,UNRESOLVED_NOT_EXPLICIT_IN_RAW_METADATA,Liu2024 AOCC;3-basis mean in paperEq9;raw file no basis columns,,NO_UNCERTAINTY_COLUMN_IN_RAW_CSV,LITERATURE_SUPPORTED,ALL_LITERAL_NONBLANK_RAW_CSV_CELLS_AND_ASSOCIATED_ENERGY_COLUMNS_VERIFIED,BLOCKED_UNIT_AND_FRAME_SEMANTICS;G1_NOT_AUTHORIZED,NOT_RUN,NOT_RUN,NOT_RUN
D-LIU24-3,10.57760/sciencedb.j00113.00114,datasets/liu2024_sciencedb/H2s-Capture cross sections.csv,353804f729209b6bbce1ce66c673164ed0bba73960036e328bd7eb748d10ae0b,,,RAW_CSV,25,5:3d,156.25,keV/u,,,NOT_EXPLICIT_IN_RAW_CSV;NO_FRAME_CONVERSION,NOT_EXPLICITLY_ASSIGNED,He2+,H(2s),He+ capture center:3d,Electron capture cross sections,4.94E-20,UNRESOLVED_NOT_EXPLICIT_IN_RAW_METADATA,Liu2024 AOCC;3-basis mean in paperEq9;raw file no basis columns,,NO_UNCERTAINTY_COLUMN_IN_RAW_CSV,LITERATURE_SUPPORTED,ALL_LITERAL_NONBLANK_RAW_CSV_CELLS_AND_ASSOCIATED_ENERGY_COLUMNS_VERIFIED,BLOCKED_UNIT_AND_FRAME_SEMANTICS;G1_NOT_AUTHORIZED,NOT_RUN,NOT_RUN,NOT_RUN
D-LIU24-3,10.57760/sciencedb.j00113.00114,datasets/liu2024_sciencedb/H2s-Capture cross sections.csv,353804f729209b6bbce1ce66c673164ed0bba73960036e328bd7eb748d10ae0b,,,RAW_CSV,25,6:4s,156.25,keV/u,,,NOT_EXPLICIT_IN_RAW_CSV;NO_FRAME_CONVERSION,NOT_EXPLICITLY_ASSIGNED,He2+,H(2s),He+ capture center:4s,Electron capture cross sections,7.60E-20,UNRESOLVED_NOT_EXPLICIT_IN_RAW_METADATA,Liu2024 AOCC;3-basis mean in paperEq9;raw file no basis columns,,NO_UNCERTAINTY_COLUMN_IN_RAW_CSV,LITERATURE_SUPPORTED,ALL_LITERAL_NONBLANK_RAW_CSV_CELLS_AND_ASSOCIATED_ENERGY_COLUMNS_VERIFIED,BLOCKED_UNIT_AND_FRAME_SEMANTICS;G1_NOT_AUTHORIZED,NOT_RUN,NOT_RUN,NOT_RUN
D-LIU24-3,10.57760/sciencedb.j00113.00114,datasets/liu2024_sciencedb/H2s-Capture cross sections.csv,353804f729209b6bbce1ce66c673164ed0bba73960036e328bd7eb748d10ae0b,,,RAW_CSV,25,7:4p,156.25,keV/u,,,NOT_EXPLICIT_IN_RAW_CSV;NO_FRAME_CONVERSION,NOT_EXPLICITLY_ASSIGNED,He2+,H(2s),He+ capture center:4p,Electron capture cross sections,9.64E-20,UNRESOLVED_NOT_EXPLICIT_IN_RAW_METADATA,Liu2024 AOCC;3-basis mean in paperEq9;raw file no basis columns,,NO_UNCERTAINTY_COLUMN_IN_RAW_CSV,LITERATURE_SUPPORTED,ALL_LITERAL_NONBLANK_RAW_CSV_CELLS_AND_ASSOCIATED_ENERGY_COLUMNS_VERIFIED,BLOCKED_UNIT_AND_FRAME_SEMANTICS;G1_NOT_AUTHORIZED,NOT_RUN,NOT_RUN,NOT_RUN
D-LIU24-3,10.57760/sciencedb.j00113.00114,datasets/liu2024_sciencedb/H2s-Capture cross sections.csv,353804f729209b6bbce1ce66c673164ed0bba73960036e328bd7eb748d10ae0b,,,RAW_CSV,25,8:4d,156.25,keV/u,,,NOT_EXPLICIT_IN_RAW_CSV;NO_FRAME_CONVERSION,NOT_EXPLICITLY_ASSIGNED,He2+,H(2s),He+ capture center:4d,Electron capture cross sections,2.90E-20,UNRESOLVED_NOT_EXPLICIT_IN_RAW_METADATA,Liu2024 AOCC;3-basis mean in paperEq9;raw file no basis columns,,NO_UNCERTAINTY_COLUMN_IN_RAW_CSV,LITERATURE_SUPPORTED,ALL_LITERAL_NONBLANK_RAW_CSV_CELLS_AND_ASSOCIATED_ENERGY_COLUMNS_VERIFIED,BLOCKED_UNIT_AND_FRAME_SEMANTICS;G1_NOT_AUTHORIZED,NOT_RUN,NOT_RUN,NOT_RUN
D-LIU24-3,10.57760/sciencedb.j00113.00114,datasets/liu2024_sciencedb/H2s-Capture cross sections.csv,353804f729209b6bbce1ce66c673164ed0bba73960036e328bd7eb748d10ae0b,,,RAW_CSV,25,9:4f,156.25,keV/u,,,NOT_EXPLICIT_IN_RAW_CSV;NO_FRAME_CONVERSION,NOT_EXPLICITLY_ASSIGNED,He2+,H(2s),He+ capture center:4f,Electron capture cross sections,6.87E-21,UNRESOLVED_NOT_EXPLICIT_IN_RAW_METADATA,Liu2024 AOCC;3-basis mean in paperEq9;raw file no basis columns,,NO_UNCERTAINTY_COLUMN_IN_RAW_CSV,LITERATURE_SUPPORTED,ALL_LITERAL_NONBLANK_RAW_CSV_CELLS_AND_ASSOCIATED_ENERGY_COLUMNS_VERIFIED,BLOCKED_UNIT_AND_FRAME_SEMANTICS;G1_NOT_AUTHORIZED,NOT_RUN,NOT_RUN,NOT_RUN
D-LIU24-3,10.57760/sciencedb.j00113.00114,datasets/liu2024_sciencedb/H2s-Capture cross sections.csv,353804f729209b6bbce1ce66c673164ed0bba73960036e328bd7eb748d10ae0b,,,RAW_CSV,26,2:tot capture,169,keV/u,,,NOT_EXPLICIT_IN_RAW_CSV;NO_FRAME_CONVERSION,NOT_EXPLICITLY_ASSIGNED,He2+,H(2s),He+ capture center:tot capture,Electron capture cross sections,1.67E-18,UNRESOLVED_NOT_EXPLICIT_IN_RAW_METADATA,Liu2024 AOCC;3-basis mean in paperEq9;raw file no basis columns,,NO_UNCERTAINTY_COLUMN_IN_RAW_CSV,LITERATURE_SUPPORTED,ALL_LITERAL_NONBLANK_RAW_CSV_CELLS_AND_ASSOCIATED_ENERGY_COLUMNS_VERIFIED,BLOCKED_UNIT_AND_FRAME_SEMANTICS;G1_NOT_AUTHORIZED,NOT_RUN,NOT_RUN,NOT_RUN
D-LIU24-3,10.57760/sciencedb.j00113.00114,datasets/liu2024_sciencedb/H2s-Capture cross sections.csv,353804f729209b6bbce1ce66c673164ed0bba73960036e328bd7eb748d10ae0b,,,RAW_CSV,26,3:3s,169,keV/u,,,NOT_EXPLICIT_IN_RAW_CSV;NO_FRAME_CONVERSION,NOT_EXPLICITLY_ASSIGNED,He2+,H(2s),He+ capture center:3s,Electron capture cross sections,1.16E-19,UNRESOLVED_NOT_EXPLICIT_IN_RAW_METADATA,Liu2024 AOCC;3-basis mean in paperEq9;raw file no basis columns,,NO_UNCERTAINTY_COLUMN_IN_RAW_CSV,LITERATURE_SUPPORTED,ALL_LITERAL_NONBLANK_RAW_CSV_CELLS_AND_ASSOCIATED_ENERGY_COLUMNS_VERIFIED,BLOCKED_UNIT_AND_FRAME_SEMANTICS;G1_NOT_AUTHORIZED,NOT_RUN,NOT_RUN,NOT_RUN
D-LIU24-3,10.57760/sciencedb.j00113.00114,datasets/liu2024_sciencedb/H2s-Capture cross sections.csv,353804f729209b6bbce1ce66c673164ed0bba73960036e328bd7eb748d10ae0b,,,RAW_CSV,26,4:3p,169,keV/u,,,NOT_EXPLICIT_IN_RAW_CSV;NO_FRAME_CONVERSION,NOT_EXPLICITLY_ASSIGNED,He2+,H(2s),He+ capture center:3p,Electron capture cross sections,1.16E-19,UNRESOLVED_NOT_EXPLICIT_IN_RAW_METADATA,Liu2024 AOCC;3-basis mean in paperEq9;raw file no basis columns,,NO_UNCERTAINTY_COLUMN_IN_RAW_CSV,LITERATURE_SUPPORTED,ALL_LITERAL_NONBLANK_RAW_CSV_CELLS_AND_ASSOCIATED_ENERGY_COLUMNS_VERIFIED,BLOCKED_UNIT_AND_FRAME_SEMANTICS;G1_NOT_AUTHORIZED,NOT_RUN,NOT_RUN,NOT_RUN
D-LIU24-3,10.57760/sciencedb.j00113.00114,datasets/liu2024_sciencedb/H2s-Capture cross sections.csv,353804f729209b6bbce1ce66c673164ed0bba73960036e328bd7eb748d10ae0b,,,RAW_CSV,26,5:3d,169,keV/u,,,NOT_EXPLICIT_IN_RAW_CSV;NO_FRAME_CONVERSION,NOT_EXPLICITLY_ASSIGNED,He2+,H(2s),He+ capture center:3d,Electron capture cross sections,2.75E-20,UNRESOLVED_NOT_EXPLICIT_IN_RAW_METADATA,Liu2024 AOCC;3-basis mean in paperEq9;raw file no basis columns,,NO_UNCERTAINTY_COLUMN_IN_RAW_CSV,LITERATURE_SUPPORTED,ALL_LITERAL_NONBLANK_RAW_CSV_CELLS_AND_ASSOCIATED_ENERGY_COLUMNS_VERIFIED,BLOCKED_UNIT_AND_FRAME_SEMANTICS;G1_NOT_AUTHORIZED,NOT_RUN,NOT_RUN,NOT_RUN
D-LIU24-3,10.57760/sciencedb.j00113.00114,datasets/liu2024_sciencedb/H2s-Capture cross sections.csv,353804f729209b6bbce1ce66c673164ed0bba73960036e328bd7eb748d10ae0b,,,RAW_CSV,26,6:4s,169,keV/u,,,NOT_EXPLICIT_IN_RAW_CSV;NO_FRAME_CONVERSION,NOT_EXPLICITLY_ASSIGNED,He2+,H(2s),He+ capture center:4s,Electron capture cross sections,5.39E-20,UNRESOLVED_NOT_EXPLICIT_IN_RAW_METADATA,Liu2024 AOCC;3-basis mean in paperEq9;raw file no basis columns,,NO_UNCERTAINTY_COLUMN_IN_RAW_CSV,LITERATURE_SUPPORTED,ALL_LITERAL_NONBLANK_RAW_CSV_CELLS_AND_ASSOCIATED_ENERGY_COLUMNS_VERIFIED,BLOCKED_UNIT_AND_FRAME_SEMANTICS;G1_NOT_AUTHORIZED,NOT_RUN,NOT_RUN,NOT_RUN
D-LIU24-3,10.57760/sciencedb.j00113.00114,datasets/liu2024_sciencedb/H2s-Capture cross sections.csv,353804f729209b6bbce1ce66c673164ed0bba73960036e328bd7eb748d10ae0b,,,RAW_CSV,26,7:4p,169,keV/u,,,NOT_EXPLICIT_IN_RAW_CSV;NO_FRAME_CONVERSION,NOT_EXPLICITLY_ASSIGNED,He2+,H(2s),He+ capture center:4p,Electron capture cross sections,5.92E-20,UNRESOLVED_NOT_EXPLICIT_IN_RAW_METADATA,Liu2024 AOCC;3-basis mean in paperEq9;raw file no basis columns,,NO_UNCERTAINTY_COLUMN_IN_RAW_CSV,LITERATURE_SUPPORTED,ALL_LITERAL_NONBLANK_RAW_CSV_CELLS_AND_ASSOCIATED_ENERGY_COLUMNS_VERIFIED,BLOCKED_UNIT_AND_FRAME_SEMANTICS;G1_NOT_AUTHORIZED,NOT_RUN,NOT_RUN,NOT_RUN
D-LIU24-3,10.57760/sciencedb.j00113.00114,datasets/liu2024_sciencedb/H2s-Capture cross sections.csv,353804f729209b6bbce1ce66c673164ed0bba73960036e328bd7eb748d10ae0b,,,RAW_CSV,26,8:4d,169,keV/u,,,NOT_EXPLICIT_IN_RAW_CSV;NO_FRAME_CONVERSION,NOT_EXPLICITLY_ASSIGNED,He2+,H(2s),He+ capture center:4d,Electron capture cross sections,1.87E-20,UNRESOLVED_NOT_EXPLICIT_IN_RAW_METADATA,Liu2024 AOCC;3-basis mean in paperEq9;raw file no basis columns,,NO_UNCERTAINTY_COLUMN_IN_RAW_CSV,LITERATURE_SUPPORTED,ALL_LITERAL_NONBLANK_RAW_CSV_CELLS_AND_ASSOCIATED_ENERGY_COLUMNS_VERIFIED,BLOCKED_UNIT_AND_FRAME_SEMANTICS;G1_NOT_AUTHORIZED,NOT_RUN,NOT_RUN,NOT_RUN
D-LIU24-3,10.57760/sciencedb.j00113.00114,datasets/liu2024_sciencedb/H2s-Capture cross sections.csv,353804f729209b6bbce1ce66c673164ed0bba73960036e328bd7eb748d10ae0b,,,RAW_CSV,26,9:4f,169,keV/u,,,NOT_EXPLICIT_IN_RAW_CSV;NO_FRAME_CONVERSION,NOT_EXPLICITLY_ASSIGNED,He2+,H(2s),He+ capture center:4f,Electron capture cross sections,4.76E-21,UNRESOLVED_NOT_EXPLICIT_IN_RAW_METADATA,Liu2024 AOCC;3-basis mean in paperEq9;raw file no basis columns,,NO_UNCERTAINTY_COLUMN_IN_RAW_CSV,LITERATURE_SUPPORTED,ALL_LITERAL_NONBLANK_RAW_CSV_CELLS_AND_ASSOCIATED_ENERGY_COLUMNS_VERIFIED,BLOCKED_UNIT_AND_FRAME_SEMANTICS;G1_NOT_AUTHORIZED,NOT_RUN,NOT_RUN,NOT_RUN
D-LIU24-3,10.57760/sciencedb.j00113.00114,datasets/liu2024_sciencedb/H2s-Capture cross sections.csv,353804f729209b6bbce1ce66c673164ed0bba73960036e328bd7eb748d10ae0b,,,RAW_CSV,27,2:tot capture,182.25,keV/u,,,NOT_EXPLICIT_IN_RAW_CSV;NO_FRAME_CONVERSION,NOT_EXPLICITLY_ASSIGNED,He2+,H(2s),He+ capture center:tot capture,Electron capture cross sections,1.26E-18,UNRESOLVED_NOT_EXPLICIT_IN_RAW_METADATA,Liu2024 AOCC;3-basis mean in paperEq9;raw file no basis columns,,NO_UNCERTAINTY_COLUMN_IN_RAW_CSV,LITERATURE_SUPPORTED,ALL_LITERAL_NONBLANK_RAW_CSV_CELLS_AND_ASSOCIATED_ENERGY_COLUMNS_VERIFIED,BLOCKED_UNIT_AND_FRAME_SEMANTICS;G1_NOT_AUTHORIZED,NOT_RUN,NOT_RUN,NOT_RUN
D-LIU24-3,10.57760/sciencedb.j00113.00114,datasets/liu2024_sciencedb/H2s-Capture cross sections.csv,353804f729209b6bbce1ce66c673164ed0bba73960036e328bd7eb748d10ae0b,,,RAW_CSV,27,3:3s,182.25,keV/u,,,NOT_EXPLICIT_IN_RAW_CSV;NO_FRAME_CONVERSION,NOT_EXPLICITLY_ASSIGNED,He2+,H(2s),He+ capture center:3s,Electron capture cross sections,8.77E-20,UNRESOLVED_NOT_EXPLICIT_IN_RAW_METADATA,Liu2024 AOCC;3-basis mean in paperEq9;raw file no basis columns,,NO_UNCERTAINTY_COLUMN_IN_RAW_CSV,LITERATURE_SUPPORTED,ALL_LITERAL_NONBLANK_RAW_CSV_CELLS_AND_ASSOCIATED_ENERGY_COLUMNS_VERIFIED,BLOCKED_UNIT_AND_FRAME_SEMANTICS;G1_NOT_AUTHORIZED,NOT_RUN,NOT_RUN,NOT_RUN
D-LIU24-3,10.57760/sciencedb.j00113.00114,datasets/liu2024_sciencedb/H2s-Capture cross sections.csv,353804f729209b6bbce1ce66c673164ed0bba73960036e328bd7eb748d10ae0b,,,RAW_CSV,27,4:3p,182.25,keV/u,,,NOT_EXPLICIT_IN_RAW_CSV;NO_FRAME_CONVERSION,NOT_EXPLICITLY_ASSIGNED,He2+,H(2s),He+ capture center:3p,Electron capture cross sections,8.05E-20,UNRESOLVED_NOT_EXPLICIT_IN_RAW_METADATA,Liu2024 AOCC;3-basis mean in paperEq9;raw file no basis columns,,NO_UNCERTAINTY_COLUMN_IN_RAW_CSV,LITERATURE_SUPPORTED,ALL_LITERAL_NONBLANK_RAW_CSV_CELLS_AND_ASSOCIATED_ENERGY_COLUMNS_VERIFIED,BLOCKED_UNIT_AND_FRAME_SEMANTICS;G1_NOT_AUTHORIZED,NOT_RUN,NOT_RUN,NOT_RUN
D-LIU24-3,10.57760/sciencedb.j00113.00114,datasets/liu2024_sciencedb/H2s-Capture cross sections.csv,353804f729209b6bbce1ce66c673164ed0bba73960036e328bd7eb748d10ae0b,,,RAW_CSV,27,5:3d,182.25,keV/u,,,NOT_EXPLICIT_IN_RAW_CSV;NO_FRAME_CONVERSION,NOT_EXPLICITLY_ASSIGNED,He2+,H(2s),He+ capture center:3d,Electron capture cross sections,1.72E-20,UNRESOLVED_NOT_EXPLICIT_IN_RAW_METADATA,Liu2024 AOCC;3-basis mean in paperEq9;raw file no basis columns,,NO_UNCERTAINTY_COLUMN_IN_RAW_CSV,LITERATURE_SUPPORTED,ALL_LITERAL_NONBLANK_RAW_CSV_CELLS_AND_ASSOCIATED_ENERGY_COLUMNS_VERIFIED,BLOCKED_UNIT_AND_FRAME_SEMANTICS;G1_NOT_AUTHORIZED,NOT_RUN,NOT_RUN,NOT_RUN
D-LIU24-3,10.57760/sciencedb.j00113.00114,datasets/liu2024_sciencedb/H2s-Capture cross sections.csv,353804f729209b6bbce1ce66c673164ed0bba73960036e328bd7eb748d10ae0b,,,RAW_CSV,27,6:4s,182.25,keV/u,,,NOT_EXPLICIT_IN_RAW_CSV;NO_FRAME_CONVERSION,NOT_EXPLICITLY_ASSIGNED,He2+,H(2s),He+ capture center:4s,Electron capture cross sections,4.15E-20,UNRESOLVED_NOT_EXPLICIT_IN_RAW_METADATA,Liu2024 AOCC;3-basis mean in paperEq9;raw file no basis columns,,NO_UNCERTAINTY_COLUMN_IN_RAW_CSV,LITERATURE_SUPPORTED,ALL_LITERAL_NONBLANK_RAW_CSV_CELLS_AND_ASSOCIATED_ENERGY_COLUMNS_VERIFIED,BLOCKED_UNIT_AND_FRAME_SEMANTICS;G1_NOT_AUTHORIZED,NOT_RUN,NOT_RUN,NOT_RUN
D-LIU24-3,10.57760/sciencedb.j00113.00114,datasets/liu2024_sciencedb/H2s-Capture cross sections.csv,353804f729209b6bbce1ce66c673164ed0bba73960036e328bd7eb748d10ae0b,,,RAW_CSV,27,7:4p,182.25,keV/u,,,NOT_EXPLICIT_IN_RAW_CSV;NO_FRAME_CONVERSION,NOT_EXPLICITLY_ASSIGNED,He2+,H(2s),He+ capture center:4p,Electron capture cross sections,3.83E-20,UNRESOLVED_NOT_EXPLICIT_IN_RAW_METADATA,Liu2024 AOCC;3-basis mean in paperEq9;raw file no basis columns,,NO_UNCERTAINTY_COLUMN_IN_RAW_CSV,LITERATURE_SUPPORTED,ALL_LITERAL_NONBLANK_RAW_CSV_CELLS_AND_ASSOCIATED_ENERGY_COLUMNS_VERIFIED,BLOCKED_UNIT_AND_FRAME_SEMANTICS;G1_NOT_AUTHORIZED,NOT_RUN,NOT_RUN,NOT_RUN
D-LIU24-3,10.57760/sciencedb.j00113.00114,datasets/liu2024_sciencedb/H2s-Capture cross sections.csv,353804f729209b6bbce1ce66c673164ed0bba73960036e328bd7eb748d10ae0b,,,RAW_CSV,27,8:4d,182.25,keV/u,,,NOT_EXPLICIT_IN_RAW_CSV;NO_FRAME_CONVERSION,NOT_EXPLICITLY_ASSIGNED,He2+,H(2s),He+ capture center:4d,Electron capture cross sections,1.28E-20,UNRESOLVED_NOT_EXPLICIT_IN_RAW_METADATA,Liu2024 AOCC;3-basis mean in paperEq9;raw file no basis columns,,NO_UNCERTAINTY_COLUMN_IN_RAW_CSV,LITERATURE_SUPPORTED,ALL_LITERAL_NONBLANK_RAW_CSV_CELLS_AND_ASSOCIATED_ENERGY_COLUMNS_VERIFIED,BLOCKED_UNIT_AND_FRAME_SEMANTICS;G1_NOT_AUTHORIZED,NOT_RUN,NOT_RUN,NOT_RUN
D-LIU24-3,10.57760/sciencedb.j00113.00114,datasets/liu2024_sciencedb/H2s-Capture cross sections.csv,353804f729209b6bbce1ce66c673164ed0bba73960036e328bd7eb748d10ae0b,,,RAW_CSV,27,9:4f,182.25,keV/u,,,NOT_EXPLICIT_IN_RAW_CSV;NO_FRAME_CONVERSION,NOT_EXPLICITLY_ASSIGNED,He2+,H(2s),He+ capture center:4f,Electron capture cross sections,3.75E-21,UNRESOLVED_NOT_EXPLICIT_IN_RAW_METADATA,Liu2024 AOCC;3-basis mean in paperEq9;raw file no basis columns,,NO_UNCERTAINTY_COLUMN_IN_RAW_CSV,LITERATURE_SUPPORTED,ALL_LITERAL_NONBLANK_RAW_CSV_CELLS_AND_ASSOCIATED_ENERGY_COLUMNS_VERIFIED,BLOCKED_UNIT_AND_FRAME_SEMANTICS;G1_NOT_AUTHORIZED,NOT_RUN,NOT_RUN,NOT_RUN
D-LIU24-3,10.57760/sciencedb.j00113.00114,datasets/liu2024_sciencedb/H2s-Capture cross sections.csv,353804f729209b6bbce1ce66c673164ed0bba73960036e328bd7eb748d10ae0b,,,RAW_CSV,28,2:tot capture,196,keV/u,,,NOT_EXPLICIT_IN_RAW_CSV;NO_FRAME_CONVERSION,NOT_EXPLICITLY_ASSIGNED,He2+,H(2s),He+ capture center:tot capture,Electron capture cross sections,9.66E-19,UNRESOLVED_NOT_EXPLICIT_IN_RAW_METADATA,Liu2024 AOCC;3-basis mean in paperEq9;raw file no basis columns,,NO_UNCERTAINTY_COLUMN_IN_RAW_CSV,LITERATURE_SUPPORTED,ALL_LITERAL_NONBLANK_RAW_CSV_CELLS_AND_ASSOCIATED_ENERGY_COLUMNS_VERIFIED,BLOCKED_UNIT_AND_FRAME_SEMANTICS;G1_NOT_AUTHORIZED,NOT_RUN,NOT_RUN,NOT_RUN
D-LIU24-3,10.57760/sciencedb.j00113.00114,datasets/liu2024_sciencedb/H2s-Capture cross sections.csv,353804f729209b6bbce1ce66c673164ed0bba73960036e328bd7eb748d10ae0b,,,RAW_CSV,28,3:3s,196,keV/u,,,NOT_EXPLICIT_IN_RAW_CSV;NO_FRAME_CONVERSION,NOT_EXPLICITLY_ASSIGNED,He2+,H(2s),He+ capture center:3s,Electron capture cross sections,6.20E-20,UNRESOLVED_NOT_EXPLICIT_IN_RAW_METADATA,Liu2024 AOCC;3-basis mean in paperEq9;raw file no basis columns,,NO_UNCERTAINTY_COLUMN_IN_RAW_CSV,LITERATURE_SUPPORTED,ALL_LITERAL_NONBLANK_RAW_CSV_CELLS_AND_ASSOCIATED_ENERGY_COLUMNS_VERIFIED,BLOCKED_UNIT_AND_FRAME_SEMANTICS;G1_NOT_AUTHORIZED,NOT_RUN,NOT_RUN,NOT_RUN
D-LIU24-3,10.57760/sciencedb.j00113.00114,datasets/liu2024_sciencedb/H2s-Capture cross sections.csv,353804f729209b6bbce1ce66c673164ed0bba73960036e328bd7eb748d10ae0b,,,RAW_CSV,28,4:3p,196,keV/u,,,NOT_EXPLICIT_IN_RAW_CSV;NO_FRAME_CONVERSION,NOT_EXPLICITLY_ASSIGNED,He2+,H(2s),He+ capture center:3p,Electron capture cross sections,6.34E-20,UNRESOLVED_NOT_EXPLICIT_IN_RAW_METADATA,Liu2024 AOCC;3-basis mean in paperEq9;raw file no basis columns,,NO_UNCERTAINTY_COLUMN_IN_RAW_CSV,LITERATURE_SUPPORTED,ALL_LITERAL_NONBLANK_RAW_CSV_CELLS_AND_ASSOCIATED_ENERGY_COLUMNS_VERIFIED,BLOCKED_UNIT_AND_FRAME_SEMANTICS;G1_NOT_AUTHORIZED,NOT_RUN,NOT_RUN,NOT_RUN
D-LIU24-3,10.57760/sciencedb.j00113.00114,datasets/liu2024_sciencedb/H2s-Capture cross sections.csv,353804f729209b6bbce1ce66c673164ed0bba73960036e328bd7eb748d10ae0b,,,RAW_CSV,28,5:3d,196,keV/u,,,NOT_EXPLICIT_IN_RAW_CSV;NO_FRAME_CONVERSION,NOT_EXPLICITLY_ASSIGNED,He2+,H(2s),He+ capture center:3d,Electron capture cross sections,1.50E-20,UNRESOLVED_NOT_EXPLICIT_IN_RAW_METADATA,Liu2024 AOCC;3-basis mean in paperEq9;raw file no basis columns,,NO_UNCERTAINTY_COLUMN_IN_RAW_CSV,LITERATURE_SUPPORTED,ALL_LITERAL_NONBLANK_RAW_CSV_CELLS_AND_ASSOCIATED_ENERGY_COLUMNS_VERIFIED,BLOCKED_UNIT_AND_FRAME_SEMANTICS;G1_NOT_AUTHORIZED,NOT_RUN,NOT_RUN,NOT_RUN
D-LIU24-3,10.57760/sciencedb.j00113.00114,datasets/liu2024_sciencedb/H2s-Capture cross sections.csv,353804f729209b6bbce1ce66c673164ed0bba73960036e328bd7eb748d10ae0b,,,RAW_CSV,28,6:4s,196,keV/u,,,NOT_EXPLICIT_IN_RAW_CSV;NO_FRAME_CONVERSION,NOT_EXPLICITLY_ASSIGNED,He2+,H(2s),He+ capture center:4s,Electron capture cross sections,3.07E-20,UNRESOLVED_NOT_EXPLICIT_IN_RAW_METADATA,Liu2024 AOCC;3-basis mean in paperEq9;raw file no basis columns,,NO_UNCERTAINTY_COLUMN_IN_RAW_CSV,LITERATURE_SUPPORTED,ALL_LITERAL_NONBLANK_RAW_CSV_CELLS_AND_ASSOCIATED_ENERGY_COLUMNS_VERIFIED,BLOCKED_UNIT_AND_FRAME_SEMANTICS;G1_NOT_AUTHORIZED,NOT_RUN,NOT_RUN,NOT_RUN
D-LIU24-3,10.57760/sciencedb.j00113.00114,datasets/liu2024_sciencedb/H2s-Capture cross sections.csv,353804f729209b6bbce1ce66c673164ed0bba73960036e328bd7eb748d10ae0b,,,RAW_CSV,28,7:4p,196,keV/u,,,NOT_EXPLICIT_IN_RAW_CSV;NO_FRAME_CONVERSION,NOT_EXPLICITLY_ASSIGNED,He2+,H(2s),He+ capture center:4p,Electron capture cross sections,2.87E-20,UNRESOLVED_NOT_EXPLICIT_IN_RAW_METADATA,Liu2024 AOCC;3-basis mean in paperEq9;raw file no basis columns,,NO_UNCERTAINTY_COLUMN_IN_RAW_CSV,LITERATURE_SUPPORTED,ALL_LITERAL_NONBLANK_RAW_CSV_CELLS_AND_ASSOCIATED_ENERGY_COLUMNS_VERIFIED,BLOCKED_UNIT_AND_FRAME_SEMANTICS;G1_NOT_AUTHORIZED,NOT_RUN,NOT_RUN,NOT_RUN
D-LIU24-3,10.57760/sciencedb.j00113.00114,datasets/liu2024_sciencedb/H2s-Capture cross sections.csv,353804f729209b6bbce1ce66c673164ed0bba73960036e328bd7eb748d10ae0b,,,RAW_CSV,28,8:4d,196,keV/u,,,NOT_EXPLICIT_IN_RAW_CSV;NO_FRAME_CONVERSION,NOT_EXPLICITLY_ASSIGNED,He2+,H(2s),He+ capture center:4d,Electron capture cross sections,8.50E-21,UNRESOLVED_NOT_EXPLICIT_IN_RAW_METADATA,Liu2024 AOCC;3-basis mean in paperEq9;raw file no basis columns,,NO_UNCERTAINTY_COLUMN_IN_RAW_CSV,LITERATURE_SUPPORTED,ALL_LITERAL_NONBLANK_RAW_CSV_CELLS_AND_ASSOCIATED_ENERGY_COLUMNS_VERIFIED,BLOCKED_UNIT_AND_FRAME_SEMANTICS;G1_NOT_AUTHORIZED,NOT_RUN,NOT_RUN,NOT_RUN
D-LIU24-3,10.57760/sciencedb.j00113.00114,datasets/liu2024_sciencedb/H2s-Capture cross sections.csv,353804f729209b6bbce1ce66c673164ed0bba73960036e328bd7eb748d10ae0b,,,RAW_CSV,28,9:4f,196,keV/u,,,NOT_EXPLICIT_IN_RAW_CSV;NO_FRAME_CONVERSION,NOT_EXPLICITLY_ASSIGNED,He2+,H(2s),He+ capture center:4f,Electron capture cross sections,2.97E-21,UNRESOLVED_NOT_EXPLICIT_IN_RAW_METADATA,Liu2024 AOCC;3-basis mean in paperEq9;raw file no basis columns,,NO_UNCERTAINTY_COLUMN_IN_RAW_CSV,LITERATURE_SUPPORTED,ALL_LITERAL_NONBLANK_RAW_CSV_CELLS_AND_ASSOCIATED_ENERGY_COLUMNS_VERIFIED,BLOCKED_UNIT_AND_FRAME_SEMANTICS;G1_NOT_AUTHORIZED,NOT_RUN,NOT_RUN,NOT_RUN
D-LIU24-3,10.57760/sciencedb.j00113.00114,datasets/liu2024_sciencedb/H2s-Capture cross sections.csv,353804f729209b6bbce1ce66c673164ed0bba73960036e328bd7eb748d10ae0b,,,RAW_CSV,29,2:tot capture,210.25,keV/u,,,NOT_EXPLICIT_IN_RAW_CSV;NO_FRAME_CONVERSION,NOT_EXPLICITLY_ASSIGNED,He2+,H(2s),He+ capture center:tot capture,Electron capture cross sections,7.07E-19,UNRESOLVED_NOT_EXPLICIT_IN_RAW_METADATA,Liu2024 AOCC;3-basis mean in paperEq9;raw file no basis columns,,NO_UNCERTAINTY_COLUMN_IN_RAW_CSV,LITERATURE_SUPPORTED,ALL_LITERAL_NONBLANK_RAW_CSV_CELLS_AND_ASSOCIATED_ENERGY_COLUMNS_VERIFIED,BLOCKED_UNIT_AND_FRAME_SEMANTICS;G1_NOT_AUTHORIZED,NOT_RUN,NOT_RUN,NOT_RUN
D-LIU24-3,10.57760/sciencedb.j00113.00114,datasets/liu2024_sciencedb/H2s-Capture cross sections.csv,353804f729209b6bbce1ce66c673164ed0bba73960036e328bd7eb748d10ae0b,,,RAW_CSV,29,3:3s,210.25,keV/u,,,NOT_EXPLICIT_IN_RAW_CSV;NO_FRAME_CONVERSION,NOT_EXPLICITLY_ASSIGNED,He2+,H(2s),He+ capture center:3s,Electron capture cross sections,4.51E-20,UNRESOLVED_NOT_EXPLICIT_IN_RAW_METADATA,Liu2024 AOCC;3-basis mean in paperEq9;raw file no basis columns,,NO_UNCERTAINTY_COLUMN_IN_RAW_CSV,LITERATURE_SUPPORTED,ALL_LITERAL_NONBLANK_RAW_CSV_CELLS_AND_ASSOCIATED_ENERGY_COLUMNS_VERIFIED,BLOCKED_UNIT_AND_FRAME_SEMANTICS;G1_NOT_AUTHORIZED,NOT_RUN,NOT_RUN,NOT_RUN
D-LIU24-3,10.57760/sciencedb.j00113.00114,datasets/liu2024_sciencedb/H2s-Capture cross sections.csv,353804f729209b6bbce1ce66c673164ed0bba73960036e328bd7eb748d10ae0b,,,RAW_CSV,29,4:3p,210.25,keV/u,,,NOT_EXPLICIT_IN_RAW_CSV;NO_FRAME_CONVERSION,NOT_EXPLICITLY_ASSIGNED,He2+,H(2s),He+ capture center:3p,Electron capture cross sections,4.31E-20,UNRESOLVED_NOT_EXPLICIT_IN_RAW_METADATA,Liu2024 AOCC;3-basis mean in paperEq9;raw file no basis columns,,NO_UNCERTAINTY_COLUMN_IN_RAW_CSV,LITERATURE_SUPPORTED,ALL_LITERAL_NONBLANK_RAW_CSV_CELLS_AND_ASSOCIATED_ENERGY_COLUMNS_VERIFIED,BLOCKED_UNIT_AND_FRAME_SEMANTICS;G1_NOT_AUTHORIZED,NOT_RUN,NOT_RUN,NOT_RUN
D-LIU24-3,10.57760/sciencedb.j00113.00114,datasets/liu2024_sciencedb/H2s-Capture cross sections.csv,353804f729209b6bbce1ce66c673164ed0bba73960036e328bd7eb748d10ae0b,,,RAW_CSV,29,5:3d,210.25,keV/u,,,NOT_EXPLICIT_IN_RAW_CSV;NO_FRAME_CONVERSION,NOT_EXPLICITLY_ASSIGNED,He2+,H(2s),He+ capture center:3d,Electron capture cross sections,8.70E-21,UNRESOLVED_NOT_EXPLICIT_IN_RAW_METADATA,Liu2024 AOCC;3-basis mean in paperEq9;raw file no basis columns,,NO_UNCERTAINTY_COLUMN_IN_RAW_CSV,LITERATURE_SUPPORTED,ALL_LITERAL_NONBLANK_RAW_CSV_CELLS_AND_ASSOCIATED_ENERGY_COLUMNS_VERIFIED,BLOCKED_UNIT_AND_FRAME_SEMANTICS;G1_NOT_AUTHORIZED,NOT_RUN,NOT_RUN,NOT_RUN
D-LIU24-3,10.57760/sciencedb.j00113.00114,datasets/liu2024_sciencedb/H2s-Capture cross sections.csv,353804f729209b6bbce1ce66c673164ed0bba73960036e328bd7eb748d10ae0b,,,RAW_CSV,29,6:4s,210.25,keV/u,,,NOT_EXPLICIT_IN_RAW_CSV;NO_FRAME_CONVERSION,NOT_EXPLICITLY_ASSIGNED,He2+,H(2s),He+ capture center:4s,Electron capture cross sections,2.31E-20,UNRESOLVED_NOT_EXPLICIT_IN_RAW_METADATA,Liu2024 AOCC;3-basis mean in paperEq9;raw file no basis columns,,NO_UNCERTAINTY_COLUMN_IN_RAW_CSV,LITERATURE_SUPPORTED,ALL_LITERAL_NONBLANK_RAW_CSV_CELLS_AND_ASSOCIATED_ENERGY_COLUMNS_VERIFIED,BLOCKED_UNIT_AND_FRAME_SEMANTICS;G1_NOT_AUTHORIZED,NOT_RUN,NOT_RUN,NOT_RUN
D-LIU24-3,10.57760/sciencedb.j00113.00114,datasets/liu2024_sciencedb/H2s-Capture cross sections.csv,353804f729209b6bbce1ce66c673164ed0bba73960036e328bd7eb748d10ae0b,,,RAW_CSV,29,7:4p,210.25,keV/u,,,NOT_EXPLICIT_IN_RAW_CSV;NO_FRAME_CONVERSION,NOT_EXPLICITLY_ASSIGNED,He2+,H(2s),He+ capture center:4p,Electron capture cross sections,2.04E-20,UNRESOLVED_NOT_EXPLICIT_IN_RAW_METADATA,Liu2024 AOCC;3-basis mean in paperEq9;raw file no basis columns,,NO_UNCERTAINTY_COLUMN_IN_RAW_CSV,LITERATURE_SUPPORTED,ALL_LITERAL_NONBLANK_RAW_CSV_CELLS_AND_ASSOCIATED_ENERGY_COLUMNS_VERIFIED,BLOCKED_UNIT_AND_FRAME_SEMANTICS;G1_NOT_AUTHORIZED,NOT_RUN,NOT_RUN,NOT_RUN
D-LIU24-3,10.57760/sciencedb.j00113.00114,datasets/liu2024_sciencedb/H2s-Capture cross sections.csv,353804f729209b6bbce1ce66c673164ed0bba73960036e328bd7eb748d10ae0b,,,RAW_CSV,29,8:4d,210.25,keV/u,,,NOT_EXPLICIT_IN_RAW_CSV;NO_FRAME_CONVERSION,NOT_EXPLICITLY_ASSIGNED,He2+,H(2s),He+ capture center:4d,Electron capture cross sections,5.13E-21,UNRESOLVED_NOT_EXPLICIT_IN_RAW_METADATA,Liu2024 AOCC;3-basis mean in paperEq9;raw file no basis columns,,NO_UNCERTAINTY_COLUMN_IN_RAW_CSV,LITERATURE_SUPPORTED,ALL_LITERAL_NONBLANK_RAW_CSV_CELLS_AND_ASSOCIATED_ENERGY_COLUMNS_VERIFIED,BLOCKED_UNIT_AND_FRAME_SEMANTICS;G1_NOT_AUTHORIZED,NOT_RUN,NOT_RUN,NOT_RUN
D-LIU24-3,10.57760/sciencedb.j00113.00114,datasets/liu2024_sciencedb/H2s-Capture cross sections.csv,353804f729209b6bbce1ce66c673164ed0bba73960036e328bd7eb748d10ae0b,,,RAW_CSV,29,9:4f,210.25,keV/u,,,NOT_EXPLICIT_IN_RAW_CSV;NO_FRAME_CONVERSION,NOT_EXPLICITLY_ASSIGNED,He2+,H(2s),He+ capture center:4f,Electron capture cross sections,2.02E-21,UNRESOLVED_NOT_EXPLICIT_IN_RAW_METADATA,Liu2024 AOCC;3-basis mean in paperEq9;raw file no basis columns,,NO_UNCERTAINTY_COLUMN_IN_RAW_CSV,LITERATURE_SUPPORTED,ALL_LITERAL_NONBLANK_RAW_CSV_CELLS_AND_ASSOCIATED_ENERGY_COLUMNS_VERIFIED,BLOCKED_UNIT_AND_FRAME_SEMANTICS;G1_NOT_AUTHORIZED,NOT_RUN,NOT_RUN,NOT_RUN
D-LIU24-3,10.57760/sciencedb.j00113.00114,datasets/liu2024_sciencedb/H2s-Capture cross sections.csv,353804f729209b6bbce1ce66c673164ed0bba73960036e328bd7eb748d10ae0b,,,RAW_CSV,30,2:tot capture,225,keV/u,,,NOT_EXPLICIT_IN_RAW_CSV;NO_FRAME_CONVERSION,NOT_EXPLICITLY_ASSIGNED,He2+,H(2s),He+ capture center:tot capture,Electron capture cross sections,5.62E-19,UNRESOLVED_NOT_EXPLICIT_IN_RAW_METADATA,Liu2024 AOCC;3-basis mean in paperEq9;raw file no basis columns,,NO_UNCERTAINTY_COLUMN_IN_RAW_CSV,LITERATURE_SUPPORTED,ALL_LITERAL_NONBLANK_RAW_CSV_CELLS_AND_ASSOCIATED_ENERGY_COLUMNS_VERIFIED,BLOCKED_UNIT_AND_FRAME_SEMANTICS;G1_NOT_AUTHORIZED,NOT_RUN,NOT_RUN,NOT_RUN
D-LIU24-3,10.57760/sciencedb.j00113.00114,datasets/liu2024_sciencedb/H2s-Capture cross sections.csv,353804f729209b6bbce1ce66c673164ed0bba73960036e328bd7eb748d10ae0b,,,RAW_CSV,30,3:3s,225,keV/u,,,NOT_EXPLICIT_IN_RAW_CSV;NO_FRAME_CONVERSION,NOT_EXPLICITLY_ASSIGNED,He2+,H(2s),He+ capture center:3s,Electron capture cross sections,3.61E-20,UNRESOLVED_NOT_EXPLICIT_IN_RAW_METADATA,Liu2024 AOCC;3-basis mean in paperEq9;raw file no basis columns,,NO_UNCERTAINTY_COLUMN_IN_RAW_CSV,LITERATURE_SUPPORTED,ALL_LITERAL_NONBLANK_RAW_CSV_CELLS_AND_ASSOCIATED_ENERGY_COLUMNS_VERIFIED,BLOCKED_UNIT_AND_FRAME_SEMANTICS;G1_NOT_AUTHORIZED,NOT_RUN,NOT_RUN,NOT_RUN
D-LIU24-3,10.57760/sciencedb.j00113.00114,datasets/liu2024_sciencedb/H2s-Capture cross sections.csv,353804f729209b6bbce1ce66c673164ed0bba73960036e328bd7eb748d10ae0b,,,RAW_CSV,30,4:3p,225,keV/u,,,NOT_EXPLICIT_IN_RAW_CSV;NO_FRAME_CONVERSION,NOT_EXPLICITLY_ASSIGNED,He2+,H(2s),He+ capture center:3p,Electron capture cross sections,3.08E-20,UNRESOLVED_NOT_EXPLICIT_IN_RAW_METADATA,Liu2024 AOCC;3-basis mean in paperEq9;raw file no basis columns,,NO_UNCERTAINTY_COLUMN_IN_RAW_CSV,LITERATURE_SUPPORTED,ALL_LITERAL_NONBLANK_RAW_CSV_CELLS_AND_ASSOCIATED_ENERGY_COLUMNS_VERIFIED,BLOCKED_UNIT_AND_FRAME_SEMANTICS;G1_NOT_AUTHORIZED,NOT_RUN,NOT_RUN,NOT_RUN
D-LIU24-3,10.57760/sciencedb.j00113.00114,datasets/liu2024_sciencedb/H2s-Capture cross sections.csv,353804f729209b6bbce1ce66c673164ed0bba73960036e328bd7eb748d10ae0b,,,RAW_CSV,30,5:3d,225,keV/u,,,NOT_EXPLICIT_IN_RAW_CSV;NO_FRAME_CONVERSION,NOT_EXPLICITLY_ASSIGNED,He2+,H(2s),He+ capture center:3d,Electron capture cross sections,6.17E-21,UNRESOLVED_NOT_EXPLICIT_IN_RAW_METADATA,Liu2024 AOCC;3-basis mean in paperEq9;raw file no basis columns,,NO_UNCERTAINTY_COLUMN_IN_RAW_CSV,LITERATURE_SUPPORTED,ALL_LITERAL_NONBLANK_RAW_CSV_CELLS_AND_ASSOCIATED_ENERGY_COLUMNS_VERIFIED,BLOCKED_UNIT_AND_FRAME_SEMANTICS;G1_NOT_AUTHORIZED,NOT_RUN,NOT_RUN,NOT_RUN
D-LIU24-3,10.57760/sciencedb.j00113.00114,datasets/liu2024_sciencedb/H2s-Capture cross sections.csv,353804f729209b6bbce1ce66c673164ed0bba73960036e328bd7eb748d10ae0b,,,RAW_CSV,30,6:4s,225,keV/u,,,NOT_EXPLICIT_IN_RAW_CSV;NO_FRAME_CONVERSION,NOT_EXPLICITLY_ASSIGNED,He2+,H(2s),He+ capture center:4s,Electron capture cross sections,1.90E-20,UNRESOLVED_NOT_EXPLICIT_IN_RAW_METADATA,Liu2024 AOCC;3-basis mean in paperEq9;raw file no basis columns,,NO_UNCERTAINTY_COLUMN_IN_RAW_CSV,LITERATURE_SUPPORTED,ALL_LITERAL_NONBLANK_RAW_CSV_CELLS_AND_ASSOCIATED_ENERGY_COLUMNS_VERIFIED,BLOCKED_UNIT_AND_FRAME_SEMANTICS;G1_NOT_AUTHORIZED,NOT_RUN,NOT_RUN,NOT_RUN
D-LIU24-3,10.57760/sciencedb.j00113.00114,datasets/liu2024_sciencedb/H2s-Capture cross sections.csv,353804f729209b6bbce1ce66c673164ed0bba73960036e328bd7eb748d10ae0b,,,RAW_CSV,30,7:4p,225,keV/u,,,NOT_EXPLICIT_IN_RAW_CSV;NO_FRAME_CONVERSION,NOT_EXPLICITLY_ASSIGNED,He2+,H(2s),He+ capture center:4p,Electron capture cross sections,1.54E-20,UNRESOLVED_NOT_EXPLICIT_IN_RAW_METADATA,Liu2024 AOCC;3-basis mean in paperEq9;raw file no basis columns,,NO_UNCERTAINTY_COLUMN_IN_RAW_CSV,LITERATURE_SUPPORTED,ALL_LITERAL_NONBLANK_RAW_CSV_CELLS_AND_ASSOCIATED_ENERGY_COLUMNS_VERIFIED,BLOCKED_UNIT_AND_FRAME_SEMANTICS;G1_NOT_AUTHORIZED,NOT_RUN,NOT_RUN,NOT_RUN
D-LIU24-3,10.57760/sciencedb.j00113.00114,datasets/liu2024_sciencedb/H2s-Capture cross sections.csv,353804f729209b6bbce1ce66c673164ed0bba73960036e328bd7eb748d10ae0b,,,RAW_CSV,30,8:4d,225,keV/u,,,NOT_EXPLICIT_IN_RAW_CSV;NO_FRAME_CONVERSION,NOT_EXPLICITLY_ASSIGNED,He2+,H(2s),He+ capture center:4d,Electron capture cross sections,4.16E-21,UNRESOLVED_NOT_EXPLICIT_IN_RAW_METADATA,Liu2024 AOCC;3-basis mean in paperEq9;raw file no basis columns,,NO_UNCERTAINTY_COLUMN_IN_RAW_CSV,LITERATURE_SUPPORTED,ALL_LITERAL_NONBLANK_RAW_CSV_CELLS_AND_ASSOCIATED_ENERGY_COLUMNS_VERIFIED,BLOCKED_UNIT_AND_FRAME_SEMANTICS;G1_NOT_AUTHORIZED,NOT_RUN,NOT_RUN,NOT_RUN
D-LIU24-3,10.57760/sciencedb.j00113.00114,datasets/liu2024_sciencedb/H2s-Capture cross sections.csv,353804f729209b6bbce1ce66c673164ed0bba73960036e328bd7eb748d10ae0b,,,RAW_CSV,30,9:4f,225,keV/u,,,NOT_EXPLICIT_IN_RAW_CSV;NO_FRAME_CONVERSION,NOT_EXPLICITLY_ASSIGNED,He2+,H(2s),He+ capture center:4f,Electron capture cross sections,1.83E-21,UNRESOLVED_NOT_EXPLICIT_IN_RAW_METADATA,Liu2024 AOCC;3-basis mean in paperEq9;raw file no basis columns,,NO_UNCERTAINTY_COLUMN_IN_RAW_CSV,LITERATURE_SUPPORTED,ALL_LITERAL_NONBLANK_RAW_CSV_CELLS_AND_ASSOCIATED_ENERGY_COLUMNS_VERIFIED,BLOCKED_UNIT_AND_FRAME_SEMANTICS;G1_NOT_AUTHORIZED,NOT_RUN,NOT_RUN,NOT_RUN
D-LIU24-4,10.57760/sciencedb.j00113.00114,datasets/liu2024_sciencedb/H2s-Excitation cross sections.csv,03082d6fd21d226e0fe310df79213575eebbd3bbf3db577986ea7ac2f87fb4a1,,,RAW_CSV,2,2:3s,4,keV/u,,,NOT_EXPLICIT_IN_RAW_CSV;NO_FRAME_CONVERSION,NOT_EXPLICITLY_ASSIGNED,He2+,H(2s),H target center:3s,Target excitation cross sections,9.41E-17,UNRESOLVED_NOT_EXPLICIT_IN_RAW_METADATA,Liu2024 AOCC;3-basis mean in paperEq9;raw file no basis columns,,NO_UNCERTAINTY_COLUMN_IN_RAW_CSV,LITERATURE_SUPPORTED,ALL_LITERAL_NONBLANK_RAW_CSV_CELLS_AND_ASSOCIATED_ENERGY_COLUMNS_VERIFIED,BLOCKED_UNIT_AND_FRAME_SEMANTICS;G1_NOT_AUTHORIZED,NOT_RUN,NOT_RUN,NOT_RUN
D-LIU24-4,10.57760/sciencedb.j00113.00114,datasets/liu2024_sciencedb/H2s-Excitation cross sections.csv,03082d6fd21d226e0fe310df79213575eebbd3bbf3db577986ea7ac2f87fb4a1,,,RAW_CSV,2,3:3p,4,keV/u,,,NOT_EXPLICIT_IN_RAW_CSV;NO_FRAME_CONVERSION,NOT_EXPLICITLY_ASSIGNED,He2+,H(2s),H target center:3p,Target excitation cross sections,1.63E-16,UNRESOLVED_NOT_EXPLICIT_IN_RAW_METADATA,Liu2024 AOCC;3-basis mean in paperEq9;raw file no basis columns,,NO_UNCERTAINTY_COLUMN_IN_RAW_CSV,LITERATURE_SUPPORTED,ALL_LITERAL_NONBLANK_RAW_CSV_CELLS_AND_ASSOCIATED_ENERGY_COLUMNS_VERIFIED,BLOCKED_UNIT_AND_FRAME_SEMANTICS;G1_NOT_AUTHORIZED,NOT_RUN,NOT_RUN,NOT_RUN
D-LIU24-4,10.57760/sciencedb.j00113.00114,datasets/liu2024_sciencedb/H2s-Excitation cross sections.csv,03082d6fd21d226e0fe310df79213575eebbd3bbf3db577986ea7ac2f87fb4a1,,,RAW_CSV,2,4:3d,4,keV/u,,,NOT_EXPLICIT_IN_RAW_CSV;NO_FRAME_CONVERSION,NOT_EXPLICITLY_ASSIGNED,He2+,H(2s),H target center:3d,Target excitation cross sections,5.62E-16,UNRESOLVED_NOT_EXPLICIT_IN_RAW_METADATA,Liu2024 AOCC;3-basis mean in paperEq9;raw file no basis columns,,NO_UNCERTAINTY_COLUMN_IN_RAW_CSV,LITERATURE_SUPPORTED,ALL_LITERAL_NONBLANK_RAW_CSV_CELLS_AND_ASSOCIATED_ENERGY_COLUMNS_VERIFIED,BLOCKED_UNIT_AND_FRAME_SEMANTICS;G1_NOT_AUTHORIZED,NOT_RUN,NOT_RUN,NOT_RUN
D-LIU24-4,10.57760/sciencedb.j00113.00114,datasets/liu2024_sciencedb/H2s-Excitation cross sections.csv,03082d6fd21d226e0fe310df79213575eebbd3bbf3db577986ea7ac2f87fb4a1,,,RAW_CSV,2,5:4s,4,keV/u,,,NOT_EXPLICIT_IN_RAW_CSV;NO_FRAME_CONVERSION,NOT_EXPLICITLY_ASSIGNED,He2+,H(2s),H target center:4s,Target excitation cross sections,1.90E-17,UNRESOLVED_NOT_EXPLICIT_IN_RAW_METADATA,Liu2024 AOCC;3-basis mean in paperEq9;raw file no basis columns,,NO_UNCERTAINTY_COLUMN_IN_RAW_CSV,LITERATURE_SUPPORTED,ALL_LITERAL_NONBLANK_RAW_CSV_CELLS_AND_ASSOCIATED_ENERGY_COLUMNS_VERIFIED,BLOCKED_UNIT_AND_FRAME_SEMANTICS;G1_NOT_AUTHORIZED,NOT_RUN,NOT_RUN,NOT_RUN
D-LIU24-4,10.57760/sciencedb.j00113.00114,datasets/liu2024_sciencedb/H2s-Excitation cross sections.csv,03082d6fd21d226e0fe310df79213575eebbd3bbf3db577986ea7ac2f87fb4a1,,,RAW_CSV,2,6:4p,4,keV/u,,,NOT_EXPLICIT_IN_RAW_CSV;NO_FRAME_CONVERSION,NOT_EXPLICITLY_ASSIGNED,He2+,H(2s),H target center:4p,Target excitation cross sections,3.56E-17,UNRESOLVED_NOT_EXPLICIT_IN_RAW_METADATA,Liu2024 AOCC;3-basis mean in paperEq9;raw file no basis columns,,NO_UNCERTAINTY_COLUMN_IN_RAW_CSV,LITERATURE_SUPPORTED,ALL_LITERAL_NONBLANK_RAW_CSV_CELLS_AND_ASSOCIATED_ENERGY_COLUMNS_VERIFIED,BLOCKED_UNIT_AND_FRAME_SEMANTICS;G1_NOT_AUTHORIZED,NOT_RUN,NOT_RUN,NOT_RUN
D-LIU24-4,10.57760/sciencedb.j00113.00114,datasets/liu2024_sciencedb/H2s-Excitation cross sections.csv,03082d6fd21d226e0fe310df79213575eebbd3bbf3db577986ea7ac2f87fb4a1,,,RAW_CSV,2,7:4d,4,keV/u,,,NOT_EXPLICIT_IN_RAW_CSV;NO_FRAME_CONVERSION,NOT_EXPLICITLY_ASSIGNED,He2+,H(2s),H target center:4d,Target excitation cross sections,7.71E-17,UNRESOLVED_NOT_EXPLICIT_IN_RAW_METADATA,Liu2024 AOCC;3-basis mean in paperEq9;raw file no basis columns,,NO_UNCERTAINTY_COLUMN_IN_RAW_CSV,LITERATURE_SUPPORTED,ALL_LITERAL_NONBLANK_RAW_CSV_CELLS_AND_ASSOCIATED_ENERGY_COLUMNS_VERIFIED,BLOCKED_UNIT_AND_FRAME_SEMANTICS;G1_NOT_AUTHORIZED,NOT_RUN,NOT_RUN,NOT_RUN
D-LIU24-4,10.57760/sciencedb.j00113.00114,datasets/liu2024_sciencedb/H2s-Excitation cross sections.csv,03082d6fd21d226e0fe310df79213575eebbd3bbf3db577986ea7ac2f87fb4a1,,,RAW_CSV,2,8:4f,4,keV/u,,,NOT_EXPLICIT_IN_RAW_CSV;NO_FRAME_CONVERSION,NOT_EXPLICITLY_ASSIGNED,He2+,H(2s),H target center:4f,Target excitation cross sections,1.49E-16,UNRESOLVED_NOT_EXPLICIT_IN_RAW_METADATA,Liu2024 AOCC;3-basis mean in paperEq9;raw file no basis columns,,NO_UNCERTAINTY_COLUMN_IN_RAW_CSV,LITERATURE_SUPPORTED,ALL_LITERAL_NONBLANK_RAW_CSV_CELLS_AND_ASSOCIATED_ENERGY_COLUMNS_VERIFIED,BLOCKED_UNIT_AND_FRAME_SEMANTICS;G1_NOT_AUTHORIZED,NOT_RUN,NOT_RUN,NOT_RUN
D-LIU24-4,10.57760/sciencedb.j00113.00114,datasets/liu2024_sciencedb/H2s-Excitation cross sections.csv,03082d6fd21d226e0fe310df79213575eebbd3bbf3db577986ea7ac2f87fb4a1,,,RAW_CSV,3,2:3s,9,keV/u,,,NOT_EXPLICIT_IN_RAW_CSV;NO_FRAME_CONVERSION,NOT_EXPLICITLY_ASSIGNED,He2+,H(2s),H target center:3s,Target excitation cross sections,2.28E-16,UNRESOLVED_NOT_EXPLICIT_IN_RAW_METADATA,Liu2024 AOCC;3-basis mean in paperEq9;raw file no basis columns,,NO_UNCERTAINTY_COLUMN_IN_RAW_CSV,LITERATURE_SUPPORTED,ALL_LITERAL_NONBLANK_RAW_CSV_CELLS_AND_ASSOCIATED_ENERGY_COLUMNS_VERIFIED,BLOCKED_UNIT_AND_FRAME_SEMANTICS;G1_NOT_AUTHORIZED,NOT_RUN,NOT_RUN,NOT_RUN
D-LIU24-4,10.57760/sciencedb.j00113.00114,datasets/liu2024_sciencedb/H2s-Excitation cross sections.csv,03082d6fd21d226e0fe310df79213575eebbd3bbf3db577986ea7ac2f87fb4a1,,,RAW_CSV,3,3:3p,9,keV/u,,,NOT_EXPLICIT_IN_RAW_CSV;NO_FRAME_CONVERSION,NOT_EXPLICITLY_ASSIGNED,He2+,H(2s),H target center:3p,Target excitation cross sections,3.98E-16,UNRESOLVED_NOT_EXPLICIT_IN_RAW_METADATA,Liu2024 AOCC;3-basis mean in paperEq9;raw file no basis columns,,NO_UNCERTAINTY_COLUMN_IN_RAW_CSV,LITERATURE_SUPPORTED,ALL_LITERAL_NONBLANK_RAW_CSV_CELLS_AND_ASSOCIATED_ENERGY_COLUMNS_VERIFIED,BLOCKED_UNIT_AND_FRAME_SEMANTICS;G1_NOT_AUTHORIZED,NOT_RUN,NOT_RUN,NOT_RUN
D-LIU24-4,10.57760/sciencedb.j00113.00114,datasets/liu2024_sciencedb/H2s-Excitation cross sections.csv,03082d6fd21d226e0fe310df79213575eebbd3bbf3db577986ea7ac2f87fb4a1,,,RAW_CSV,3,4:3d,9,keV/u,,,NOT_EXPLICIT_IN_RAW_CSV;NO_FRAME_CONVERSION,NOT_EXPLICITLY_ASSIGNED,He2+,H(2s),H target center:3d,Target excitation cross sections,1.43E-15,UNRESOLVED_NOT_EXPLICIT_IN_RAW_METADATA,Liu2024 AOCC;3-basis mean in paperEq9;raw file no basis columns,,NO_UNCERTAINTY_COLUMN_IN_RAW_CSV,LITERATURE_SUPPORTED,ALL_LITERAL_NONBLANK_RAW_CSV_CELLS_AND_ASSOCIATED_ENERGY_COLUMNS_VERIFIED,BLOCKED_UNIT_AND_FRAME_SEMANTICS;G1_NOT_AUTHORIZED,NOT_RUN,NOT_RUN,NOT_RUN
D-LIU24-4,10.57760/sciencedb.j00113.00114,datasets/liu2024_sciencedb/H2s-Excitation cross sections.csv,03082d6fd21d226e0fe310df79213575eebbd3bbf3db577986ea7ac2f87fb4a1,,,RAW_CSV,3,5:4s,9,keV/u,,,NOT_EXPLICIT_IN_RAW_CSV;NO_FRAME_CONVERSION,NOT_EXPLICITLY_ASSIGNED,He2+,H(2s),H target center:4s,Target excitation cross sections,5.20E-17,UNRESOLVED_NOT_EXPLICIT_IN_RAW_METADATA,Liu2024 AOCC;3-basis mean in paperEq9;raw file no basis columns,,NO_UNCERTAINTY_COLUMN_IN_RAW_CSV,LITERATURE_SUPPORTED,ALL_LITERAL_NONBLANK_RAW_CSV_CELLS_AND_ASSOCIATED_ENERGY_COLUMNS_VERIFIED,BLOCKED_UNIT_AND_FRAME_SEMANTICS;G1_NOT_AUTHORIZED,NOT_RUN,NOT_RUN,NOT_RUN
D-LIU24-4,10.57760/sciencedb.j00113.00114,datasets/liu2024_sciencedb/H2s-Excitation cross sections.csv,03082d6fd21d226e0fe310df79213575eebbd3bbf3db577986ea7ac2f87fb4a1,,,RAW_CSV,3,6:4p,9,keV/u,,,NOT_EXPLICIT_IN_RAW_CSV;NO_FRAME_CONVERSION,NOT_EXPLICITLY_ASSIGNED,He2+,H(2s),H target center:4p,Target excitation cross sections,8.03E-17,UNRESOLVED_NOT_EXPLICIT_IN_RAW_METADATA,Liu2024 AOCC;3-basis mean in paperEq9;raw file no basis columns,,NO_UNCERTAINTY_COLUMN_IN_RAW_CSV,LITERATURE_SUPPORTED,ALL_LITERAL_NONBLANK_RAW_CSV_CELLS_AND_ASSOCIATED_ENERGY_COLUMNS_VERIFIED,BLOCKED_UNIT_AND_FRAME_SEMANTICS;G1_NOT_AUTHORIZED,NOT_RUN,NOT_RUN,NOT_RUN
D-LIU24-4,10.57760/sciencedb.j00113.00114,datasets/liu2024_sciencedb/H2s-Excitation cross sections.csv,03082d6fd21d226e0fe310df79213575eebbd3bbf3db577986ea7ac2f87fb4a1,,,RAW_CSV,3,7:4d,9,keV/u,,,NOT_EXPLICIT_IN_RAW_CSV;NO_FRAME_CONVERSION,NOT_EXPLICITLY_ASSIGNED,He2+,H(2s),H target center:4d,Target excitation cross sections,1.93E-16,UNRESOLVED_NOT_EXPLICIT_IN_RAW_METADATA,Liu2024 AOCC;3-basis mean in paperEq9;raw file no basis columns,,NO_UNCERTAINTY_COLUMN_IN_RAW_CSV,LITERATURE_SUPPORTED,ALL_LITERAL_NONBLANK_RAW_CSV_CELLS_AND_ASSOCIATED_ENERGY_COLUMNS_VERIFIED,BLOCKED_UNIT_AND_FRAME_SEMANTICS;G1_NOT_AUTHORIZED,NOT_RUN,NOT_RUN,NOT_RUN
D-LIU24-4,10.57760/sciencedb.j00113.00114,datasets/liu2024_sciencedb/H2s-Excitation cross sections.csv,03082d6fd21d226e0fe310df79213575eebbd3bbf3db577986ea7ac2f87fb4a1,,,RAW_CSV,3,8:4f,9,keV/u,,,NOT_EXPLICIT_IN_RAW_CSV;NO_FRAME_CONVERSION,NOT_EXPLICITLY_ASSIGNED,He2+,H(2s),H target center:4f,Target excitation cross sections,3.55E-16,UNRESOLVED_NOT_EXPLICIT_IN_RAW_METADATA,Liu2024 AOCC;3-basis mean in paperEq9;raw file no basis columns,,NO_UNCERTAINTY_COLUMN_IN_RAW_CSV,LITERATURE_SUPPORTED,ALL_LITERAL_NONBLANK_RAW_CSV_CELLS_AND_ASSOCIATED_ENERGY_COLUMNS_VERIFIED,BLOCKED_UNIT_AND_FRAME_SEMANTICS;G1_NOT_AUTHORIZED,NOT_RUN,NOT_RUN,NOT_RUN
D-LIU24-4,10.57760/sciencedb.j00113.00114,datasets/liu2024_sciencedb/H2s-Excitation cross sections.csv,03082d6fd21d226e0fe310df79213575eebbd3bbf3db577986ea7ac2f87fb4a1,,,RAW_CSV,4,2:3s,12.25,keV/u,,,NOT_EXPLICIT_IN_RAW_CSV;NO_FRAME_CONVERSION,NOT_EXPLICITLY_ASSIGNED,He2+,H(2s),H target center:3s,Target excitation cross sections,3.66E-16,UNRESOLVED_NOT_EXPLICIT_IN_RAW_METADATA,Liu2024 AOCC;3-basis mean in paperEq9;raw file no basis columns,,NO_UNCERTAINTY_COLUMN_IN_RAW_CSV,LITERATURE_SUPPORTED,ALL_LITERAL_NONBLANK_RAW_CSV_CELLS_AND_ASSOCIATED_ENERGY_COLUMNS_VERIFIED,BLOCKED_UNIT_AND_FRAME_SEMANTICS;G1_NOT_AUTHORIZED,NOT_RUN,NOT_RUN,NOT_RUN
D-LIU24-4,10.57760/sciencedb.j00113.00114,datasets/liu2024_sciencedb/H2s-Excitation cross sections.csv,03082d6fd21d226e0fe310df79213575eebbd3bbf3db577986ea7ac2f87fb4a1,,,RAW_CSV,4,3:3p,12.25,keV/u,,,NOT_EXPLICIT_IN_RAW_CSV;NO_FRAME_CONVERSION,NOT_EXPLICITLY_ASSIGNED,He2+,H(2s),H target center:3p,Target excitation cross sections,5.04E-16,UNRESOLVED_NOT_EXPLICIT_IN_RAW_METADATA,Liu2024 AOCC;3-basis mean in paperEq9;raw file no basis columns,,NO_UNCERTAINTY_COLUMN_IN_RAW_CSV,LITERATURE_SUPPORTED,ALL_LITERAL_NONBLANK_RAW_CSV_CELLS_AND_ASSOCIATED_ENERGY_COLUMNS_VERIFIED,BLOCKED_UNIT_AND_FRAME_SEMANTICS;G1_NOT_AUTHORIZED,NOT_RUN,NOT_RUN,NOT_RUN
D-LIU24-4,10.57760/sciencedb.j00113.00114,datasets/liu2024_sciencedb/H2s-Excitation cross sections.csv,03082d6fd21d226e0fe310df79213575eebbd3bbf3db577986ea7ac2f87fb4a1,,,RAW_CSV,4,4:3d,12.25,keV/u,,,NOT_EXPLICIT_IN_RAW_CSV;NO_FRAME_CONVERSION,NOT_EXPLICITLY_ASSIGNED,He2+,H(2s),H target center:3d,Target excitation cross sections,1.67E-15,UNRESOLVED_NOT_EXPLICIT_IN_RAW_METADATA,Liu2024 AOCC;3-basis mean in paperEq9;raw file no basis columns,,NO_UNCERTAINTY_COLUMN_IN_RAW_CSV,LITERATURE_SUPPORTED,ALL_LITERAL_NONBLANK_RAW_CSV_CELLS_AND_ASSOCIATED_ENERGY_COLUMNS_VERIFIED,BLOCKED_UNIT_AND_FRAME_SEMANTICS;G1_NOT_AUTHORIZED,NOT_RUN,NOT_RUN,NOT_RUN
D-LIU24-4,10.57760/sciencedb.j00113.00114,datasets/liu2024_sciencedb/H2s-Excitation cross sections.csv,03082d6fd21d226e0fe310df79213575eebbd3bbf3db577986ea7ac2f87fb4a1,,,RAW_CSV,4,5:4s,12.25,keV/u,,,NOT_EXPLICIT_IN_RAW_CSV;NO_FRAME_CONVERSION,NOT_EXPLICITLY_ASSIGNED,He2+,H(2s),H target center:4s,Target excitation cross sections,7.46E-17,UNRESOLVED_NOT_EXPLICIT_IN_RAW_METADATA,Liu2024 AOCC;3-basis mean in paperEq9;raw file no basis columns,,NO_UNCERTAINTY_COLUMN_IN_RAW_CSV,LITERATURE_SUPPORTED,ALL_LITERAL_NONBLANK_RAW_CSV_CELLS_AND_ASSOCIATED_ENERGY_COLUMNS_VERIFIED,BLOCKED_UNIT_AND_FRAME_SEMANTICS;G1_NOT_AUTHORIZED,NOT_RUN,NOT_RUN,NOT_RUN
D-LIU24-4,10.57760/sciencedb.j00113.00114,datasets/liu2024_sciencedb/H2s-Excitation cross sections.csv,03082d6fd21d226e0fe310df79213575eebbd3bbf3db577986ea7ac2f87fb4a1,,,RAW_CSV,4,6:4p,12.25,keV/u,,,NOT_EXPLICIT_IN_RAW_CSV;NO_FRAME_CONVERSION,NOT_EXPLICITLY_ASSIGNED,He2+,H(2s),H target center:4p,Target excitation cross sections,1.18E-16,UNRESOLVED_NOT_EXPLICIT_IN_RAW_METADATA,Liu2024 AOCC;3-basis mean in paperEq9;raw file no basis columns,,NO_UNCERTAINTY_COLUMN_IN_RAW_CSV,LITERATURE_SUPPORTED,ALL_LITERAL_NONBLANK_RAW_CSV_CELLS_AND_ASSOCIATED_ENERGY_COLUMNS_VERIFIED,BLOCKED_UNIT_AND_FRAME_SEMANTICS;G1_NOT_AUTHORIZED,NOT_RUN,NOT_RUN,NOT_RUN
D-LIU24-4,10.57760/sciencedb.j00113.00114,datasets/liu2024_sciencedb/H2s-Excitation cross sections.csv,03082d6fd21d226e0fe310df79213575eebbd3bbf3db577986ea7ac2f87fb4a1,,,RAW_CSV,4,7:4d,12.25,keV/u,,,NOT_EXPLICIT_IN_RAW_CSV;NO_FRAME_CONVERSION,NOT_EXPLICITLY_ASSIGNED,He2+,H(2s),H target center:4d,Target excitation cross sections,2.42E-16,UNRESOLVED_NOT_EXPLICIT_IN_RAW_METADATA,Liu2024 AOCC;3-basis mean in paperEq9;raw file no basis columns,,NO_UNCERTAINTY_COLUMN_IN_RAW_CSV,LITERATURE_SUPPORTED,ALL_LITERAL_NONBLANK_RAW_CSV_CELLS_AND_ASSOCIATED_ENERGY_COLUMNS_VERIFIED,BLOCKED_UNIT_AND_FRAME_SEMANTICS;G1_NOT_AUTHORIZED,NOT_RUN,NOT_RUN,NOT_RUN
D-LIU24-4,10.57760/sciencedb.j00113.00114,datasets/liu2024_sciencedb/H2s-Excitation cross sections.csv,03082d6fd21d226e0fe310df79213575eebbd3bbf3db577986ea7ac2f87fb4a1,,,RAW_CSV,4,8:4f,12.25,keV/u,,,NOT_EXPLICIT_IN_RAW_CSV;NO_FRAME_CONVERSION,NOT_EXPLICITLY_ASSIGNED,He2+,H(2s),H target center:4f,Target excitation cross sections,4.75E-16,UNRESOLVED_NOT_EXPLICIT_IN_RAW_METADATA,Liu2024 AOCC;3-basis mean in paperEq9;raw file no basis columns,,NO_UNCERTAINTY_COLUMN_IN_RAW_CSV,LITERATURE_SUPPORTED,ALL_LITERAL_NONBLANK_RAW_CSV_CELLS_AND_ASSOCIATED_ENERGY_COLUMNS_VERIFIED,BLOCKED_UNIT_AND_FRAME_SEMANTICS;G1_NOT_AUTHORIZED,NOT_RUN,NOT_RUN,NOT_RUN
D-LIU24-4,10.57760/sciencedb.j00113.00114,datasets/liu2024_sciencedb/H2s-Excitation cross sections.csv,03082d6fd21d226e0fe310df79213575eebbd3bbf3db577986ea7ac2f87fb4a1,,,RAW_CSV,5,2:3s,16,keV/u,,,NOT_EXPLICIT_IN_RAW_CSV;NO_FRAME_CONVERSION,NOT_EXPLICITLY_ASSIGNED,He2+,H(2s),H target center:3s,Target excitation cross sections,5.00E-16,UNRESOLVED_NOT_EXPLICIT_IN_RAW_METADATA,Liu2024 AOCC;3-basis mean in paperEq9;raw file no basis columns,,NO_UNCERTAINTY_COLUMN_IN_RAW_CSV,LITERATURE_SUPPORTED,ALL_LITERAL_NONBLANK_RAW_CSV_CELLS_AND_ASSOCIATED_ENERGY_COLUMNS_VERIFIED,BLOCKED_UNIT_AND_FRAME_SEMANTICS;G1_NOT_AUTHORIZED,NOT_RUN,NOT_RUN,NOT_RUN
D-LIU24-4,10.57760/sciencedb.j00113.00114,datasets/liu2024_sciencedb/H2s-Excitation cross sections.csv,03082d6fd21d226e0fe310df79213575eebbd3bbf3db577986ea7ac2f87fb4a1,,,RAW_CSV,5,3:3p,16,keV/u,,,NOT_EXPLICIT_IN_RAW_CSV;NO_FRAME_CONVERSION,NOT_EXPLICITLY_ASSIGNED,He2+,H(2s),H target center:3p,Target excitation cross sections,6.62E-16,UNRESOLVED_NOT_EXPLICIT_IN_RAW_METADATA,Liu2024 AOCC;3-basis mean in paperEq9;raw file no basis columns,,NO_UNCERTAINTY_COLUMN_IN_RAW_CSV,LITERATURE_SUPPORTED,ALL_LITERAL_NONBLANK_RAW_CSV_CELLS_AND_ASSOCIATED_ENERGY_COLUMNS_VERIFIED,BLOCKED_UNIT_AND_FRAME_SEMANTICS;G1_NOT_AUTHORIZED,NOT_RUN,NOT_RUN,NOT_RUN
D-LIU24-4,10.57760/sciencedb.j00113.00114,datasets/liu2024_sciencedb/H2s-Excitation cross sections.csv,03082d6fd21d226e0fe310df79213575eebbd3bbf3db577986ea7ac2f87fb4a1,,,RAW_CSV,5,4:3d,16,keV/u,,,NOT_EXPLICIT_IN_RAW_CSV;NO_FRAME_CONVERSION,NOT_EXPLICITLY_ASSIGNED,He2+,H(2s),H target center:3d,Target excitation cross sections,1.86E-15,UNRESOLVED_NOT_EXPLICIT_IN_RAW_METADATA,Liu2024 AOCC;3-basis mean in paperEq9;raw file no basis columns,,NO_UNCERTAINTY_COLUMN_IN_RAW_CSV,LITERATURE_SUPPORTED,ALL_LITERAL_NONBLANK_RAW_CSV_CELLS_AND_ASSOCIATED_ENERGY_COLUMNS_VERIFIED,BLOCKED_UNIT_AND_FRAME_SEMANTICS;G1_NOT_AUTHORIZED,NOT_RUN,NOT_RUN,NOT_RUN
D-LIU24-4,10.57760/sciencedb.j00113.00114,datasets/liu2024_sciencedb/H2s-Excitation cross sections.csv,03082d6fd21d226e0fe310df79213575eebbd3bbf3db577986ea7ac2f87fb4a1,,,RAW_CSV,5,5:4s,16,keV/u,,,NOT_EXPLICIT_IN_RAW_CSV;NO_FRAME_CONVERSION,NOT_EXPLICITLY_ASSIGNED,He2+,H(2s),H target center:4s,Target excitation cross sections,1.05E-16,UNRESOLVED_NOT_EXPLICIT_IN_RAW_METADATA,Liu2024 AOCC;3-basis mean in paperEq9;raw file no basis columns,,NO_UNCERTAINTY_COLUMN_IN_RAW_CSV,LITERATURE_SUPPORTED,ALL_LITERAL_NONBLANK_RAW_CSV_CELLS_AND_ASSOCIATED_ENERGY_COLUMNS_VERIFIED,BLOCKED_UNIT_AND_FRAME_SEMANTICS;G1_NOT_AUTHORIZED,NOT_RUN,NOT_RUN,NOT_RUN
D-LIU24-4,10.57760/sciencedb.j00113.00114,datasets/liu2024_sciencedb/H2s-Excitation cross sections.csv,03082d6fd21d226e0fe310df79213575eebbd3bbf3db577986ea7ac2f87fb4a1,,,RAW_CSV,5,6:4p,16,keV/u,,,NOT_EXPLICIT_IN_RAW_CSV;NO_FRAME_CONVERSION,NOT_EXPLICITLY_ASSIGNED,He2+,H(2s),H target center:4p,Target excitation cross sections,1.71E-16,UNRESOLVED_NOT_EXPLICIT_IN_RAW_METADATA,Liu2024 AOCC;3-basis mean in paperEq9;raw file no basis columns,,NO_UNCERTAINTY_COLUMN_IN_RAW_CSV,LITERATURE_SUPPORTED,ALL_LITERAL_NONBLANK_RAW_CSV_CELLS_AND_ASSOCIATED_ENERGY_COLUMNS_VERIFIED,BLOCKED_UNIT_AND_FRAME_SEMANTICS;G1_NOT_AUTHORIZED,NOT_RUN,NOT_RUN,NOT_RUN
D-LIU24-4,10.57760/sciencedb.j00113.00114,datasets/liu2024_sciencedb/H2s-Excitation cross sections.csv,03082d6fd21d226e0fe310df79213575eebbd3bbf3db577986ea7ac2f87fb4a1,,,RAW_CSV,5,7:4d,16,keV/u,,,NOT_EXPLICIT_IN_RAW_CSV;NO_FRAME_CONVERSION,NOT_EXPLICITLY_ASSIGNED,He2+,H(2s),H target center:4d,Target excitation cross sections,2.55E-16,UNRESOLVED_NOT_EXPLICIT_IN_RAW_METADATA,Liu2024 AOCC;3-basis mean in paperEq9;raw file no basis columns,,NO_UNCERTAINTY_COLUMN_IN_RAW_CSV,LITERATURE_SUPPORTED,ALL_LITERAL_NONBLANK_RAW_CSV_CELLS_AND_ASSOCIATED_ENERGY_COLUMNS_VERIFIED,BLOCKED_UNIT_AND_FRAME_SEMANTICS;G1_NOT_AUTHORIZED,NOT_RUN,NOT_RUN,NOT_RUN
D-LIU24-4,10.57760/sciencedb.j00113.00114,datasets/liu2024_sciencedb/H2s-Excitation cross sections.csv,03082d6fd21d226e0fe310df79213575eebbd3bbf3db577986ea7ac2f87fb4a1,,,RAW_CSV,5,8:4f,16,keV/u,,,NOT_EXPLICIT_IN_RAW_CSV;NO_FRAME_CONVERSION,NOT_EXPLICITLY_ASSIGNED,He2+,H(2s),H target center:4f,Target excitation cross sections,5.13E-16,UNRESOLVED_NOT_EXPLICIT_IN_RAW_METADATA,Liu2024 AOCC;3-basis mean in paperEq9;raw file no basis columns,,NO_UNCERTAINTY_COLUMN_IN_RAW_CSV,LITERATURE_SUPPORTED,ALL_LITERAL_NONBLANK_RAW_CSV_CELLS_AND_ASSOCIATED_ENERGY_COLUMNS_VERIFIED,BLOCKED_UNIT_AND_FRAME_SEMANTICS;G1_NOT_AUTHORIZED,NOT_RUN,NOT_RUN,NOT_RUN
D-LIU24-4,10.57760/sciencedb.j00113.00114,datasets/liu2024_sciencedb/H2s-Excitation cross sections.csv,03082d6fd21d226e0fe310df79213575eebbd3bbf3db577986ea7ac2f87fb4a1,,,RAW_CSV,6,2:3s,20.25,keV/u,,,NOT_EXPLICIT_IN_RAW_CSV;NO_FRAME_CONVERSION,NOT_EXPLICITLY_ASSIGNED,He2+,H(2s),H target center:3s,Target excitation cross sections,5.48E-16,UNRESOLVED_NOT_EXPLICIT_IN_RAW_METADATA,Liu2024 AOCC;3-basis mean in paperEq9;raw file no basis columns,,NO_UNCERTAINTY_COLUMN_IN_RAW_CSV,LITERATURE_SUPPORTED,ALL_LITERAL_NONBLANK_RAW_CSV_CELLS_AND_ASSOCIATED_ENERGY_COLUMNS_VERIFIED,BLOCKED_UNIT_AND_FRAME_SEMANTICS;G1_NOT_AUTHORIZED,NOT_RUN,NOT_RUN,NOT_RUN
D-LIU24-4,10.57760/sciencedb.j00113.00114,datasets/liu2024_sciencedb/H2s-Excitation cross sections.csv,03082d6fd21d226e0fe310df79213575eebbd3bbf3db577986ea7ac2f87fb4a1,,,RAW_CSV,6,3:3p,20.25,keV/u,,,NOT_EXPLICIT_IN_RAW_CSV;NO_FRAME_CONVERSION,NOT_EXPLICITLY_ASSIGNED,He2+,H(2s),H target center:3p,Target excitation cross sections,8.23E-16,UNRESOLVED_NOT_EXPLICIT_IN_RAW_METADATA,Liu2024 AOCC;3-basis mean in paperEq9;raw file no basis columns,,NO_UNCERTAINTY_COLUMN_IN_RAW_CSV,LITERATURE_SUPPORTED,ALL_LITERAL_NONBLANK_RAW_CSV_CELLS_AND_ASSOCIATED_ENERGY_COLUMNS_VERIFIED,BLOCKED_UNIT_AND_FRAME_SEMANTICS;G1_NOT_AUTHORIZED,NOT_RUN,NOT_RUN,NOT_RUN
D-LIU24-4,10.57760/sciencedb.j00113.00114,datasets/liu2024_sciencedb/H2s-Excitation cross sections.csv,03082d6fd21d226e0fe310df79213575eebbd3bbf3db577986ea7ac2f87fb4a1,,,RAW_CSV,6,4:3d,20.25,keV/u,,,NOT_EXPLICIT_IN_RAW_CSV;NO_FRAME_CONVERSION,NOT_EXPLICITLY_ASSIGNED,He2+,H(2s),H target center:3d,Target excitation cross sections,2.02E-15,UNRESOLVED_NOT_EXPLICIT_IN_RAW_METADATA,Liu2024 AOCC;3-basis mean in paperEq9;raw file no basis columns,,NO_UNCERTAINTY_COLUMN_IN_RAW_CSV,LITERATURE_SUPPORTED,ALL_LITERAL_NONBLANK_RAW_CSV_CELLS_AND_ASSOCIATED_ENERGY_COLUMNS_VERIFIED,BLOCKED_UNIT_AND_FRAME_SEMANTICS;G1_NOT_AUTHORIZED,NOT_RUN,NOT_RUN,NOT_RUN
D-LIU24-4,10.57760/sciencedb.j00113.00114,datasets/liu2024_sciencedb/H2s-Excitation cross sections.csv,03082d6fd21d226e0fe310df79213575eebbd3bbf3db577986ea7ac2f87fb4a1,,,RAW_CSV,6,5:4s,20.25,keV/u,,,NOT_EXPLICIT_IN_RAW_CSV;NO_FRAME_CONVERSION,NOT_EXPLICITLY_ASSIGNED,He2+,H(2s),H target center:4s,Target excitation cross sections,1.17E-16,UNRESOLVED_NOT_EXPLICIT_IN_RAW_METADATA,Liu2024 AOCC;3-basis mean in paperEq9;raw file no basis columns,,NO_UNCERTAINTY_COLUMN_IN_RAW_CSV,LITERATURE_SUPPORTED,ALL_LITERAL_NONBLANK_RAW_CSV_CELLS_AND_ASSOCIATED_ENERGY_COLUMNS_VERIFIED,BLOCKED_UNIT_AND_FRAME_SEMANTICS;G1_NOT_AUTHORIZED,NOT_RUN,NOT_RUN,NOT_RUN
D-LIU24-4,10.57760/sciencedb.j00113.00114,datasets/liu2024_sciencedb/H2s-Excitation cross sections.csv,03082d6fd21d226e0fe310df79213575eebbd3bbf3db577986ea7ac2f87fb4a1,,,RAW_CSV,6,6:4p,20.25,keV/u,,,NOT_EXPLICIT_IN_RAW_CSV;NO_FRAME_CONVERSION,NOT_EXPLICITLY_ASSIGNED,He2+,H(2s),H target center:4p,Target excitation cross sections,2.02E-16,UNRESOLVED_NOT_EXPLICIT_IN_RAW_METADATA,Liu2024 AOCC;3-basis mean in paperEq9;raw file no basis columns,,NO_UNCERTAINTY_COLUMN_IN_RAW_CSV,LITERATURE_SUPPORTED,ALL_LITERAL_NONBLANK_RAW_CSV_CELLS_AND_ASSOCIATED_ENERGY_COLUMNS_VERIFIED,BLOCKED_UNIT_AND_FRAME_SEMANTICS;G1_NOT_AUTHORIZED,NOT_RUN,NOT_RUN,NOT_RUN
D-LIU24-4,10.57760/sciencedb.j00113.00114,datasets/liu2024_sciencedb/H2s-Excitation cross sections.csv,03082d6fd21d226e0fe310df79213575eebbd3bbf3db577986ea7ac2f87fb4a1,,,RAW_CSV,6,7:4d,20.25,keV/u,,,NOT_EXPLICIT_IN_RAW_CSV;NO_FRAME_CONVERSION,NOT_EXPLICITLY_ASSIGNED,He2+,H(2s),H target center:4d,Target excitation cross sections,2.45E-16,UNRESOLVED_NOT_EXPLICIT_IN_RAW_METADATA,Liu2024 AOCC;3-basis mean in paperEq9;raw file no basis columns,,NO_UNCERTAINTY_COLUMN_IN_RAW_CSV,LITERATURE_SUPPORTED,ALL_LITERAL_NONBLANK_RAW_CSV_CELLS_AND_ASSOCIATED_ENERGY_COLUMNS_VERIFIED,BLOCKED_UNIT_AND_FRAME_SEMANTICS;G1_NOT_AUTHORIZED,NOT_RUN,NOT_RUN,NOT_RUN
D-LIU24-4,10.57760/sciencedb.j00113.00114,datasets/liu2024_sciencedb/H2s-Excitation cross sections.csv,03082d6fd21d226e0fe310df79213575eebbd3bbf3db577986ea7ac2f87fb4a1,,,RAW_CSV,6,8:4f,20.25,keV/u,,,NOT_EXPLICIT_IN_RAW_CSV;NO_FRAME_CONVERSION,NOT_EXPLICITLY_ASSIGNED,He2+,H(2s),H target center:4f,Target excitation cross sections,4.99E-16,UNRESOLVED_NOT_EXPLICIT_IN_RAW_METADATA,Liu2024 AOCC;3-basis mean in paperEq9;raw file no basis columns,,NO_UNCERTAINTY_COLUMN_IN_RAW_CSV,LITERATURE_SUPPORTED,ALL_LITERAL_NONBLANK_RAW_CSV_CELLS_AND_ASSOCIATED_ENERGY_COLUMNS_VERIFIED,BLOCKED_UNIT_AND_FRAME_SEMANTICS;G1_NOT_AUTHORIZED,NOT_RUN,NOT_RUN,NOT_RUN
D-LIU24-4,10.57760/sciencedb.j00113.00114,datasets/liu2024_sciencedb/H2s-Excitation cross sections.csv,03082d6fd21d226e0fe310df79213575eebbd3bbf3db577986ea7ac2f87fb4a1,,,RAW_CSV,7,2:3s,25,keV/u,,,NOT_EXPLICIT_IN_RAW_CSV;NO_FRAME_CONVERSION,NOT_EXPLICITLY_ASSIGNED,He2+,H(2s),H target center:3s,Target excitation cross sections,5.65E-16,UNRESOLVED_NOT_EXPLICIT_IN_RAW_METADATA,Liu2024 AOCC;3-basis mean in paperEq9;raw file no basis columns,,NO_UNCERTAINTY_COLUMN_IN_RAW_CSV,LITERATURE_SUPPORTED,ALL_LITERAL_NONBLANK_RAW_CSV_CELLS_AND_ASSOCIATED_ENERGY_COLUMNS_VERIFIED,BLOCKED_UNIT_AND_FRAME_SEMANTICS;G1_NOT_AUTHORIZED,NOT_RUN,NOT_RUN,NOT_RUN
D-LIU24-4,10.57760/sciencedb.j00113.00114,datasets/liu2024_sciencedb/H2s-Excitation cross sections.csv,03082d6fd21d226e0fe310df79213575eebbd3bbf3db577986ea7ac2f87fb4a1,,,RAW_CSV,7,3:3p,25,keV/u,,,NOT_EXPLICIT_IN_RAW_CSV;NO_FRAME_CONVERSION,NOT_EXPLICITLY_ASSIGNED,He2+,H(2s),H target center:3p,Target excitation cross sections,1.00E-15,UNRESOLVED_NOT_EXPLICIT_IN_RAW_METADATA,Liu2024 AOCC;3-basis mean in paperEq9;raw file no basis columns,,NO_UNCERTAINTY_COLUMN_IN_RAW_CSV,LITERATURE_SUPPORTED,ALL_LITERAL_NONBLANK_RAW_CSV_CELLS_AND_ASSOCIATED_ENERGY_COLUMNS_VERIFIED,BLOCKED_UNIT_AND_FRAME_SEMANTICS;G1_NOT_AUTHORIZED,NOT_RUN,NOT_RUN,NOT_RUN
D-LIU24-4,10.57760/sciencedb.j00113.00114,datasets/liu2024_sciencedb/H2s-Excitation cross sections.csv,03082d6fd21d226e0fe310df79213575eebbd3bbf3db577986ea7ac2f87fb4a1,,,RAW_CSV,7,4:3d,25,keV/u,,,NOT_EXPLICIT_IN_RAW_CSV;NO_FRAME_CONVERSION,NOT_EXPLICITLY_ASSIGNED,He2+,H(2s),H target center:3d,Target excitation cross sections,2.13E-15,UNRESOLVED_NOT_EXPLICIT_IN_RAW_METADATA,Liu2024 AOCC;3-basis mean in paperEq9;raw file no basis columns,,NO_UNCERTAINTY_COLUMN_IN_RAW_CSV,LITERATURE_SUPPORTED,ALL_LITERAL_NONBLANK_RAW_CSV_CELLS_AND_ASSOCIATED_ENERGY_COLUMNS_VERIFIED,BLOCKED_UNIT_AND_FRAME_SEMANTICS;G1_NOT_AUTHORIZED,NOT_RUN,NOT_RUN,NOT_RUN
D-LIU24-4,10.57760/sciencedb.j00113.00114,datasets/liu2024_sciencedb/H2s-Excitation cross sections.csv,03082d6fd21d226e0fe310df79213575eebbd3bbf3db577986ea7ac2f87fb4a1,,,RAW_CSV,7,5:4s,25,keV/u,,,NOT_EXPLICIT_IN_RAW_CSV;NO_FRAME_CONVERSION,NOT_EXPLICITLY_ASSIGNED,He2+,H(2s),H target center:4s,Target excitation cross sections,1.24E-16,UNRESOLVED_NOT_EXPLICIT_IN_RAW_METADATA,Liu2024 AOCC;3-basis mean in paperEq9;raw file no basis columns,,NO_UNCERTAINTY_COLUMN_IN_RAW_CSV,LITERATURE_SUPPORTED,ALL_LITERAL_NONBLANK_RAW_CSV_CELLS_AND_ASSOCIATED_ENERGY_COLUMNS_VERIFIED,BLOCKED_UNIT_AND_FRAME_SEMANTICS;G1_NOT_AUTHORIZED,NOT_RUN,NOT_RUN,NOT_RUN
D-LIU24-4,10.57760/sciencedb.j00113.00114,datasets/liu2024_sciencedb/H2s-Excitation cross sections.csv,03082d6fd21d226e0fe310df79213575eebbd3bbf3db577986ea7ac2f87fb4a1,,,RAW_CSV,7,6:4p,25,keV/u,,,NOT_EXPLICIT_IN_RAW_CSV;NO_FRAME_CONVERSION,NOT_EXPLICITLY_ASSIGNED,He2+,H(2s),H target center:4p,Target excitation cross sections,2.40E-16,UNRESOLVED_NOT_EXPLICIT_IN_RAW_METADATA,Liu2024 AOCC;3-basis mean in paperEq9;raw file no basis columns,,NO_UNCERTAINTY_COLUMN_IN_RAW_CSV,LITERATURE_SUPPORTED,ALL_LITERAL_NONBLANK_RAW_CSV_CELLS_AND_ASSOCIATED_ENERGY_COLUMNS_VERIFIED,BLOCKED_UNIT_AND_FRAME_SEMANTICS;G1_NOT_AUTHORIZED,NOT_RUN,NOT_RUN,NOT_RUN
D-LIU24-4,10.57760/sciencedb.j00113.00114,datasets/liu2024_sciencedb/H2s-Excitation cross sections.csv,03082d6fd21d226e0fe310df79213575eebbd3bbf3db577986ea7ac2f87fb4a1,,,RAW_CSV,7,7:4d,25,keV/u,,,NOT_EXPLICIT_IN_RAW_CSV;NO_FRAME_CONVERSION,NOT_EXPLICITLY_ASSIGNED,He2+,H(2s),H target center:4d,Target excitation cross sections,2.36E-16,UNRESOLVED_NOT_EXPLICIT_IN_RAW_METADATA,Liu2024 AOCC;3-basis mean in paperEq9;raw file no basis columns,,NO_UNCERTAINTY_COLUMN_IN_RAW_CSV,LITERATURE_SUPPORTED,ALL_LITERAL_NONBLANK_RAW_CSV_CELLS_AND_ASSOCIATED_ENERGY_COLUMNS_VERIFIED,BLOCKED_UNIT_AND_FRAME_SEMANTICS;G1_NOT_AUTHORIZED,NOT_RUN,NOT_RUN,NOT_RUN
D-LIU24-4,10.57760/sciencedb.j00113.00114,datasets/liu2024_sciencedb/H2s-Excitation cross sections.csv,03082d6fd21d226e0fe310df79213575eebbd3bbf3db577986ea7ac2f87fb4a1,,,RAW_CSV,7,8:4f,25,keV/u,,,NOT_EXPLICIT_IN_RAW_CSV;NO_FRAME_CONVERSION,NOT_EXPLICITLY_ASSIGNED,He2+,H(2s),H target center:4f,Target excitation cross sections,4.68E-16,UNRESOLVED_NOT_EXPLICIT_IN_RAW_METADATA,Liu2024 AOCC;3-basis mean in paperEq9;raw file no basis columns,,NO_UNCERTAINTY_COLUMN_IN_RAW_CSV,LITERATURE_SUPPORTED,ALL_LITERAL_NONBLANK_RAW_CSV_CELLS_AND_ASSOCIATED_ENERGY_COLUMNS_VERIFIED,BLOCKED_UNIT_AND_FRAME_SEMANTICS;G1_NOT_AUTHORIZED,NOT_RUN,NOT_RUN,NOT_RUN
D-LIU24-4,10.57760/sciencedb.j00113.00114,datasets/liu2024_sciencedb/H2s-Excitation cross sections.csv,03082d6fd21d226e0fe310df79213575eebbd3bbf3db577986ea7ac2f87fb4a1,,,RAW_CSV,8,2:3s,30.25,keV/u,,,NOT_EXPLICIT_IN_RAW_CSV;NO_FRAME_CONVERSION,NOT_EXPLICITLY_ASSIGNED,He2+,H(2s),H target center:3s,Target excitation cross sections,5.91E-16,UNRESOLVED_NOT_EXPLICIT_IN_RAW_METADATA,Liu2024 AOCC;3-basis mean in paperEq9;raw file no basis columns,,NO_UNCERTAINTY_COLUMN_IN_RAW_CSV,LITERATURE_SUPPORTED,ALL_LITERAL_NONBLANK_RAW_CSV_CELLS_AND_ASSOCIATED_ENERGY_COLUMNS_VERIFIED,BLOCKED_UNIT_AND_FRAME_SEMANTICS;G1_NOT_AUTHORIZED,NOT_RUN,NOT_RUN,NOT_RUN
D-LIU24-4,10.57760/sciencedb.j00113.00114,datasets/liu2024_sciencedb/H2s-Excitation cross sections.csv,03082d6fd21d226e0fe310df79213575eebbd3bbf3db577986ea7ac2f87fb4a1,,,RAW_CSV,8,3:3p,30.25,keV/u,,,NOT_EXPLICIT_IN_RAW_CSV;NO_FRAME_CONVERSION,NOT_EXPLICITLY_ASSIGNED,He2+,H(2s),H target center:3p,Target excitation cross sections,1.22E-15,UNRESOLVED_NOT_EXPLICIT_IN_RAW_METADATA,Liu2024 AOCC;3-basis mean in paperEq9;raw file no basis columns,,NO_UNCERTAINTY_COLUMN_IN_RAW_CSV,LITERATURE_SUPPORTED,ALL_LITERAL_NONBLANK_RAW_CSV_CELLS_AND_ASSOCIATED_ENERGY_COLUMNS_VERIFIED,BLOCKED_UNIT_AND_FRAME_SEMANTICS;G1_NOT_AUTHORIZED,NOT_RUN,NOT_RUN,NOT_RUN
D-LIU24-4,10.57760/sciencedb.j00113.00114,datasets/liu2024_sciencedb/H2s-Excitation cross sections.csv,03082d6fd21d226e0fe310df79213575eebbd3bbf3db577986ea7ac2f87fb4a1,,,RAW_CSV,8,4:3d,30.25,keV/u,,,NOT_EXPLICIT_IN_RAW_CSV;NO_FRAME_CONVERSION,NOT_EXPLICITLY_ASSIGNED,He2+,H(2s),H target center:3d,Target excitation cross sections,2.21E-15,UNRESOLVED_NOT_EXPLICIT_IN_RAW_METADATA,Liu2024 AOCC;3-basis mean in paperEq9;raw file no basis columns,,NO_UNCERTAINTY_COLUMN_IN_RAW_CSV,LITERATURE_SUPPORTED,ALL_LITERAL_NONBLANK_RAW_CSV_CELLS_AND_ASSOCIATED_ENERGY_COLUMNS_VERIFIED,BLOCKED_UNIT_AND_FRAME_SEMANTICS;G1_NOT_AUTHORIZED,NOT_RUN,NOT_RUN,NOT_RUN
D-LIU24-4,10.57760/sciencedb.j00113.00114,datasets/liu2024_sciencedb/H2s-Excitation cross sections.csv,03082d6fd21d226e0fe310df79213575eebbd3bbf3db577986ea7ac2f87fb4a1,,,RAW_CSV,8,5:4s,30.25,keV/u,,,NOT_EXPLICIT_IN_RAW_CSV;NO_FRAME_CONVERSION,NOT_EXPLICITLY_ASSIGNED,He2+,H(2s),H target center:4s,Target excitation cross sections,1.22E-16,UNRESOLVED_NOT_EXPLICIT_IN_RAW_METADATA,Liu2024 AOCC;3-basis mean in paperEq9;raw file no basis columns,,NO_UNCERTAINTY_COLUMN_IN_RAW_CSV,LITERATURE_SUPPORTED,ALL_LITERAL_NONBLANK_RAW_CSV_CELLS_AND_ASSOCIATED_ENERGY_COLUMNS_VERIFIED,BLOCKED_UNIT_AND_FRAME_SEMANTICS;G1_NOT_AUTHORIZED,NOT_RUN,NOT_RUN,NOT_RUN
D-LIU24-4,10.57760/sciencedb.j00113.00114,datasets/liu2024_sciencedb/H2s-Excitation cross sections.csv,03082d6fd21d226e0fe310df79213575eebbd3bbf3db577986ea7ac2f87fb4a1,,,RAW_CSV,8,6:4p,30.25,keV/u,,,NOT_EXPLICIT_IN_RAW_CSV;NO_FRAME_CONVERSION,NOT_EXPLICITLY_ASSIGNED,He2+,H(2s),H target center:4p,Target excitation cross sections,2.43E-16,UNRESOLVED_NOT_EXPLICIT_IN_RAW_METADATA,Liu2024 AOCC;3-basis mean in paperEq9;raw file no basis columns,,NO_UNCERTAINTY_COLUMN_IN_RAW_CSV,LITERATURE_SUPPORTED,ALL_LITERAL_NONBLANK_RAW_CSV_CELLS_AND_ASSOCIATED_ENERGY_COLUMNS_VERIFIED,BLOCKED_UNIT_AND_FRAME_SEMANTICS;G1_NOT_AUTHORIZED,NOT_RUN,NOT_RUN,NOT_RUN
D-LIU24-4,10.57760/sciencedb.j00113.00114,datasets/liu2024_sciencedb/H2s-Excitation cross sections.csv,03082d6fd21d226e0fe310df79213575eebbd3bbf3db577986ea7ac2f87fb4a1,,,RAW_CSV,8,7:4d,30.25,keV/u,,,NOT_EXPLICIT_IN_RAW_CSV;NO_FRAME_CONVERSION,NOT_EXPLICITLY_ASSIGNED,He2+,H(2s),H target center:4d,Target excitation cross sections,2.15E-16,UNRESOLVED_NOT_EXPLICIT_IN_RAW_METADATA,Liu2024 AOCC;3-basis mean in paperEq9;raw file no basis columns,,NO_UNCERTAINTY_COLUMN_IN_RAW_CSV,LITERATURE_SUPPORTED,ALL_LITERAL_NONBLANK_RAW_CSV_CELLS_AND_ASSOCIATED_ENERGY_COLUMNS_VERIFIED,BLOCKED_UNIT_AND_FRAME_SEMANTICS;G1_NOT_AUTHORIZED,NOT_RUN,NOT_RUN,NOT_RUN
D-LIU24-4,10.57760/sciencedb.j00113.00114,datasets/liu2024_sciencedb/H2s-Excitation cross sections.csv,03082d6fd21d226e0fe310df79213575eebbd3bbf3db577986ea7ac2f87fb4a1,,,RAW_CSV,8,8:4f,30.25,keV/u,,,NOT_EXPLICIT_IN_RAW_CSV;NO_FRAME_CONVERSION,NOT_EXPLICITLY_ASSIGNED,He2+,H(2s),H target center:4f,Target excitation cross sections,4.37E-16,UNRESOLVED_NOT_EXPLICIT_IN_RAW_METADATA,Liu2024 AOCC;3-basis mean in paperEq9;raw file no basis columns,,NO_UNCERTAINTY_COLUMN_IN_RAW_CSV,LITERATURE_SUPPORTED,ALL_LITERAL_NONBLANK_RAW_CSV_CELLS_AND_ASSOCIATED_ENERGY_COLUMNS_VERIFIED,BLOCKED_UNIT_AND_FRAME_SEMANTICS;G1_NOT_AUTHORIZED,NOT_RUN,NOT_RUN,NOT_RUN
D-LIU24-4,10.57760/sciencedb.j00113.00114,datasets/liu2024_sciencedb/H2s-Excitation cross sections.csv,03082d6fd21d226e0fe310df79213575eebbd3bbf3db577986ea7ac2f87fb4a1,,,RAW_CSV,9,2:3s,36,keV/u,,,NOT_EXPLICIT_IN_RAW_CSV;NO_FRAME_CONVERSION,NOT_EXPLICITLY_ASSIGNED,He2+,H(2s),H target center:3s,Target excitation cross sections,5.77E-16,UNRESOLVED_NOT_EXPLICIT_IN_RAW_METADATA,Liu2024 AOCC;3-basis mean in paperEq9;raw file no basis columns,,NO_UNCERTAINTY_COLUMN_IN_RAW_CSV,LITERATURE_SUPPORTED,ALL_LITERAL_NONBLANK_RAW_CSV_CELLS_AND_ASSOCIATED_ENERGY_COLUMNS_VERIFIED,BLOCKED_UNIT_AND_FRAME_SEMANTICS;G1_NOT_AUTHORIZED,NOT_RUN,NOT_RUN,NOT_RUN
D-LIU24-4,10.57760/sciencedb.j00113.00114,datasets/liu2024_sciencedb/H2s-Excitation cross sections.csv,03082d6fd21d226e0fe310df79213575eebbd3bbf3db577986ea7ac2f87fb4a1,,,RAW_CSV,9,3:3p,36,keV/u,,,NOT_EXPLICIT_IN_RAW_CSV;NO_FRAME_CONVERSION,NOT_EXPLICITLY_ASSIGNED,He2+,H(2s),H target center:3p,Target excitation cross sections,1.42E-15,UNRESOLVED_NOT_EXPLICIT_IN_RAW_METADATA,Liu2024 AOCC;3-basis mean in paperEq9;raw file no basis columns,,NO_UNCERTAINTY_COLUMN_IN_RAW_CSV,LITERATURE_SUPPORTED,ALL_LITERAL_NONBLANK_RAW_CSV_CELLS_AND_ASSOCIATED_ENERGY_COLUMNS_VERIFIED,BLOCKED_UNIT_AND_FRAME_SEMANTICS;G1_NOT_AUTHORIZED,NOT_RUN,NOT_RUN,NOT_RUN
D-LIU24-4,10.57760/sciencedb.j00113.00114,datasets/liu2024_sciencedb/H2s-Excitation cross sections.csv,03082d6fd21d226e0fe310df79213575eebbd3bbf3db577986ea7ac2f87fb4a1,,,RAW_CSV,9,4:3d,36,keV/u,,,NOT_EXPLICIT_IN_RAW_CSV;NO_FRAME_CONVERSION,NOT_EXPLICITLY_ASSIGNED,He2+,H(2s),H target center:3d,Target excitation cross sections,2.17E-15,UNRESOLVED_NOT_EXPLICIT_IN_RAW_METADATA,Liu2024 AOCC;3-basis mean in paperEq9;raw file no basis columns,,NO_UNCERTAINTY_COLUMN_IN_RAW_CSV,LITERATURE_SUPPORTED,ALL_LITERAL_NONBLANK_RAW_CSV_CELLS_AND_ASSOCIATED_ENERGY_COLUMNS_VERIFIED,BLOCKED_UNIT_AND_FRAME_SEMANTICS;G1_NOT_AUTHORIZED,NOT_RUN,NOT_RUN,NOT_RUN
D-LIU24-4,10.57760/sciencedb.j00113.00114,datasets/liu2024_sciencedb/H2s-Excitation cross sections.csv,03082d6fd21d226e0fe310df79213575eebbd3bbf3db577986ea7ac2f87fb4a1,,,RAW_CSV,9,5:4s,36,keV/u,,,NOT_EXPLICIT_IN_RAW_CSV;NO_FRAME_CONVERSION,NOT_EXPLICITLY_ASSIGNED,He2+,H(2s),H target center:4s,Target excitation cross sections,1.22E-16,UNRESOLVED_NOT_EXPLICIT_IN_RAW_METADATA,Liu2024 AOCC;3-basis mean in paperEq9;raw file no basis columns,,NO_UNCERTAINTY_COLUMN_IN_RAW_CSV,LITERATURE_SUPPORTED,ALL_LITERAL_NONBLANK_RAW_CSV_CELLS_AND_ASSOCIATED_ENERGY_COLUMNS_VERIFIED,BLOCKED_UNIT_AND_FRAME_SEMANTICS;G1_NOT_AUTHORIZED,NOT_RUN,NOT_RUN,NOT_RUN
D-LIU24-4,10.57760/sciencedb.j00113.00114,datasets/liu2024_sciencedb/H2s-Excitation cross sections.csv,03082d6fd21d226e0fe310df79213575eebbd3bbf3db577986ea7ac2f87fb4a1,,,RAW_CSV,9,6:4p,36,keV/u,,,NOT_EXPLICIT_IN_RAW_CSV;NO_FRAME_CONVERSION,NOT_EXPLICITLY_ASSIGNED,He2+,H(2s),H target center:4p,Target excitation cross sections,2.77E-16,UNRESOLVED_NOT_EXPLICIT_IN_RAW_METADATA,Liu2024 AOCC;3-basis mean in paperEq9;raw file no basis columns,,NO_UNCERTAINTY_COLUMN_IN_RAW_CSV,LITERATURE_SUPPORTED,ALL_LITERAL_NONBLANK_RAW_CSV_CELLS_AND_ASSOCIATED_ENERGY_COLUMNS_VERIFIED,BLOCKED_UNIT_AND_FRAME_SEMANTICS;G1_NOT_AUTHORIZED,NOT_RUN,NOT_RUN,NOT_RUN
D-LIU24-4,10.57760/sciencedb.j00113.00114,datasets/liu2024_sciencedb/H2s-Excitation cross sections.csv,03082d6fd21d226e0fe310df79213575eebbd3bbf3db577986ea7ac2f87fb4a1,,,RAW_CSV,9,7:4d,36,keV/u,,,NOT_EXPLICIT_IN_RAW_CSV;NO_FRAME_CONVERSION,NOT_EXPLICITLY_ASSIGNED,He2+,H(2s),H target center:4d,Target excitation cross sections,2.12E-16,UNRESOLVED_NOT_EXPLICIT_IN_RAW_METADATA,Liu2024 AOCC;3-basis mean in paperEq9;raw file no basis columns,,NO_UNCERTAINTY_COLUMN_IN_RAW_CSV,LITERATURE_SUPPORTED,ALL_LITERAL_NONBLANK_RAW_CSV_CELLS_AND_ASSOCIATED_ENERGY_COLUMNS_VERIFIED,BLOCKED_UNIT_AND_FRAME_SEMANTICS;G1_NOT_AUTHORIZED,NOT_RUN,NOT_RUN,NOT_RUN
D-LIU24-4,10.57760/sciencedb.j00113.00114,datasets/liu2024_sciencedb/H2s-Excitation cross sections.csv,03082d6fd21d226e0fe310df79213575eebbd3bbf3db577986ea7ac2f87fb4a1,,,RAW_CSV,9,8:4f,36,keV/u,,,NOT_EXPLICIT_IN_RAW_CSV;NO_FRAME_CONVERSION,NOT_EXPLICITLY_ASSIGNED,He2+,H(2s),H target center:4f,Target excitation cross sections,3.94E-16,UNRESOLVED_NOT_EXPLICIT_IN_RAW_METADATA,Liu2024 AOCC;3-basis mean in paperEq9;raw file no basis columns,,NO_UNCERTAINTY_COLUMN_IN_RAW_CSV,LITERATURE_SUPPORTED,ALL_LITERAL_NONBLANK_RAW_CSV_CELLS_AND_ASSOCIATED_ENERGY_COLUMNS_VERIFIED,BLOCKED_UNIT_AND_FRAME_SEMANTICS;G1_NOT_AUTHORIZED,NOT_RUN,NOT_RUN,NOT_RUN
D-LIU24-4,10.57760/sciencedb.j00113.00114,datasets/liu2024_sciencedb/H2s-Excitation cross sections.csv,03082d6fd21d226e0fe310df79213575eebbd3bbf3db577986ea7ac2f87fb4a1,,,RAW_CSV,10,2:3s,42.25,keV/u,,,NOT_EXPLICIT_IN_RAW_CSV;NO_FRAME_CONVERSION,NOT_EXPLICITLY_ASSIGNED,He2+,H(2s),H target center:3s,Target excitation cross sections,5.16E-16,UNRESOLVED_NOT_EXPLICIT_IN_RAW_METADATA,Liu2024 AOCC;3-basis mean in paperEq9;raw file no basis columns,,NO_UNCERTAINTY_COLUMN_IN_RAW_CSV,LITERATURE_SUPPORTED,ALL_LITERAL_NONBLANK_RAW_CSV_CELLS_AND_ASSOCIATED_ENERGY_COLUMNS_VERIFIED,BLOCKED_UNIT_AND_FRAME_SEMANTICS;G1_NOT_AUTHORIZED,NOT_RUN,NOT_RUN,NOT_RUN
D-LIU24-4,10.57760/sciencedb.j00113.00114,datasets/liu2024_sciencedb/H2s-Excitation cross sections.csv,03082d6fd21d226e0fe310df79213575eebbd3bbf3db577986ea7ac2f87fb4a1,,,RAW_CSV,10,3:3p,42.25,keV/u,,,NOT_EXPLICIT_IN_RAW_CSV;NO_FRAME_CONVERSION,NOT_EXPLICITLY_ASSIGNED,He2+,H(2s),H target center:3p,Target excitation cross sections,1.64E-15,UNRESOLVED_NOT_EXPLICIT_IN_RAW_METADATA,Liu2024 AOCC;3-basis mean in paperEq9;raw file no basis columns,,NO_UNCERTAINTY_COLUMN_IN_RAW_CSV,LITERATURE_SUPPORTED,ALL_LITERAL_NONBLANK_RAW_CSV_CELLS_AND_ASSOCIATED_ENERGY_COLUMNS_VERIFIED,BLOCKED_UNIT_AND_FRAME_SEMANTICS;G1_NOT_AUTHORIZED,NOT_RUN,NOT_RUN,NOT_RUN
D-LIU24-4,10.57760/sciencedb.j00113.00114,datasets/liu2024_sciencedb/H2s-Excitation cross sections.csv,03082d6fd21d226e0fe310df79213575eebbd3bbf3db577986ea7ac2f87fb4a1,,,RAW_CSV,10,4:3d,42.25,keV/u,,,NOT_EXPLICIT_IN_RAW_CSV;NO_FRAME_CONVERSION,NOT_EXPLICITLY_ASSIGNED,He2+,H(2s),H target center:3d,Target excitation cross sections,2.08E-15,UNRESOLVED_NOT_EXPLICIT_IN_RAW_METADATA,Liu2024 AOCC;3-basis mean in paperEq9;raw file no basis columns,,NO_UNCERTAINTY_COLUMN_IN_RAW_CSV,LITERATURE_SUPPORTED,ALL_LITERAL_NONBLANK_RAW_CSV_CELLS_AND_ASSOCIATED_ENERGY_COLUMNS_VERIFIED,BLOCKED_UNIT_AND_FRAME_SEMANTICS;G1_NOT_AUTHORIZED,NOT_RUN,NOT_RUN,NOT_RUN
D-LIU24-4,10.57760/sciencedb.j00113.00114,datasets/liu2024_sciencedb/H2s-Excitation cross sections.csv,03082d6fd21d226e0fe310df79213575eebbd3bbf3db577986ea7ac2f87fb4a1,,,RAW_CSV,10,5:4s,42.25,keV/u,,,NOT_EXPLICIT_IN_RAW_CSV;NO_FRAME_CONVERSION,NOT_EXPLICITLY_ASSIGNED,He2+,H(2s),H target center:4s,Target excitation cross sections,1.16E-16,UNRESOLVED_NOT_EXPLICIT_IN_RAW_METADATA,Liu2024 AOCC;3-basis mean in paperEq9;raw file no basis columns,,NO_UNCERTAINTY_COLUMN_IN_RAW_CSV,LITERATURE_SUPPORTED,ALL_LITERAL_NONBLANK_RAW_CSV_CELLS_AND_ASSOCIATED_ENERGY_COLUMNS_VERIFIED,BLOCKED_UNIT_AND_FRAME_SEMANTICS;G1_NOT_AUTHORIZED,NOT_RUN,NOT_RUN,NOT_RUN
D-LIU24-4,10.57760/sciencedb.j00113.00114,datasets/liu2024_sciencedb/H2s-Excitation cross sections.csv,03082d6fd21d226e0fe310df79213575eebbd3bbf3db577986ea7ac2f87fb4a1,,,RAW_CSV,10,6:4p,42.25,keV/u,,,NOT_EXPLICIT_IN_RAW_CSV;NO_FRAME_CONVERSION,NOT_EXPLICITLY_ASSIGNED,He2+,H(2s),H target center:4p,Target excitation cross sections,2.83E-16,UNRESOLVED_NOT_EXPLICIT_IN_RAW_METADATA,Liu2024 AOCC;3-basis mean in paperEq9;raw file no basis columns,,NO_UNCERTAINTY_COLUMN_IN_RAW_CSV,LITERATURE_SUPPORTED,ALL_LITERAL_NONBLANK_RAW_CSV_CELLS_AND_ASSOCIATED_ENERGY_COLUMNS_VERIFIED,BLOCKED_UNIT_AND_FRAME_SEMANTICS;G1_NOT_AUTHORIZED,NOT_RUN,NOT_RUN,NOT_RUN
D-LIU24-4,10.57760/sciencedb.j00113.00114,datasets/liu2024_sciencedb/H2s-Excitation cross sections.csv,03082d6fd21d226e0fe310df79213575eebbd3bbf3db577986ea7ac2f87fb4a1,,,RAW_CSV,10,7:4d,42.25,keV/u,,,NOT_EXPLICIT_IN_RAW_CSV;NO_FRAME_CONVERSION,NOT_EXPLICITLY_ASSIGNED,He2+,H(2s),H target center:4d,Target excitation cross sections,1.96E-16,UNRESOLVED_NOT_EXPLICIT_IN_RAW_METADATA,Liu2024 AOCC;3-basis mean in paperEq9;raw file no basis columns,,NO_UNCERTAINTY_COLUMN_IN_RAW_CSV,LITERATURE_SUPPORTED,ALL_LITERAL_NONBLANK_RAW_CSV_CELLS_AND_ASSOCIATED_ENERGY_COLUMNS_VERIFIED,BLOCKED_UNIT_AND_FRAME_SEMANTICS;G1_NOT_AUTHORIZED,NOT_RUN,NOT_RUN,NOT_RUN
D-LIU24-4,10.57760/sciencedb.j00113.00114,datasets/liu2024_sciencedb/H2s-Excitation cross sections.csv,03082d6fd21d226e0fe310df79213575eebbd3bbf3db577986ea7ac2f87fb4a1,,,RAW_CSV,10,8:4f,42.25,keV/u,,,NOT_EXPLICIT_IN_RAW_CSV;NO_FRAME_CONVERSION,NOT_EXPLICITLY_ASSIGNED,He2+,H(2s),H target center:4f,Target excitation cross sections,3.48E-16,UNRESOLVED_NOT_EXPLICIT_IN_RAW_METADATA,Liu2024 AOCC;3-basis mean in paperEq9;raw file no basis columns,,NO_UNCERTAINTY_COLUMN_IN_RAW_CSV,LITERATURE_SUPPORTED,ALL_LITERAL_NONBLANK_RAW_CSV_CELLS_AND_ASSOCIATED_ENERGY_COLUMNS_VERIFIED,BLOCKED_UNIT_AND_FRAME_SEMANTICS;G1_NOT_AUTHORIZED,NOT_RUN,NOT_RUN,NOT_RUN
D-LIU24-4,10.57760/sciencedb.j00113.00114,datasets/liu2024_sciencedb/H2s-Excitation cross sections.csv,03082d6fd21d226e0fe310df79213575eebbd3bbf3db577986ea7ac2f87fb4a1,,,RAW_CSV,11,2:3s,49,keV/u,,,NOT_EXPLICIT_IN_RAW_CSV;NO_FRAME_CONVERSION,NOT_EXPLICITLY_ASSIGNED,He2+,H(2s),H target center:3s,Target excitation cross sections,5.19E-16,UNRESOLVED_NOT_EXPLICIT_IN_RAW_METADATA,Liu2024 AOCC;3-basis mean in paperEq9;raw file no basis columns,,NO_UNCERTAINTY_COLUMN_IN_RAW_CSV,LITERATURE_SUPPORTED,ALL_LITERAL_NONBLANK_RAW_CSV_CELLS_AND_ASSOCIATED_ENERGY_COLUMNS_VERIFIED,BLOCKED_UNIT_AND_FRAME_SEMANTICS;G1_NOT_AUTHORIZED,NOT_RUN,NOT_RUN,NOT_RUN
D-LIU24-4,10.57760/sciencedb.j00113.00114,datasets/liu2024_sciencedb/H2s-Excitation cross sections.csv,03082d6fd21d226e0fe310df79213575eebbd3bbf3db577986ea7ac2f87fb4a1,,,RAW_CSV,11,3:3p,49,keV/u,,,NOT_EXPLICIT_IN_RAW_CSV;NO_FRAME_CONVERSION,NOT_EXPLICITLY_ASSIGNED,He2+,H(2s),H target center:3p,Target excitation cross sections,1.83E-15,UNRESOLVED_NOT_EXPLICIT_IN_RAW_METADATA,Liu2024 AOCC;3-basis mean in paperEq9;raw file no basis columns,,NO_UNCERTAINTY_COLUMN_IN_RAW_CSV,LITERATURE_SUPPORTED,ALL_LITERAL_NONBLANK_RAW_CSV_CELLS_AND_ASSOCIATED_ENERGY_COLUMNS_VERIFIED,BLOCKED_UNIT_AND_FRAME_SEMANTICS;G1_NOT_AUTHORIZED,NOT_RUN,NOT_RUN,NOT_RUN
D-LIU24-4,10.57760/sciencedb.j00113.00114,datasets/liu2024_sciencedb/H2s-Excitation cross sections.csv,03082d6fd21d226e0fe310df79213575eebbd3bbf3db577986ea7ac2f87fb4a1,,,RAW_CSV,11,4:3d,49,keV/u,,,NOT_EXPLICIT_IN_RAW_CSV;NO_FRAME_CONVERSION,NOT_EXPLICITLY_ASSIGNED,He2+,H(2s),H target center:3d,Target excitation cross sections,1.98E-15,UNRESOLVED_NOT_EXPLICIT_IN_RAW_METADATA,Liu2024 AOCC;3-basis mean in paperEq9;raw file no basis columns,,NO_UNCERTAINTY_COLUMN_IN_RAW_CSV,LITERATURE_SUPPORTED,ALL_LITERAL_NONBLANK_RAW_CSV_CELLS_AND_ASSOCIATED_ENERGY_COLUMNS_VERIFIED,BLOCKED_UNIT_AND_FRAME_SEMANTICS;G1_NOT_AUTHORIZED,NOT_RUN,NOT_RUN,NOT_RUN
D-LIU24-4,10.57760/sciencedb.j00113.00114,datasets/liu2024_sciencedb/H2s-Excitation cross sections.csv,03082d6fd21d226e0fe310df79213575eebbd3bbf3db577986ea7ac2f87fb4a1,,,RAW_CSV,11,5:4s,49,keV/u,,,NOT_EXPLICIT_IN_RAW_CSV;NO_FRAME_CONVERSION,NOT_EXPLICITLY_ASSIGNED,He2+,H(2s),H target center:4s,Target excitation cross sections,1.03E-16,UNRESOLVED_NOT_EXPLICIT_IN_RAW_METADATA,Liu2024 AOCC;3-basis mean in paperEq9;raw file no basis columns,,NO_UNCERTAINTY_COLUMN_IN_RAW_CSV,LITERATURE_SUPPORTED,ALL_LITERAL_NONBLANK_RAW_CSV_CELLS_AND_ASSOCIATED_ENERGY_COLUMNS_VERIFIED,BLOCKED_UNIT_AND_FRAME_SEMANTICS;G1_NOT_AUTHORIZED,NOT_RUN,NOT_RUN,NOT_RUN
D-LIU24-4,10.57760/sciencedb.j00113.00114,datasets/liu2024_sciencedb/H2s-Excitation cross sections.csv,03082d6fd21d226e0fe310df79213575eebbd3bbf3db577986ea7ac2f87fb4a1,,,RAW_CSV,11,6:4p,49,keV/u,,,NOT_EXPLICIT_IN_RAW_CSV;NO_FRAME_CONVERSION,NOT_EXPLICITLY_ASSIGNED,He2+,H(2s),H target center:4p,Target excitation cross sections,3.10E-16,UNRESOLVED_NOT_EXPLICIT_IN_RAW_METADATA,Liu2024 AOCC;3-basis mean in paperEq9;raw file no basis columns,,NO_UNCERTAINTY_COLUMN_IN_RAW_CSV,LITERATURE_SUPPORTED,ALL_LITERAL_NONBLANK_RAW_CSV_CELLS_AND_ASSOCIATED_ENERGY_COLUMNS_VERIFIED,BLOCKED_UNIT_AND_FRAME_SEMANTICS;G1_NOT_AUTHORIZED,NOT_RUN,NOT_RUN,NOT_RUN
D-LIU24-4,10.57760/sciencedb.j00113.00114,datasets/liu2024_sciencedb/H2s-Excitation cross sections.csv,03082d6fd21d226e0fe310df79213575eebbd3bbf3db577986ea7ac2f87fb4a1,,,RAW_CSV,11,7:4d,49,keV/u,,,NOT_EXPLICIT_IN_RAW_CSV;NO_FRAME_CONVERSION,NOT_EXPLICITLY_ASSIGNED,He2+,H(2s),H target center:4d,Target excitation cross sections,1.82E-16,UNRESOLVED_NOT_EXPLICIT_IN_RAW_METADATA,Liu2024 AOCC;3-basis mean in paperEq9;raw file no basis columns,,NO_UNCERTAINTY_COLUMN_IN_RAW_CSV,LITERATURE_SUPPORTED,ALL_LITERAL_NONBLANK_RAW_CSV_CELLS_AND_ASSOCIATED_ENERGY_COLUMNS_VERIFIED,BLOCKED_UNIT_AND_FRAME_SEMANTICS;G1_NOT_AUTHORIZED,NOT_RUN,NOT_RUN,NOT_RUN
D-LIU24-4,10.57760/sciencedb.j00113.00114,datasets/liu2024_sciencedb/H2s-Excitation cross sections.csv,03082d6fd21d226e0fe310df79213575eebbd3bbf3db577986ea7ac2f87fb4a1,,,RAW_CSV,11,8:4f,49,keV/u,,,NOT_EXPLICIT_IN_RAW_CSV;NO_FRAME_CONVERSION,NOT_EXPLICITLY_ASSIGNED,He2+,H(2s),H target center:4f,Target excitation cross sections,3.03E-16,UNRESOLVED_NOT_EXPLICIT_IN_RAW_METADATA,Liu2024 AOCC;3-basis mean in paperEq9;raw file no basis columns,,NO_UNCERTAINTY_COLUMN_IN_RAW_CSV,LITERATURE_SUPPORTED,ALL_LITERAL_NONBLANK_RAW_CSV_CELLS_AND_ASSOCIATED_ENERGY_COLUMNS_VERIFIED,BLOCKED_UNIT_AND_FRAME_SEMANTICS;G1_NOT_AUTHORIZED,NOT_RUN,NOT_RUN,NOT_RUN
D-LIU24-4,10.57760/sciencedb.j00113.00114,datasets/liu2024_sciencedb/H2s-Excitation cross sections.csv,03082d6fd21d226e0fe310df79213575eebbd3bbf3db577986ea7ac2f87fb4a1,,,RAW_CSV,12,2:3s,56.25,keV/u,,,NOT_EXPLICIT_IN_RAW_CSV;NO_FRAME_CONVERSION,NOT_EXPLICITLY_ASSIGNED,He2+,H(2s),H target center:3s,Target excitation cross sections,4.95E-16,UNRESOLVED_NOT_EXPLICIT_IN_RAW_METADATA,Liu2024 AOCC;3-basis mean in paperEq9;raw file no basis columns,,NO_UNCERTAINTY_COLUMN_IN_RAW_CSV,LITERATURE_SUPPORTED,ALL_LITERAL_NONBLANK_RAW_CSV_CELLS_AND_ASSOCIATED_ENERGY_COLUMNS_VERIFIED,BLOCKED_UNIT_AND_FRAME_SEMANTICS;G1_NOT_AUTHORIZED,NOT_RUN,NOT_RUN,NOT_RUN
D-LIU24-4,10.57760/sciencedb.j00113.00114,datasets/liu2024_sciencedb/H2s-Excitation cross sections.csv,03082d6fd21d226e0fe310df79213575eebbd3bbf3db577986ea7ac2f87fb4a1,,,RAW_CSV,12,3:3p,56.25,keV/u,,,NOT_EXPLICIT_IN_RAW_CSV;NO_FRAME_CONVERSION,NOT_EXPLICITLY_ASSIGNED,He2+,H(2s),H target center:3p,Target excitation cross sections,1.92E-15,UNRESOLVED_NOT_EXPLICIT_IN_RAW_METADATA,Liu2024 AOCC;3-basis mean in paperEq9;raw file no basis columns,,NO_UNCERTAINTY_COLUMN_IN_RAW_CSV,LITERATURE_SUPPORTED,ALL_LITERAL_NONBLANK_RAW_CSV_CELLS_AND_ASSOCIATED_ENERGY_COLUMNS_VERIFIED,BLOCKED_UNIT_AND_FRAME_SEMANTICS;G1_NOT_AUTHORIZED,NOT_RUN,NOT_RUN,NOT_RUN
D-LIU24-4,10.57760/sciencedb.j00113.00114,datasets/liu2024_sciencedb/H2s-Excitation cross sections.csv,03082d6fd21d226e0fe310df79213575eebbd3bbf3db577986ea7ac2f87fb4a1,,,RAW_CSV,12,4:3d,56.25,keV/u,,,NOT_EXPLICIT_IN_RAW_CSV;NO_FRAME_CONVERSION,NOT_EXPLICITLY_ASSIGNED,He2+,H(2s),H target center:3d,Target excitation cross sections,1.89E-15,UNRESOLVED_NOT_EXPLICIT_IN_RAW_METADATA,Liu2024 AOCC;3-basis mean in paperEq9;raw file no basis columns,,NO_UNCERTAINTY_COLUMN_IN_RAW_CSV,LITERATURE_SUPPORTED,ALL_LITERAL_NONBLANK_RAW_CSV_CELLS_AND_ASSOCIATED_ENERGY_COLUMNS_VERIFIED,BLOCKED_UNIT_AND_FRAME_SEMANTICS;G1_NOT_AUTHORIZED,NOT_RUN,NOT_RUN,NOT_RUN
D-LIU24-4,10.57760/sciencedb.j00113.00114,datasets/liu2024_sciencedb/H2s-Excitation cross sections.csv,03082d6fd21d226e0fe310df79213575eebbd3bbf3db577986ea7ac2f87fb4a1,,,RAW_CSV,12,5:4s,56.25,keV/u,,,NOT_EXPLICIT_IN_RAW_CSV;NO_FRAME_CONVERSION,NOT_EXPLICITLY_ASSIGNED,He2+,H(2s),H target center:4s,Target excitation cross sections,1.02E-16,UNRESOLVED_NOT_EXPLICIT_IN_RAW_METADATA,Liu2024 AOCC;3-basis mean in paperEq9;raw file no basis columns,,NO_UNCERTAINTY_COLUMN_IN_RAW_CSV,LITERATURE_SUPPORTED,ALL_LITERAL_NONBLANK_RAW_CSV_CELLS_AND_ASSOCIATED_ENERGY_COLUMNS_VERIFIED,BLOCKED_UNIT_AND_FRAME_SEMANTICS;G1_NOT_AUTHORIZED,NOT_RUN,NOT_RUN,NOT_RUN
D-LIU24-4,10.57760/sciencedb.j00113.00114,datasets/liu2024_sciencedb/H2s-Excitation cross sections.csv,03082d6fd21d226e0fe310df79213575eebbd3bbf3db577986ea7ac2f87fb4a1,,,RAW_CSV,12,6:4p,56.25,keV/u,,,NOT_EXPLICIT_IN_RAW_CSV;NO_FRAME_CONVERSION,NOT_EXPLICITLY_ASSIGNED,He2+,H(2s),H target center:4p,Target excitation cross sections,3.20E-16,UNRESOLVED_NOT_EXPLICIT_IN_RAW_METADATA,Liu2024 AOCC;3-basis mean in paperEq9;raw file no basis columns,,NO_UNCERTAINTY_COLUMN_IN_RAW_CSV,LITERATURE_SUPPORTED,ALL_LITERAL_NONBLANK_RAW_CSV_CELLS_AND_ASSOCIATED_ENERGY_COLUMNS_VERIFIED,BLOCKED_UNIT_AND_FRAME_SEMANTICS;G1_NOT_AUTHORIZED,NOT_RUN,NOT_RUN,NOT_RUN
D-LIU24-4,10.57760/sciencedb.j00113.00114,datasets/liu2024_sciencedb/H2s-Excitation cross sections.csv,03082d6fd21d226e0fe310df79213575eebbd3bbf3db577986ea7ac2f87fb4a1,,,RAW_CSV,12,7:4d,56.25,keV/u,,,NOT_EXPLICIT_IN_RAW_CSV;NO_FRAME_CONVERSION,NOT_EXPLICITLY_ASSIGNED,He2+,H(2s),H target center:4d,Target excitation cross sections,1.78E-16,UNRESOLVED_NOT_EXPLICIT_IN_RAW_METADATA,Liu2024 AOCC;3-basis mean in paperEq9;raw file no basis columns,,NO_UNCERTAINTY_COLUMN_IN_RAW_CSV,LITERATURE_SUPPORTED,ALL_LITERAL_NONBLANK_RAW_CSV_CELLS_AND_ASSOCIATED_ENERGY_COLUMNS_VERIFIED,BLOCKED_UNIT_AND_FRAME_SEMANTICS;G1_NOT_AUTHORIZED,NOT_RUN,NOT_RUN,NOT_RUN
D-LIU24-4,10.57760/sciencedb.j00113.00114,datasets/liu2024_sciencedb/H2s-Excitation cross sections.csv,03082d6fd21d226e0fe310df79213575eebbd3bbf3db577986ea7ac2f87fb4a1,,,RAW_CSV,12,8:4f,56.25,keV/u,,,NOT_EXPLICIT_IN_RAW_CSV;NO_FRAME_CONVERSION,NOT_EXPLICITLY_ASSIGNED,He2+,H(2s),H target center:4f,Target excitation cross sections,2.66E-16,UNRESOLVED_NOT_EXPLICIT_IN_RAW_METADATA,Liu2024 AOCC;3-basis mean in paperEq9;raw file no basis columns,,NO_UNCERTAINTY_COLUMN_IN_RAW_CSV,LITERATURE_SUPPORTED,ALL_LITERAL_NONBLANK_RAW_CSV_CELLS_AND_ASSOCIATED_ENERGY_COLUMNS_VERIFIED,BLOCKED_UNIT_AND_FRAME_SEMANTICS;G1_NOT_AUTHORIZED,NOT_RUN,NOT_RUN,NOT_RUN
D-LIU24-4,10.57760/sciencedb.j00113.00114,datasets/liu2024_sciencedb/H2s-Excitation cross sections.csv,03082d6fd21d226e0fe310df79213575eebbd3bbf3db577986ea7ac2f87fb4a1,,,RAW_CSV,13,2:3s,64,keV/u,,,NOT_EXPLICIT_IN_RAW_CSV;NO_FRAME_CONVERSION,NOT_EXPLICITLY_ASSIGNED,He2+,H(2s),H target center:3s,Target excitation cross sections,4.42E-16,UNRESOLVED_NOT_EXPLICIT_IN_RAW_METADATA,Liu2024 AOCC;3-basis mean in paperEq9;raw file no basis columns,,NO_UNCERTAINTY_COLUMN_IN_RAW_CSV,LITERATURE_SUPPORTED,ALL_LITERAL_NONBLANK_RAW_CSV_CELLS_AND_ASSOCIATED_ENERGY_COLUMNS_VERIFIED,BLOCKED_UNIT_AND_FRAME_SEMANTICS;G1_NOT_AUTHORIZED,NOT_RUN,NOT_RUN,NOT_RUN
D-LIU24-4,10.57760/sciencedb.j00113.00114,datasets/liu2024_sciencedb/H2s-Excitation cross sections.csv,03082d6fd21d226e0fe310df79213575eebbd3bbf3db577986ea7ac2f87fb4a1,,,RAW_CSV,13,3:3p,64,keV/u,,,NOT_EXPLICIT_IN_RAW_CSV;NO_FRAME_CONVERSION,NOT_EXPLICITLY_ASSIGNED,He2+,H(2s),H target center:3p,Target excitation cross sections,1.99E-15,UNRESOLVED_NOT_EXPLICIT_IN_RAW_METADATA,Liu2024 AOCC;3-basis mean in paperEq9;raw file no basis columns,,NO_UNCERTAINTY_COLUMN_IN_RAW_CSV,LITERATURE_SUPPORTED,ALL_LITERAL_NONBLANK_RAW_CSV_CELLS_AND_ASSOCIATED_ENERGY_COLUMNS_VERIFIED,BLOCKED_UNIT_AND_FRAME_SEMANTICS;G1_NOT_AUTHORIZED,NOT_RUN,NOT_RUN,NOT_RUN
D-LIU24-4,10.57760/sciencedb.j00113.00114,datasets/liu2024_sciencedb/H2s-Excitation cross sections.csv,03082d6fd21d226e0fe310df79213575eebbd3bbf3db577986ea7ac2f87fb4a1,,,RAW_CSV,13,4:3d,64,keV/u,,,NOT_EXPLICIT_IN_RAW_CSV;NO_FRAME_CONVERSION,NOT_EXPLICITLY_ASSIGNED,He2+,H(2s),H target center:3d,Target excitation cross sections,1.76E-15,UNRESOLVED_NOT_EXPLICIT_IN_RAW_METADATA,Liu2024 AOCC;3-basis mean in paperEq9;raw file no basis columns,,NO_UNCERTAINTY_COLUMN_IN_RAW_CSV,LITERATURE_SUPPORTED,ALL_LITERAL_NONBLANK_RAW_CSV_CELLS_AND_ASSOCIATED_ENERGY_COLUMNS_VERIFIED,BLOCKED_UNIT_AND_FRAME_SEMANTICS;G1_NOT_AUTHORIZED,NOT_RUN,NOT_RUN,NOT_RUN
D-LIU24-4,10.57760/sciencedb.j00113.00114,datasets/liu2024_sciencedb/H2s-Excitation cross sections.csv,03082d6fd21d226e0fe310df79213575eebbd3bbf3db577986ea7ac2f87fb4a1,,,RAW_CSV,13,5:4s,64,keV/u,,,NOT_EXPLICIT_IN_RAW_CSV;NO_FRAME_CONVERSION,NOT_EXPLICITLY_ASSIGNED,He2+,H(2s),H target center:4s,Target excitation cross sections,9.18E-17,UNRESOLVED_NOT_EXPLICIT_IN_RAW_METADATA,Liu2024 AOCC;3-basis mean in paperEq9;raw file no basis columns,,NO_UNCERTAINTY_COLUMN_IN_RAW_CSV,LITERATURE_SUPPORTED,ALL_LITERAL_NONBLANK_RAW_CSV_CELLS_AND_ASSOCIATED_ENERGY_COLUMNS_VERIFIED,BLOCKED_UNIT_AND_FRAME_SEMANTICS;G1_NOT_AUTHORIZED,NOT_RUN,NOT_RUN,NOT_RUN
D-LIU24-4,10.57760/sciencedb.j00113.00114,datasets/liu2024_sciencedb/H2s-Excitation cross sections.csv,03082d6fd21d226e0fe310df79213575eebbd3bbf3db577986ea7ac2f87fb4a1,,,RAW_CSV,13,6:4p,64,keV/u,,,NOT_EXPLICIT_IN_RAW_CSV;NO_FRAME_CONVERSION,NOT_EXPLICITLY_ASSIGNED,He2+,H(2s),H target center:4p,Target excitation cross sections,3.28E-16,UNRESOLVED_NOT_EXPLICIT_IN_RAW_METADATA,Liu2024 AOCC;3-basis mean in paperEq9;raw file no basis columns,,NO_UNCERTAINTY_COLUMN_IN_RAW_CSV,LITERATURE_SUPPORTED,ALL_LITERAL_NONBLANK_RAW_CSV_CELLS_AND_ASSOCIATED_ENERGY_COLUMNS_VERIFIED,BLOCKED_UNIT_AND_FRAME_SEMANTICS;G1_NOT_AUTHORIZED,NOT_RUN,NOT_RUN,NOT_RUN
D-LIU24-4,10.57760/sciencedb.j00113.00114,datasets/liu2024_sciencedb/H2s-Excitation cross sections.csv,03082d6fd21d226e0fe310df79213575eebbd3bbf3db577986ea7ac2f87fb4a1,,,RAW_CSV,13,7:4d,64,keV/u,,,NOT_EXPLICIT_IN_RAW_CSV;NO_FRAME_CONVERSION,NOT_EXPLICITLY_ASSIGNED,He2+,H(2s),H target center:4d,Target excitation cross sections,1.66E-16,UNRESOLVED_NOT_EXPLICIT_IN_RAW_METADATA,Liu2024 AOCC;3-basis mean in paperEq9;raw file no basis columns,,NO_UNCERTAINTY_COLUMN_IN_RAW_CSV,LITERATURE_SUPPORTED,ALL_LITERAL_NONBLANK_RAW_CSV_CELLS_AND_ASSOCIATED_ENERGY_COLUMNS_VERIFIED,BLOCKED_UNIT_AND_FRAME_SEMANTICS;G1_NOT_AUTHORIZED,NOT_RUN,NOT_RUN,NOT_RUN
D-LIU24-4,10.57760/sciencedb.j00113.00114,datasets/liu2024_sciencedb/H2s-Excitation cross sections.csv,03082d6fd21d226e0fe310df79213575eebbd3bbf3db577986ea7ac2f87fb4a1,,,RAW_CSV,13,8:4f,64,keV/u,,,NOT_EXPLICIT_IN_RAW_CSV;NO_FRAME_CONVERSION,NOT_EXPLICITLY_ASSIGNED,He2+,H(2s),H target center:4f,Target excitation cross sections,2.30E-16,UNRESOLVED_NOT_EXPLICIT_IN_RAW_METADATA,Liu2024 AOCC;3-basis mean in paperEq9;raw file no basis columns,,NO_UNCERTAINTY_COLUMN_IN_RAW_CSV,LITERATURE_SUPPORTED,ALL_LITERAL_NONBLANK_RAW_CSV_CELLS_AND_ASSOCIATED_ENERGY_COLUMNS_VERIFIED,BLOCKED_UNIT_AND_FRAME_SEMANTICS;G1_NOT_AUTHORIZED,NOT_RUN,NOT_RUN,NOT_RUN
D-LIU24-4,10.57760/sciencedb.j00113.00114,datasets/liu2024_sciencedb/H2s-Excitation cross sections.csv,03082d6fd21d226e0fe310df79213575eebbd3bbf3db577986ea7ac2f87fb4a1,,,RAW_CSV,14,2:3s,72.25,keV/u,,,NOT_EXPLICIT_IN_RAW_CSV;NO_FRAME_CONVERSION,NOT_EXPLICITLY_ASSIGNED,He2+,H(2s),H target center:3s,Target excitation cross sections,4.26E-16,UNRESOLVED_NOT_EXPLICIT_IN_RAW_METADATA,Liu2024 AOCC;3-basis mean in paperEq9;raw file no basis columns,,NO_UNCERTAINTY_COLUMN_IN_RAW_CSV,LITERATURE_SUPPORTED,ALL_LITERAL_NONBLANK_RAW_CSV_CELLS_AND_ASSOCIATED_ENERGY_COLUMNS_VERIFIED,BLOCKED_UNIT_AND_FRAME_SEMANTICS;G1_NOT_AUTHORIZED,NOT_RUN,NOT_RUN,NOT_RUN
D-LIU24-4,10.57760/sciencedb.j00113.00114,datasets/liu2024_sciencedb/H2s-Excitation cross sections.csv,03082d6fd21d226e0fe310df79213575eebbd3bbf3db577986ea7ac2f87fb4a1,,,RAW_CSV,14,3:3p,72.25,keV/u,,,NOT_EXPLICIT_IN_RAW_CSV;NO_FRAME_CONVERSION,NOT_EXPLICITLY_ASSIGNED,He2+,H(2s),H target center:3p,Target excitation cross sections,2.02E-15,UNRESOLVED_NOT_EXPLICIT_IN_RAW_METADATA,Liu2024 AOCC;3-basis mean in paperEq9;raw file no basis columns,,NO_UNCERTAINTY_COLUMN_IN_RAW_CSV,LITERATURE_SUPPORTED,ALL_LITERAL_NONBLANK_RAW_CSV_CELLS_AND_ASSOCIATED_ENERGY_COLUMNS_VERIFIED,BLOCKED_UNIT_AND_FRAME_SEMANTICS;G1_NOT_AUTHORIZED,NOT_RUN,NOT_RUN,NOT_RUN
D-LIU24-4,10.57760/sciencedb.j00113.00114,datasets/liu2024_sciencedb/H2s-Excitation cross sections.csv,03082d6fd21d226e0fe310df79213575eebbd3bbf3db577986ea7ac2f87fb4a1,,,RAW_CSV,14,4:3d,72.25,keV/u,,,NOT_EXPLICIT_IN_RAW_CSV;NO_FRAME_CONVERSION,NOT_EXPLICITLY_ASSIGNED,He2+,H(2s),H target center:3d,Target excitation cross sections,1.65E-15,UNRESOLVED_NOT_EXPLICIT_IN_RAW_METADATA,Liu2024 AOCC;3-basis mean in paperEq9;raw file no basis columns,,NO_UNCERTAINTY_COLUMN_IN_RAW_CSV,LITERATURE_SUPPORTED,ALL_LITERAL_NONBLANK_RAW_CSV_CELLS_AND_ASSOCIATED_ENERGY_COLUMNS_VERIFIED,BLOCKED_UNIT_AND_FRAME_SEMANTICS;G1_NOT_AUTHORIZED,NOT_RUN,NOT_RUN,NOT_RUN
D-LIU24-4,10.57760/sciencedb.j00113.00114,datasets/liu2024_sciencedb/H2s-Excitation cross sections.csv,03082d6fd21d226e0fe310df79213575eebbd3bbf3db577986ea7ac2f87fb4a1,,,RAW_CSV,14,5:4s,72.25,keV/u,,,NOT_EXPLICIT_IN_RAW_CSV;NO_FRAME_CONVERSION,NOT_EXPLICITLY_ASSIGNED,He2+,H(2s),H target center:4s,Target excitation cross sections,8.48E-17,UNRESOLVED_NOT_EXPLICIT_IN_RAW_METADATA,Liu2024 AOCC;3-basis mean in paperEq9;raw file no basis columns,,NO_UNCERTAINTY_COLUMN_IN_RAW_CSV,LITERATURE_SUPPORTED,ALL_LITERAL_NONBLANK_RAW_CSV_CELLS_AND_ASSOCIATED_ENERGY_COLUMNS_VERIFIED,BLOCKED_UNIT_AND_FRAME_SEMANTICS;G1_NOT_AUTHORIZED,NOT_RUN,NOT_RUN,NOT_RUN
D-LIU24-4,10.57760/sciencedb.j00113.00114,datasets/liu2024_sciencedb/H2s-Excitation cross sections.csv,03082d6fd21d226e0fe310df79213575eebbd3bbf3db577986ea7ac2f87fb4a1,,,RAW_CSV,14,6:4p,72.25,keV/u,,,NOT_EXPLICIT_IN_RAW_CSV;NO_FRAME_CONVERSION,NOT_EXPLICITLY_ASSIGNED,He2+,H(2s),H target center:4p,Target excitation cross sections,3.37E-16,UNRESOLVED_NOT_EXPLICIT_IN_RAW_METADATA,Liu2024 AOCC;3-basis mean in paperEq9;raw file no basis columns,,NO_UNCERTAINTY_COLUMN_IN_RAW_CSV,LITERATURE_SUPPORTED,ALL_LITERAL_NONBLANK_RAW_CSV_CELLS_AND_ASSOCIATED_ENERGY_COLUMNS_VERIFIED,BLOCKED_UNIT_AND_FRAME_SEMANTICS;G1_NOT_AUTHORIZED,NOT_RUN,NOT_RUN,NOT_RUN
D-LIU24-4,10.57760/sciencedb.j00113.00114,datasets/liu2024_sciencedb/H2s-Excitation cross sections.csv,03082d6fd21d226e0fe310df79213575eebbd3bbf3db577986ea7ac2f87fb4a1,,,RAW_CSV,14,7:4d,72.25,keV/u,,,NOT_EXPLICIT_IN_RAW_CSV;NO_FRAME_CONVERSION,NOT_EXPLICITLY_ASSIGNED,He2+,H(2s),H target center:4d,Target excitation cross sections,1.57E-16,UNRESOLVED_NOT_EXPLICIT_IN_RAW_METADATA,Liu2024 AOCC;3-basis mean in paperEq9;raw file no basis columns,,NO_UNCERTAINTY_COLUMN_IN_RAW_CSV,LITERATURE_SUPPORTED,ALL_LITERAL_NONBLANK_RAW_CSV_CELLS_AND_ASSOCIATED_ENERGY_COLUMNS_VERIFIED,BLOCKED_UNIT_AND_FRAME_SEMANTICS;G1_NOT_AUTHORIZED,NOT_RUN,NOT_RUN,NOT_RUN
D-LIU24-4,10.57760/sciencedb.j00113.00114,datasets/liu2024_sciencedb/H2s-Excitation cross sections.csv,03082d6fd21d226e0fe310df79213575eebbd3bbf3db577986ea7ac2f87fb4a1,,,RAW_CSV,14,8:4f,72.25,keV/u,,,NOT_EXPLICIT_IN_RAW_CSV;NO_FRAME_CONVERSION,NOT_EXPLICITLY_ASSIGNED,He2+,H(2s),H target center:4f,Target excitation cross sections,2.00E-16,UNRESOLVED_NOT_EXPLICIT_IN_RAW_METADATA,Liu2024 AOCC;3-basis mean in paperEq9;raw file no basis columns,,NO_UNCERTAINTY_COLUMN_IN_RAW_CSV,LITERATURE_SUPPORTED,ALL_LITERAL_NONBLANK_RAW_CSV_CELLS_AND_ASSOCIATED_ENERGY_COLUMNS_VERIFIED,BLOCKED_UNIT_AND_FRAME_SEMANTICS;G1_NOT_AUTHORIZED,NOT_RUN,NOT_RUN,NOT_RUN
D-LIU24-4,10.57760/sciencedb.j00113.00114,datasets/liu2024_sciencedb/H2s-Excitation cross sections.csv,03082d6fd21d226e0fe310df79213575eebbd3bbf3db577986ea7ac2f87fb4a1,,,RAW_CSV,15,2:3s,81,keV/u,,,NOT_EXPLICIT_IN_RAW_CSV;NO_FRAME_CONVERSION,NOT_EXPLICITLY_ASSIGNED,He2+,H(2s),H target center:3s,Target excitation cross sections,3.99E-16,UNRESOLVED_NOT_EXPLICIT_IN_RAW_METADATA,Liu2024 AOCC;3-basis mean in paperEq9;raw file no basis columns,,NO_UNCERTAINTY_COLUMN_IN_RAW_CSV,LITERATURE_SUPPORTED,ALL_LITERAL_NONBLANK_RAW_CSV_CELLS_AND_ASSOCIATED_ENERGY_COLUMNS_VERIFIED,BLOCKED_UNIT_AND_FRAME_SEMANTICS;G1_NOT_AUTHORIZED,NOT_RUN,NOT_RUN,NOT_RUN
D-LIU24-4,10.57760/sciencedb.j00113.00114,datasets/liu2024_sciencedb/H2s-Excitation cross sections.csv,03082d6fd21d226e0fe310df79213575eebbd3bbf3db577986ea7ac2f87fb4a1,,,RAW_CSV,15,3:3p,81,keV/u,,,NOT_EXPLICIT_IN_RAW_CSV;NO_FRAME_CONVERSION,NOT_EXPLICITLY_ASSIGNED,He2+,H(2s),H target center:3p,Target excitation cross sections,2.03E-15,UNRESOLVED_NOT_EXPLICIT_IN_RAW_METADATA,Liu2024 AOCC;3-basis mean in paperEq9;raw file no basis columns,,NO_UNCERTAINTY_COLUMN_IN_RAW_CSV,LITERATURE_SUPPORTED,ALL_LITERAL_NONBLANK_RAW_CSV_CELLS_AND_ASSOCIATED_ENERGY_COLUMNS_VERIFIED,BLOCKED_UNIT_AND_FRAME_SEMANTICS;G1_NOT_AUTHORIZED,NOT_RUN,NOT_RUN,NOT_RUN
D-LIU24-4,10.57760/sciencedb.j00113.00114,datasets/liu2024_sciencedb/H2s-Excitation cross sections.csv,03082d6fd21d226e0fe310df79213575eebbd3bbf3db577986ea7ac2f87fb4a1,,,RAW_CSV,15,4:3d,81,keV/u,,,NOT_EXPLICIT_IN_RAW_CSV;NO_FRAME_CONVERSION,NOT_EXPLICITLY_ASSIGNED,He2+,H(2s),H target center:3d,Target excitation cross sections,1.53E-15,UNRESOLVED_NOT_EXPLICIT_IN_RAW_METADATA,Liu2024 AOCC;3-basis mean in paperEq9;raw file no basis columns,,NO_UNCERTAINTY_COLUMN_IN_RAW_CSV,LITERATURE_SUPPORTED,ALL_LITERAL_NONBLANK_RAW_CSV_CELLS_AND_ASSOCIATED_ENERGY_COLUMNS_VERIFIED,BLOCKED_UNIT_AND_FRAME_SEMANTICS;G1_NOT_AUTHORIZED,NOT_RUN,NOT_RUN,NOT_RUN
D-LIU24-4,10.57760/sciencedb.j00113.00114,datasets/liu2024_sciencedb/H2s-Excitation cross sections.csv,03082d6fd21d226e0fe310df79213575eebbd3bbf3db577986ea7ac2f87fb4a1,,,RAW_CSV,15,5:4s,81,keV/u,,,NOT_EXPLICIT_IN_RAW_CSV;NO_FRAME_CONVERSION,NOT_EXPLICITLY_ASSIGNED,He2+,H(2s),H target center:4s,Target excitation cross sections,8.06E-17,UNRESOLVED_NOT_EXPLICIT_IN_RAW_METADATA,Liu2024 AOCC;3-basis mean in paperEq9;raw file no basis columns,,NO_UNCERTAINTY_COLUMN_IN_RAW_CSV,LITERATURE_SUPPORTED,ALL_LITERAL_NONBLANK_RAW_CSV_CELLS_AND_ASSOCIATED_ENERGY_COLUMNS_VERIFIED,BLOCKED_UNIT_AND_FRAME_SEMANTICS;G1_NOT_AUTHORIZED,NOT_RUN,NOT_RUN,NOT_RUN
D-LIU24-4,10.57760/sciencedb.j00113.00114,datasets/liu2024_sciencedb/H2s-Excitation cross sections.csv,03082d6fd21d226e0fe310df79213575eebbd3bbf3db577986ea7ac2f87fb4a1,,,RAW_CSV,15,6:4p,81,keV/u,,,NOT_EXPLICIT_IN_RAW_CSV;NO_FRAME_CONVERSION,NOT_EXPLICITLY_ASSIGNED,He2+,H(2s),H target center:4p,Target excitation cross sections,3.44E-16,UNRESOLVED_NOT_EXPLICIT_IN_RAW_METADATA,Liu2024 AOCC;3-basis mean in paperEq9;raw file no basis columns,,NO_UNCERTAINTY_COLUMN_IN_RAW_CSV,LITERATURE_SUPPORTED,ALL_LITERAL_NONBLANK_RAW_CSV_CELLS_AND_ASSOCIATED_ENERGY_COLUMNS_VERIFIED,BLOCKED_UNIT_AND_FRAME_SEMANTICS;G1_NOT_AUTHORIZED,NOT_RUN,NOT_RUN,NOT_RUN
D-LIU24-4,10.57760/sciencedb.j00113.00114,datasets/liu2024_sciencedb/H2s-Excitation cross sections.csv,03082d6fd21d226e0fe310df79213575eebbd3bbf3db577986ea7ac2f87fb4a1,,,RAW_CSV,15,7:4d,81,keV/u,,,NOT_EXPLICIT_IN_RAW_CSV;NO_FRAME_CONVERSION,NOT_EXPLICITLY_ASSIGNED,He2+,H(2s),H target center:4d,Target excitation cross sections,1.48E-16,UNRESOLVED_NOT_EXPLICIT_IN_RAW_METADATA,Liu2024 AOCC;3-basis mean in paperEq9;raw file no basis columns,,NO_UNCERTAINTY_COLUMN_IN_RAW_CSV,LITERATURE_SUPPORTED,ALL_LITERAL_NONBLANK_RAW_CSV_CELLS_AND_ASSOCIATED_ENERGY_COLUMNS_VERIFIED,BLOCKED_UNIT_AND_FRAME_SEMANTICS;G1_NOT_AUTHORIZED,NOT_RUN,NOT_RUN,NOT_RUN
D-LIU24-4,10.57760/sciencedb.j00113.00114,datasets/liu2024_sciencedb/H2s-Excitation cross sections.csv,03082d6fd21d226e0fe310df79213575eebbd3bbf3db577986ea7ac2f87fb4a1,,,RAW_CSV,15,8:4f,81,keV/u,,,NOT_EXPLICIT_IN_RAW_CSV;NO_FRAME_CONVERSION,NOT_EXPLICITLY_ASSIGNED,He2+,H(2s),H target center:4f,Target excitation cross sections,1.74E-16,UNRESOLVED_NOT_EXPLICIT_IN_RAW_METADATA,Liu2024 AOCC;3-basis mean in paperEq9;raw file no basis columns,,NO_UNCERTAINTY_COLUMN_IN_RAW_CSV,LITERATURE_SUPPORTED,ALL_LITERAL_NONBLANK_RAW_CSV_CELLS_AND_ASSOCIATED_ENERGY_COLUMNS_VERIFIED,BLOCKED_UNIT_AND_FRAME_SEMANTICS;G1_NOT_AUTHORIZED,NOT_RUN,NOT_RUN,NOT_RUN
D-LIU24-4,10.57760/sciencedb.j00113.00114,datasets/liu2024_sciencedb/H2s-Excitation cross sections.csv,03082d6fd21d226e0fe310df79213575eebbd3bbf3db577986ea7ac2f87fb4a1,,,RAW_CSV,16,2:3s,90.25,keV/u,,,NOT_EXPLICIT_IN_RAW_CSV;NO_FRAME_CONVERSION,NOT_EXPLICITLY_ASSIGNED,He2+,H(2s),H target center:3s,Target excitation cross sections,3.85E-16,UNRESOLVED_NOT_EXPLICIT_IN_RAW_METADATA,Liu2024 AOCC;3-basis mean in paperEq9;raw file no basis columns,,NO_UNCERTAINTY_COLUMN_IN_RAW_CSV,LITERATURE_SUPPORTED,ALL_LITERAL_NONBLANK_RAW_CSV_CELLS_AND_ASSOCIATED_ENERGY_COLUMNS_VERIFIED,BLOCKED_UNIT_AND_FRAME_SEMANTICS;G1_NOT_AUTHORIZED,NOT_RUN,NOT_RUN,NOT_RUN
D-LIU24-4,10.57760/sciencedb.j00113.00114,datasets/liu2024_sciencedb/H2s-Excitation cross sections.csv,03082d6fd21d226e0fe310df79213575eebbd3bbf3db577986ea7ac2f87fb4a1,,,RAW_CSV,16,3:3p,90.25,keV/u,,,NOT_EXPLICIT_IN_RAW_CSV;NO_FRAME_CONVERSION,NOT_EXPLICITLY_ASSIGNED,He2+,H(2s),H target center:3p,Target excitation cross sections,1.99E-15,UNRESOLVED_NOT_EXPLICIT_IN_RAW_METADATA,Liu2024 AOCC;3-basis mean in paperEq9;raw file no basis columns,,NO_UNCERTAINTY_COLUMN_IN_RAW_CSV,LITERATURE_SUPPORTED,ALL_LITERAL_NONBLANK_RAW_CSV_CELLS_AND_ASSOCIATED_ENERGY_COLUMNS_VERIFIED,BLOCKED_UNIT_AND_FRAME_SEMANTICS;G1_NOT_AUTHORIZED,NOT_RUN,NOT_RUN,NOT_RUN
D-LIU24-4,10.57760/sciencedb.j00113.00114,datasets/liu2024_sciencedb/H2s-Excitation cross sections.csv,03082d6fd21d226e0fe310df79213575eebbd3bbf3db577986ea7ac2f87fb4a1,,,RAW_CSV,16,4:3d,90.25,keV/u,,,NOT_EXPLICIT_IN_RAW_CSV;NO_FRAME_CONVERSION,NOT_EXPLICITLY_ASSIGNED,He2+,H(2s),H target center:3d,Target excitation cross sections,1.43E-15,UNRESOLVED_NOT_EXPLICIT_IN_RAW_METADATA,Liu2024 AOCC;3-basis mean in paperEq9;raw file no basis columns,,NO_UNCERTAINTY_COLUMN_IN_RAW_CSV,LITERATURE_SUPPORTED,ALL_LITERAL_NONBLANK_RAW_CSV_CELLS_AND_ASSOCIATED_ENERGY_COLUMNS_VERIFIED,BLOCKED_UNIT_AND_FRAME_SEMANTICS;G1_NOT_AUTHORIZED,NOT_RUN,NOT_RUN,NOT_RUN
D-LIU24-4,10.57760/sciencedb.j00113.00114,datasets/liu2024_sciencedb/H2s-Excitation cross sections.csv,03082d6fd21d226e0fe310df79213575eebbd3bbf3db577986ea7ac2f87fb4a1,,,RAW_CSV,16,5:4s,90.25,keV/u,,,NOT_EXPLICIT_IN_RAW_CSV;NO_FRAME_CONVERSION,NOT_EXPLICITLY_ASSIGNED,He2+,H(2s),H target center:4s,Target excitation cross sections,7.54E-17,UNRESOLVED_NOT_EXPLICIT_IN_RAW_METADATA,Liu2024 AOCC;3-basis mean in paperEq9;raw file no basis columns,,NO_UNCERTAINTY_COLUMN_IN_RAW_CSV,LITERATURE_SUPPORTED,ALL_LITERAL_NONBLANK_RAW_CSV_CELLS_AND_ASSOCIATED_ENERGY_COLUMNS_VERIFIED,BLOCKED_UNIT_AND_FRAME_SEMANTICS;G1_NOT_AUTHORIZED,NOT_RUN,NOT_RUN,NOT_RUN
D-LIU24-4,10.57760/sciencedb.j00113.00114,datasets/liu2024_sciencedb/H2s-Excitation cross sections.csv,03082d6fd21d226e0fe310df79213575eebbd3bbf3db577986ea7ac2f87fb4a1,,,RAW_CSV,16,6:4p,90.25,keV/u,,,NOT_EXPLICIT_IN_RAW_CSV;NO_FRAME_CONVERSION,NOT_EXPLICITLY_ASSIGNED,He2+,H(2s),H target center:4p,Target excitation cross sections,3.42E-16,UNRESOLVED_NOT_EXPLICIT_IN_RAW_METADATA,Liu2024 AOCC;3-basis mean in paperEq9;raw file no basis columns,,NO_UNCERTAINTY_COLUMN_IN_RAW_CSV,LITERATURE_SUPPORTED,ALL_LITERAL_NONBLANK_RAW_CSV_CELLS_AND_ASSOCIATED_ENERGY_COLUMNS_VERIFIED,BLOCKED_UNIT_AND_FRAME_SEMANTICS;G1_NOT_AUTHORIZED,NOT_RUN,NOT_RUN,NOT_RUN
D-LIU24-4,10.57760/sciencedb.j00113.00114,datasets/liu2024_sciencedb/H2s-Excitation cross sections.csv,03082d6fd21d226e0fe310df79213575eebbd3bbf3db577986ea7ac2f87fb4a1,,,RAW_CSV,16,7:4d,90.25,keV/u,,,NOT_EXPLICIT_IN_RAW_CSV;NO_FRAME_CONVERSION,NOT_EXPLICITLY_ASSIGNED,He2+,H(2s),H target center:4d,Target excitation cross sections,1.45E-16,UNRESOLVED_NOT_EXPLICIT_IN_RAW_METADATA,Liu2024 AOCC;3-basis mean in paperEq9;raw file no basis columns,,NO_UNCERTAINTY_COLUMN_IN_RAW_CSV,LITERATURE_SUPPORTED,ALL_LITERAL_NONBLANK_RAW_CSV_CELLS_AND_ASSOCIATED_ENERGY_COLUMNS_VERIFIED,BLOCKED_UNIT_AND_FRAME_SEMANTICS;G1_NOT_AUTHORIZED,NOT_RUN,NOT_RUN,NOT_RUN
D-LIU24-4,10.57760/sciencedb.j00113.00114,datasets/liu2024_sciencedb/H2s-Excitation cross sections.csv,03082d6fd21d226e0fe310df79213575eebbd3bbf3db577986ea7ac2f87fb4a1,,,RAW_CSV,16,8:4f,90.25,keV/u,,,NOT_EXPLICIT_IN_RAW_CSV;NO_FRAME_CONVERSION,NOT_EXPLICITLY_ASSIGNED,He2+,H(2s),H target center:4f,Target excitation cross sections,1.54E-16,UNRESOLVED_NOT_EXPLICIT_IN_RAW_METADATA,Liu2024 AOCC;3-basis mean in paperEq9;raw file no basis columns,,NO_UNCERTAINTY_COLUMN_IN_RAW_CSV,LITERATURE_SUPPORTED,ALL_LITERAL_NONBLANK_RAW_CSV_CELLS_AND_ASSOCIATED_ENERGY_COLUMNS_VERIFIED,BLOCKED_UNIT_AND_FRAME_SEMANTICS;G1_NOT_AUTHORIZED,NOT_RUN,NOT_RUN,NOT_RUN
D-LIU24-4,10.57760/sciencedb.j00113.00114,datasets/liu2024_sciencedb/H2s-Excitation cross sections.csv,03082d6fd21d226e0fe310df79213575eebbd3bbf3db577986ea7ac2f87fb4a1,,,RAW_CSV,17,2:3s,100,keV/u,,,NOT_EXPLICIT_IN_RAW_CSV;NO_FRAME_CONVERSION,NOT_EXPLICITLY_ASSIGNED,He2+,H(2s),H target center:3s,Target excitation cross sections,3.49E-16,UNRESOLVED_NOT_EXPLICIT_IN_RAW_METADATA,Liu2024 AOCC;3-basis mean in paperEq9;raw file no basis columns,,NO_UNCERTAINTY_COLUMN_IN_RAW_CSV,LITERATURE_SUPPORTED,ALL_LITERAL_NONBLANK_RAW_CSV_CELLS_AND_ASSOCIATED_ENERGY_COLUMNS_VERIFIED,BLOCKED_UNIT_AND_FRAME_SEMANTICS;G1_NOT_AUTHORIZED,NOT_RUN,NOT_RUN,NOT_RUN
D-LIU24-4,10.57760/sciencedb.j00113.00114,datasets/liu2024_sciencedb/H2s-Excitation cross sections.csv,03082d6fd21d226e0fe310df79213575eebbd3bbf3db577986ea7ac2f87fb4a1,,,RAW_CSV,17,3:3p,100,keV/u,,,NOT_EXPLICIT_IN_RAW_CSV;NO_FRAME_CONVERSION,NOT_EXPLICITLY_ASSIGNED,He2+,H(2s),H target center:3p,Target excitation cross sections,1.94E-15,UNRESOLVED_NOT_EXPLICIT_IN_RAW_METADATA,Liu2024 AOCC;3-basis mean in paperEq9;raw file no basis columns,,NO_UNCERTAINTY_COLUMN_IN_RAW_CSV,LITERATURE_SUPPORTED,ALL_LITERAL_NONBLANK_RAW_CSV_CELLS_AND_ASSOCIATED_ENERGY_COLUMNS_VERIFIED,BLOCKED_UNIT_AND_FRAME_SEMANTICS;G1_NOT_AUTHORIZED,NOT_RUN,NOT_RUN,NOT_RUN
D-LIU24-4,10.57760/sciencedb.j00113.00114,datasets/liu2024_sciencedb/H2s-Excitation cross sections.csv,03082d6fd21d226e0fe310df79213575eebbd3bbf3db577986ea7ac2f87fb4a1,,,RAW_CSV,17,4:3d,100,keV/u,,,NOT_EXPLICIT_IN_RAW_CSV;NO_FRAME_CONVERSION,NOT_EXPLICITLY_ASSIGNED,He2+,H(2s),H target center:3d,Target excitation cross sections,1.31E-15,UNRESOLVED_NOT_EXPLICIT_IN_RAW_METADATA,Liu2024 AOCC;3-basis mean in paperEq9;raw file no basis columns,,NO_UNCERTAINTY_COLUMN_IN_RAW_CSV,LITERATURE_SUPPORTED,ALL_LITERAL_NONBLANK_RAW_CSV_CELLS_AND_ASSOCIATED_ENERGY_COLUMNS_VERIFIED,BLOCKED_UNIT_AND_FRAME_SEMANTICS;G1_NOT_AUTHORIZED,NOT_RUN,NOT_RUN,NOT_RUN
D-LIU24-4,10.57760/sciencedb.j00113.00114,datasets/liu2024_sciencedb/H2s-Excitation cross sections.csv,03082d6fd21d226e0fe310df79213575eebbd3bbf3db577986ea7ac2f87fb4a1,,,RAW_CSV,17,5:4s,100,keV/u,,,NOT_EXPLICIT_IN_RAW_CSV;NO_FRAME_CONVERSION,NOT_EXPLICITLY_ASSIGNED,He2+,H(2s),H target center:4s,Target excitation cross sections,6.95E-17,UNRESOLVED_NOT_EXPLICIT_IN_RAW_METADATA,Liu2024 AOCC;3-basis mean in paperEq9;raw file no basis columns,,NO_UNCERTAINTY_COLUMN_IN_RAW_CSV,LITERATURE_SUPPORTED,ALL_LITERAL_NONBLANK_RAW_CSV_CELLS_AND_ASSOCIATED_ENERGY_COLUMNS_VERIFIED,BLOCKED_UNIT_AND_FRAME_SEMANTICS;G1_NOT_AUTHORIZED,NOT_RUN,NOT_RUN,NOT_RUN
D-LIU24-4,10.57760/sciencedb.j00113.00114,datasets/liu2024_sciencedb/H2s-Excitation cross sections.csv,03082d6fd21d226e0fe310df79213575eebbd3bbf3db577986ea7ac2f87fb4a1,,,RAW_CSV,17,6:4p,100,keV/u,,,NOT_EXPLICIT_IN_RAW_CSV;NO_FRAME_CONVERSION,NOT_EXPLICITLY_ASSIGNED,He2+,H(2s),H target center:4p,Target excitation cross sections,3.46E-16,UNRESOLVED_NOT_EXPLICIT_IN_RAW_METADATA,Liu2024 AOCC;3-basis mean in paperEq9;raw file no basis columns,,NO_UNCERTAINTY_COLUMN_IN_RAW_CSV,LITERATURE_SUPPORTED,ALL_LITERAL_NONBLANK_RAW_CSV_CELLS_AND_ASSOCIATED_ENERGY_COLUMNS_VERIFIED,BLOCKED_UNIT_AND_FRAME_SEMANTICS;G1_NOT_AUTHORIZED,NOT_RUN,NOT_RUN,NOT_RUN
D-LIU24-4,10.57760/sciencedb.j00113.00114,datasets/liu2024_sciencedb/H2s-Excitation cross sections.csv,03082d6fd21d226e0fe310df79213575eebbd3bbf3db577986ea7ac2f87fb4a1,,,RAW_CSV,17,7:4d,100,keV/u,,,NOT_EXPLICIT_IN_RAW_CSV;NO_FRAME_CONVERSION,NOT_EXPLICITLY_ASSIGNED,He2+,H(2s),H target center:4d,Target excitation cross sections,1.35E-16,UNRESOLVED_NOT_EXPLICIT_IN_RAW_METADATA,Liu2024 AOCC;3-basis mean in paperEq9;raw file no basis columns,,NO_UNCERTAINTY_COLUMN_IN_RAW_CSV,LITERATURE_SUPPORTED,ALL_LITERAL_NONBLANK_RAW_CSV_CELLS_AND_ASSOCIATED_ENERGY_COLUMNS_VERIFIED,BLOCKED_UNIT_AND_FRAME_SEMANTICS;G1_NOT_AUTHORIZED,NOT_RUN,NOT_RUN,NOT_RUN
D-LIU24-4,10.57760/sciencedb.j00113.00114,datasets/liu2024_sciencedb/H2s-Excitation cross sections.csv,03082d6fd21d226e0fe310df79213575eebbd3bbf3db577986ea7ac2f87fb4a1,,,RAW_CSV,17,8:4f,100,keV/u,,,NOT_EXPLICIT_IN_RAW_CSV;NO_FRAME_CONVERSION,NOT_EXPLICITLY_ASSIGNED,He2+,H(2s),H target center:4f,Target excitation cross sections,1.33E-16,UNRESOLVED_NOT_EXPLICIT_IN_RAW_METADATA,Liu2024 AOCC;3-basis mean in paperEq9;raw file no basis columns,,NO_UNCERTAINTY_COLUMN_IN_RAW_CSV,LITERATURE_SUPPORTED,ALL_LITERAL_NONBLANK_RAW_CSV_CELLS_AND_ASSOCIATED_ENERGY_COLUMNS_VERIFIED,BLOCKED_UNIT_AND_FRAME_SEMANTICS;G1_NOT_AUTHORIZED,NOT_RUN,NOT_RUN,NOT_RUN
D-LIU24-4,10.57760/sciencedb.j00113.00114,datasets/liu2024_sciencedb/H2s-Excitation cross sections.csv,03082d6fd21d226e0fe310df79213575eebbd3bbf3db577986ea7ac2f87fb4a1,,,RAW_CSV,18,2:3s,110.25,keV/u,,,NOT_EXPLICIT_IN_RAW_CSV;NO_FRAME_CONVERSION,NOT_EXPLICITLY_ASSIGNED,He2+,H(2s),H target center:3s,Target excitation cross sections,3.25E-16,UNRESOLVED_NOT_EXPLICIT_IN_RAW_METADATA,Liu2024 AOCC;3-basis mean in paperEq9;raw file no basis columns,,NO_UNCERTAINTY_COLUMN_IN_RAW_CSV,LITERATURE_SUPPORTED,ALL_LITERAL_NONBLANK_RAW_CSV_CELLS_AND_ASSOCIATED_ENERGY_COLUMNS_VERIFIED,BLOCKED_UNIT_AND_FRAME_SEMANTICS;G1_NOT_AUTHORIZED,NOT_RUN,NOT_RUN,NOT_RUN
D-LIU24-4,10.57760/sciencedb.j00113.00114,datasets/liu2024_sciencedb/H2s-Excitation cross sections.csv,03082d6fd21d226e0fe310df79213575eebbd3bbf3db577986ea7ac2f87fb4a1,,,RAW_CSV,18,3:3p,110.25,keV/u,,,NOT_EXPLICIT_IN_RAW_CSV;NO_FRAME_CONVERSION,NOT_EXPLICITLY_ASSIGNED,He2+,H(2s),H target center:3p,Target excitation cross sections,1.89E-15,UNRESOLVED_NOT_EXPLICIT_IN_RAW_METADATA,Liu2024 AOCC;3-basis mean in paperEq9;raw file no basis columns,,NO_UNCERTAINTY_COLUMN_IN_RAW_CSV,LITERATURE_SUPPORTED,ALL_LITERAL_NONBLANK_RAW_CSV_CELLS_AND_ASSOCIATED_ENERGY_COLUMNS_VERIFIED,BLOCKED_UNIT_AND_FRAME_SEMANTICS;G1_NOT_AUTHORIZED,NOT_RUN,NOT_RUN,NOT_RUN
D-LIU24-4,10.57760/sciencedb.j00113.00114,datasets/liu2024_sciencedb/H2s-Excitation cross sections.csv,03082d6fd21d226e0fe310df79213575eebbd3bbf3db577986ea7ac2f87fb4a1,,,RAW_CSV,18,4:3d,110.25,keV/u,,,NOT_EXPLICIT_IN_RAW_CSV;NO_FRAME_CONVERSION,NOT_EXPLICITLY_ASSIGNED,He2+,H(2s),H target center:3d,Target excitation cross sections,1.21E-15,UNRESOLVED_NOT_EXPLICIT_IN_RAW_METADATA,Liu2024 AOCC;3-basis mean in paperEq9;raw file no basis columns,,NO_UNCERTAINTY_COLUMN_IN_RAW_CSV,LITERATURE_SUPPORTED,ALL_LITERAL_NONBLANK_RAW_CSV_CELLS_AND_ASSOCIATED_ENERGY_COLUMNS_VERIFIED,BLOCKED_UNIT_AND_FRAME_SEMANTICS;G1_NOT_AUTHORIZED,NOT_RUN,NOT_RUN,NOT_RUN
D-LIU24-4,10.57760/sciencedb.j00113.00114,datasets/liu2024_sciencedb/H2s-Excitation cross sections.csv,03082d6fd21d226e0fe310df79213575eebbd3bbf3db577986ea7ac2f87fb4a1,,,RAW_CSV,18,5:4s,110.25,keV/u,,,NOT_EXPLICIT_IN_RAW_CSV;NO_FRAME_CONVERSION,NOT_EXPLICITLY_ASSIGNED,He2+,H(2s),H target center:4s,Target excitation cross sections,6.63E-17,UNRESOLVED_NOT_EXPLICIT_IN_RAW_METADATA,Liu2024 AOCC;3-basis mean in paperEq9;raw file no basis columns,,NO_UNCERTAINTY_COLUMN_IN_RAW_CSV,LITERATURE_SUPPORTED,ALL_LITERAL_NONBLANK_RAW_CSV_CELLS_AND_ASSOCIATED_ENERGY_COLUMNS_VERIFIED,BLOCKED_UNIT_AND_FRAME_SEMANTICS;G1_NOT_AUTHORIZED,NOT_RUN,NOT_RUN,NOT_RUN
D-LIU24-4,10.57760/sciencedb.j00113.00114,datasets/liu2024_sciencedb/H2s-Excitation cross sections.csv,03082d6fd21d226e0fe310df79213575eebbd3bbf3db577986ea7ac2f87fb4a1,,,RAW_CSV,18,6:4p,110.25,keV/u,,,NOT_EXPLICIT_IN_RAW_CSV;NO_FRAME_CONVERSION,NOT_EXPLICITLY_ASSIGNED,He2+,H(2s),H target center:4p,Target excitation cross sections,3.42E-16,UNRESOLVED_NOT_EXPLICIT_IN_RAW_METADATA,Liu2024 AOCC;3-basis mean in paperEq9;raw file no basis columns,,NO_UNCERTAINTY_COLUMN_IN_RAW_CSV,LITERATURE_SUPPORTED,ALL_LITERAL_NONBLANK_RAW_CSV_CELLS_AND_ASSOCIATED_ENERGY_COLUMNS_VERIFIED,BLOCKED_UNIT_AND_FRAME_SEMANTICS;G1_NOT_AUTHORIZED,NOT_RUN,NOT_RUN,NOT_RUN
D-LIU24-4,10.57760/sciencedb.j00113.00114,datasets/liu2024_sciencedb/H2s-Excitation cross sections.csv,03082d6fd21d226e0fe310df79213575eebbd3bbf3db577986ea7ac2f87fb4a1,,,RAW_CSV,18,7:4d,110.25,keV/u,,,NOT_EXPLICIT_IN_RAW_CSV;NO_FRAME_CONVERSION,NOT_EXPLICITLY_ASSIGNED,He2+,H(2s),H target center:4d,Target excitation cross sections,1.26E-16,UNRESOLVED_NOT_EXPLICIT_IN_RAW_METADATA,Liu2024 AOCC;3-basis mean in paperEq9;raw file no basis columns,,NO_UNCERTAINTY_COLUMN_IN_RAW_CSV,LITERATURE_SUPPORTED,ALL_LITERAL_NONBLANK_RAW_CSV_CELLS_AND_ASSOCIATED_ENERGY_COLUMNS_VERIFIED,BLOCKED_UNIT_AND_FRAME_SEMANTICS;G1_NOT_AUTHORIZED,NOT_RUN,NOT_RUN,NOT_RUN
D-LIU24-4,10.57760/sciencedb.j00113.00114,datasets/liu2024_sciencedb/H2s-Excitation cross sections.csv,03082d6fd21d226e0fe310df79213575eebbd3bbf3db577986ea7ac2f87fb4a1,,,RAW_CSV,18,8:4f,110.25,keV/u,,,NOT_EXPLICIT_IN_RAW_CSV;NO_FRAME_CONVERSION,NOT_EXPLICITLY_ASSIGNED,He2+,H(2s),H target center:4f,Target excitation cross sections,1.16E-16,UNRESOLVED_NOT_EXPLICIT_IN_RAW_METADATA,Liu2024 AOCC;3-basis mean in paperEq9;raw file no basis columns,,NO_UNCERTAINTY_COLUMN_IN_RAW_CSV,LITERATURE_SUPPORTED,ALL_LITERAL_NONBLANK_RAW_CSV_CELLS_AND_ASSOCIATED_ENERGY_COLUMNS_VERIFIED,BLOCKED_UNIT_AND_FRAME_SEMANTICS;G1_NOT_AUTHORIZED,NOT_RUN,NOT_RUN,NOT_RUN
D-LIU24-4,10.57760/sciencedb.j00113.00114,datasets/liu2024_sciencedb/H2s-Excitation cross sections.csv,03082d6fd21d226e0fe310df79213575eebbd3bbf3db577986ea7ac2f87fb4a1,,,RAW_CSV,19,2:3s,121,keV/u,,,NOT_EXPLICIT_IN_RAW_CSV;NO_FRAME_CONVERSION,NOT_EXPLICITLY_ASSIGNED,He2+,H(2s),H target center:3s,Target excitation cross sections,3.09E-16,UNRESOLVED_NOT_EXPLICIT_IN_RAW_METADATA,Liu2024 AOCC;3-basis mean in paperEq9;raw file no basis columns,,NO_UNCERTAINTY_COLUMN_IN_RAW_CSV,LITERATURE_SUPPORTED,ALL_LITERAL_NONBLANK_RAW_CSV_CELLS_AND_ASSOCIATED_ENERGY_COLUMNS_VERIFIED,BLOCKED_UNIT_AND_FRAME_SEMANTICS;G1_NOT_AUTHORIZED,NOT_RUN,NOT_RUN,NOT_RUN
D-LIU24-4,10.57760/sciencedb.j00113.00114,datasets/liu2024_sciencedb/H2s-Excitation cross sections.csv,03082d6fd21d226e0fe310df79213575eebbd3bbf3db577986ea7ac2f87fb4a1,,,RAW_CSV,19,3:3p,121,keV/u,,,NOT_EXPLICIT_IN_RAW_CSV;NO_FRAME_CONVERSION,NOT_EXPLICITLY_ASSIGNED,He2+,H(2s),H target center:3p,Target excitation cross sections,1.84E-15,UNRESOLVED_NOT_EXPLICIT_IN_RAW_METADATA,Liu2024 AOCC;3-basis mean in paperEq9;raw file no basis columns,,NO_UNCERTAINTY_COLUMN_IN_RAW_CSV,LITERATURE_SUPPORTED,ALL_LITERAL_NONBLANK_RAW_CSV_CELLS_AND_ASSOCIATED_ENERGY_COLUMNS_VERIFIED,BLOCKED_UNIT_AND_FRAME_SEMANTICS;G1_NOT_AUTHORIZED,NOT_RUN,NOT_RUN,NOT_RUN
D-LIU24-4,10.57760/sciencedb.j00113.00114,datasets/liu2024_sciencedb/H2s-Excitation cross sections.csv,03082d6fd21d226e0fe310df79213575eebbd3bbf3db577986ea7ac2f87fb4a1,,,RAW_CSV,19,4:3d,121,keV/u,,,NOT_EXPLICIT_IN_RAW_CSV;NO_FRAME_CONVERSION,NOT_EXPLICITLY_ASSIGNED,He2+,H(2s),H target center:3d,Target excitation cross sections,1.11E-15,UNRESOLVED_NOT_EXPLICIT_IN_RAW_METADATA,Liu2024 AOCC;3-basis mean in paperEq9;raw file no basis columns,,NO_UNCERTAINTY_COLUMN_IN_RAW_CSV,LITERATURE_SUPPORTED,ALL_LITERAL_NONBLANK_RAW_CSV_CELLS_AND_ASSOCIATED_ENERGY_COLUMNS_VERIFIED,BLOCKED_UNIT_AND_FRAME_SEMANTICS;G1_NOT_AUTHORIZED,NOT_RUN,NOT_RUN,NOT_RUN
D-LIU24-4,10.57760/sciencedb.j00113.00114,datasets/liu2024_sciencedb/H2s-Excitation cross sections.csv,03082d6fd21d226e0fe310df79213575eebbd3bbf3db577986ea7ac2f87fb4a1,,,RAW_CSV,19,5:4s,121,keV/u,,,NOT_EXPLICIT_IN_RAW_CSV;NO_FRAME_CONVERSION,NOT_EXPLICITLY_ASSIGNED,He2+,H(2s),H target center:4s,Target excitation cross sections,6.12E-17,UNRESOLVED_NOT_EXPLICIT_IN_RAW_METADATA,Liu2024 AOCC;3-basis mean in paperEq9;raw file no basis columns,,NO_UNCERTAINTY_COLUMN_IN_RAW_CSV,LITERATURE_SUPPORTED,ALL_LITERAL_NONBLANK_RAW_CSV_CELLS_AND_ASSOCIATED_ENERGY_COLUMNS_VERIFIED,BLOCKED_UNIT_AND_FRAME_SEMANTICS;G1_NOT_AUTHORIZED,NOT_RUN,NOT_RUN,NOT_RUN
D-LIU24-4,10.57760/sciencedb.j00113.00114,datasets/liu2024_sciencedb/H2s-Excitation cross sections.csv,03082d6fd21d226e0fe310df79213575eebbd3bbf3db577986ea7ac2f87fb4a1,,,RAW_CSV,19,6:4p,121,keV/u,,,NOT_EXPLICIT_IN_RAW_CSV;NO_FRAME_CONVERSION,NOT_EXPLICITLY_ASSIGNED,He2+,H(2s),H target center:4p,Target excitation cross sections,3.38E-16,UNRESOLVED_NOT_EXPLICIT_IN_RAW_METADATA,Liu2024 AOCC;3-basis mean in paperEq9;raw file no basis columns,,NO_UNCERTAINTY_COLUMN_IN_RAW_CSV,LITERATURE_SUPPORTED,ALL_LITERAL_NONBLANK_RAW_CSV_CELLS_AND_ASSOCIATED_ENERGY_COLUMNS_VERIFIED,BLOCKED_UNIT_AND_FRAME_SEMANTICS;G1_NOT_AUTHORIZED,NOT_RUN,NOT_RUN,NOT_RUN
D-LIU24-4,10.57760/sciencedb.j00113.00114,datasets/liu2024_sciencedb/H2s-Excitation cross sections.csv,03082d6fd21d226e0fe310df79213575eebbd3bbf3db577986ea7ac2f87fb4a1,,,RAW_CSV,19,7:4d,121,keV/u,,,NOT_EXPLICIT_IN_RAW_CSV;NO_FRAME_CONVERSION,NOT_EXPLICITLY_ASSIGNED,He2+,H(2s),H target center:4d,Target excitation cross sections,1.18E-16,UNRESOLVED_NOT_EXPLICIT_IN_RAW_METADATA,Liu2024 AOCC;3-basis mean in paperEq9;raw file no basis columns,,NO_UNCERTAINTY_COLUMN_IN_RAW_CSV,LITERATURE_SUPPORTED,ALL_LITERAL_NONBLANK_RAW_CSV_CELLS_AND_ASSOCIATED_ENERGY_COLUMNS_VERIFIED,BLOCKED_UNIT_AND_FRAME_SEMANTICS;G1_NOT_AUTHORIZED,NOT_RUN,NOT_RUN,NOT_RUN
D-LIU24-4,10.57760/sciencedb.j00113.00114,datasets/liu2024_sciencedb/H2s-Excitation cross sections.csv,03082d6fd21d226e0fe310df79213575eebbd3bbf3db577986ea7ac2f87fb4a1,,,RAW_CSV,19,8:4f,121,keV/u,,,NOT_EXPLICIT_IN_RAW_CSV;NO_FRAME_CONVERSION,NOT_EXPLICITLY_ASSIGNED,He2+,H(2s),H target center:4f,Target excitation cross sections,1.07E-16,UNRESOLVED_NOT_EXPLICIT_IN_RAW_METADATA,Liu2024 AOCC;3-basis mean in paperEq9;raw file no basis columns,,NO_UNCERTAINTY_COLUMN_IN_RAW_CSV,LITERATURE_SUPPORTED,ALL_LITERAL_NONBLANK_RAW_CSV_CELLS_AND_ASSOCIATED_ENERGY_COLUMNS_VERIFIED,BLOCKED_UNIT_AND_FRAME_SEMANTICS;G1_NOT_AUTHORIZED,NOT_RUN,NOT_RUN,NOT_RUN
D-LIU24-4,10.57760/sciencedb.j00113.00114,datasets/liu2024_sciencedb/H2s-Excitation cross sections.csv,03082d6fd21d226e0fe310df79213575eebbd3bbf3db577986ea7ac2f87fb4a1,,,RAW_CSV,20,2:3s,132.25,keV/u,,,NOT_EXPLICIT_IN_RAW_CSV;NO_FRAME_CONVERSION,NOT_EXPLICITLY_ASSIGNED,He2+,H(2s),H target center:3s,Target excitation cross sections,2.86E-16,UNRESOLVED_NOT_EXPLICIT_IN_RAW_METADATA,Liu2024 AOCC;3-basis mean in paperEq9;raw file no basis columns,,NO_UNCERTAINTY_COLUMN_IN_RAW_CSV,LITERATURE_SUPPORTED,ALL_LITERAL_NONBLANK_RAW_CSV_CELLS_AND_ASSOCIATED_ENERGY_COLUMNS_VERIFIED,BLOCKED_UNIT_AND_FRAME_SEMANTICS;G1_NOT_AUTHORIZED,NOT_RUN,NOT_RUN,NOT_RUN
D-LIU24-4,10.57760/sciencedb.j00113.00114,datasets/liu2024_sciencedb/H2s-Excitation cross sections.csv,03082d6fd21d226e0fe310df79213575eebbd3bbf3db577986ea7ac2f87fb4a1,,,RAW_CSV,20,3:3p,132.25,keV/u,,,NOT_EXPLICIT_IN_RAW_CSV;NO_FRAME_CONVERSION,NOT_EXPLICITLY_ASSIGNED,He2+,H(2s),H target center:3p,Target excitation cross sections,1.76E-15,UNRESOLVED_NOT_EXPLICIT_IN_RAW_METADATA,Liu2024 AOCC;3-basis mean in paperEq9;raw file no basis columns,,NO_UNCERTAINTY_COLUMN_IN_RAW_CSV,LITERATURE_SUPPORTED,ALL_LITERAL_NONBLANK_RAW_CSV_CELLS_AND_ASSOCIATED_ENERGY_COLUMNS_VERIFIED,BLOCKED_UNIT_AND_FRAME_SEMANTICS;G1_NOT_AUTHORIZED,NOT_RUN,NOT_RUN,NOT_RUN
D-LIU24-4,10.57760/sciencedb.j00113.00114,datasets/liu2024_sciencedb/H2s-Excitation cross sections.csv,03082d6fd21d226e0fe310df79213575eebbd3bbf3db577986ea7ac2f87fb4a1,,,RAW_CSV,20,4:3d,132.25,keV/u,,,NOT_EXPLICIT_IN_RAW_CSV;NO_FRAME_CONVERSION,NOT_EXPLICITLY_ASSIGNED,He2+,H(2s),H target center:3d,Target excitation cross sections,1.02E-15,UNRESOLVED_NOT_EXPLICIT_IN_RAW_METADATA,Liu2024 AOCC;3-basis mean in paperEq9;raw file no basis columns,,NO_UNCERTAINTY_COLUMN_IN_RAW_CSV,LITERATURE_SUPPORTED,ALL_LITERAL_NONBLANK_RAW_CSV_CELLS_AND_ASSOCIATED_ENERGY_COLUMNS_VERIFIED,BLOCKED_UNIT_AND_FRAME_SEMANTICS;G1_NOT_AUTHORIZED,NOT_RUN,NOT_RUN,NOT_RUN
D-LIU24-4,10.57760/sciencedb.j00113.00114,datasets/liu2024_sciencedb/H2s-Excitation cross sections.csv,03082d6fd21d226e0fe310df79213575eebbd3bbf3db577986ea7ac2f87fb4a1,,,RAW_CSV,20,5:4s,132.25,keV/u,,,NOT_EXPLICIT_IN_RAW_CSV;NO_FRAME_CONVERSION,NOT_EXPLICITLY_ASSIGNED,He2+,H(2s),H target center:4s,Target excitation cross sections,5.60E-17,UNRESOLVED_NOT_EXPLICIT_IN_RAW_METADATA,Liu2024 AOCC;3-basis mean in paperEq9;raw file no basis columns,,NO_UNCERTAINTY_COLUMN_IN_RAW_CSV,LITERATURE_SUPPORTED,ALL_LITERAL_NONBLANK_RAW_CSV_CELLS_AND_ASSOCIATED_ENERGY_COLUMNS_VERIFIED,BLOCKED_UNIT_AND_FRAME_SEMANTICS;G1_NOT_AUTHORIZED,NOT_RUN,NOT_RUN,NOT_RUN
D-LIU24-4,10.57760/sciencedb.j00113.00114,datasets/liu2024_sciencedb/H2s-Excitation cross sections.csv,03082d6fd21d226e0fe310df79213575eebbd3bbf3db577986ea7ac2f87fb4a1,,,RAW_CSV,20,6:4p,132.25,keV/u,,,NOT_EXPLICIT_IN_RAW_CSV;NO_FRAME_CONVERSION,NOT_EXPLICITLY_ASSIGNED,He2+,H(2s),H target center:4p,Target excitation cross sections,3.29E-16,UNRESOLVED_NOT_EXPLICIT_IN_RAW_METADATA,Liu2024 AOCC;3-basis mean in paperEq9;raw file no basis columns,,NO_UNCERTAINTY_COLUMN_IN_RAW_CSV,LITERATURE_SUPPORTED,ALL_LITERAL_NONBLANK_RAW_CSV_CELLS_AND_ASSOCIATED_ENERGY_COLUMNS_VERIFIED,BLOCKED_UNIT_AND_FRAME_SEMANTICS;G1_NOT_AUTHORIZED,NOT_RUN,NOT_RUN,NOT_RUN
D-LIU24-4,10.57760/sciencedb.j00113.00114,datasets/liu2024_sciencedb/H2s-Excitation cross sections.csv,03082d6fd21d226e0fe310df79213575eebbd3bbf3db577986ea7ac2f87fb4a1,,,RAW_CSV,20,7:4d,132.25,keV/u,,,NOT_EXPLICIT_IN_RAW_CSV;NO_FRAME_CONVERSION,NOT_EXPLICITLY_ASSIGNED,He2+,H(2s),H target center:4d,Target excitation cross sections,1.10E-16,UNRESOLVED_NOT_EXPLICIT_IN_RAW_METADATA,Liu2024 AOCC;3-basis mean in paperEq9;raw file no basis columns,,NO_UNCERTAINTY_COLUMN_IN_RAW_CSV,LITERATURE_SUPPORTED,ALL_LITERAL_NONBLANK_RAW_CSV_CELLS_AND_ASSOCIATED_ENERGY_COLUMNS_VERIFIED,BLOCKED_UNIT_AND_FRAME_SEMANTICS;G1_NOT_AUTHORIZED,NOT_RUN,NOT_RUN,NOT_RUN
D-LIU24-4,10.57760/sciencedb.j00113.00114,datasets/liu2024_sciencedb/H2s-Excitation cross sections.csv,03082d6fd21d226e0fe310df79213575eebbd3bbf3db577986ea7ac2f87fb4a1,,,RAW_CSV,20,8:4f,132.25,keV/u,,,NOT_EXPLICIT_IN_RAW_CSV;NO_FRAME_CONVERSION,NOT_EXPLICITLY_ASSIGNED,He2+,H(2s),H target center:4f,Target excitation cross sections,9.38E-17,UNRESOLVED_NOT_EXPLICIT_IN_RAW_METADATA,Liu2024 AOCC;3-basis mean in paperEq9;raw file no basis columns,,NO_UNCERTAINTY_COLUMN_IN_RAW_CSV,LITERATURE_SUPPORTED,ALL_LITERAL_NONBLANK_RAW_CSV_CELLS_AND_ASSOCIATED_ENERGY_COLUMNS_VERIFIED,BLOCKED_UNIT_AND_FRAME_SEMANTICS;G1_NOT_AUTHORIZED,NOT_RUN,NOT_RUN,NOT_RUN
D-LIU24-4,10.57760/sciencedb.j00113.00114,datasets/liu2024_sciencedb/H2s-Excitation cross sections.csv,03082d6fd21d226e0fe310df79213575eebbd3bbf3db577986ea7ac2f87fb4a1,,,RAW_CSV,21,2:3s,144,keV/u,,,NOT_EXPLICIT_IN_RAW_CSV;NO_FRAME_CONVERSION,NOT_EXPLICITLY_ASSIGNED,He2+,H(2s),H target center:3s,Target excitation cross sections,2.64E-16,UNRESOLVED_NOT_EXPLICIT_IN_RAW_METADATA,Liu2024 AOCC;3-basis mean in paperEq9;raw file no basis columns,,NO_UNCERTAINTY_COLUMN_IN_RAW_CSV,LITERATURE_SUPPORTED,ALL_LITERAL_NONBLANK_RAW_CSV_CELLS_AND_ASSOCIATED_ENERGY_COLUMNS_VERIFIED,BLOCKED_UNIT_AND_FRAME_SEMANTICS;G1_NOT_AUTHORIZED,NOT_RUN,NOT_RUN,NOT_RUN
D-LIU24-4,10.57760/sciencedb.j00113.00114,datasets/liu2024_sciencedb/H2s-Excitation cross sections.csv,03082d6fd21d226e0fe310df79213575eebbd3bbf3db577986ea7ac2f87fb4a1,,,RAW_CSV,21,3:3p,144,keV/u,,,NOT_EXPLICIT_IN_RAW_CSV;NO_FRAME_CONVERSION,NOT_EXPLICITLY_ASSIGNED,He2+,H(2s),H target center:3p,Target excitation cross sections,1.70E-15,UNRESOLVED_NOT_EXPLICIT_IN_RAW_METADATA,Liu2024 AOCC;3-basis mean in paperEq9;raw file no basis columns,,NO_UNCERTAINTY_COLUMN_IN_RAW_CSV,LITERATURE_SUPPORTED,ALL_LITERAL_NONBLANK_RAW_CSV_CELLS_AND_ASSOCIATED_ENERGY_COLUMNS_VERIFIED,BLOCKED_UNIT_AND_FRAME_SEMANTICS;G1_NOT_AUTHORIZED,NOT_RUN,NOT_RUN,NOT_RUN
D-LIU24-4,10.57760/sciencedb.j00113.00114,datasets/liu2024_sciencedb/H2s-Excitation cross sections.csv,03082d6fd21d226e0fe310df79213575eebbd3bbf3db577986ea7ac2f87fb4a1,,,RAW_CSV,21,4:3d,144,keV/u,,,NOT_EXPLICIT_IN_RAW_CSV;NO_FRAME_CONVERSION,NOT_EXPLICITLY_ASSIGNED,He2+,H(2s),H target center:3d,Target excitation cross sections,9.67E-16,UNRESOLVED_NOT_EXPLICIT_IN_RAW_METADATA,Liu2024 AOCC;3-basis mean in paperEq9;raw file no basis columns,,NO_UNCERTAINTY_COLUMN_IN_RAW_CSV,LITERATURE_SUPPORTED,ALL_LITERAL_NONBLANK_RAW_CSV_CELLS_AND_ASSOCIATED_ENERGY_COLUMNS_VERIFIED,BLOCKED_UNIT_AND_FRAME_SEMANTICS;G1_NOT_AUTHORIZED,NOT_RUN,NOT_RUN,NOT_RUN
D-LIU24-4,10.57760/sciencedb.j00113.00114,datasets/liu2024_sciencedb/H2s-Excitation cross sections.csv,03082d6fd21d226e0fe310df79213575eebbd3bbf3db577986ea7ac2f87fb4a1,,,RAW_CSV,21,5:4s,144,keV/u,,,NOT_EXPLICIT_IN_RAW_CSV;NO_FRAME_CONVERSION,NOT_EXPLICITLY_ASSIGNED,He2+,H(2s),H target center:4s,Target excitation cross sections,5.25E-17,UNRESOLVED_NOT_EXPLICIT_IN_RAW_METADATA,Liu2024 AOCC;3-basis mean in paperEq9;raw file no basis columns,,NO_UNCERTAINTY_COLUMN_IN_RAW_CSV,LITERATURE_SUPPORTED,ALL_LITERAL_NONBLANK_RAW_CSV_CELLS_AND_ASSOCIATED_ENERGY_COLUMNS_VERIFIED,BLOCKED_UNIT_AND_FRAME_SEMANTICS;G1_NOT_AUTHORIZED,NOT_RUN,NOT_RUN,NOT_RUN
D-LIU24-4,10.57760/sciencedb.j00113.00114,datasets/liu2024_sciencedb/H2s-Excitation cross sections.csv,03082d6fd21d226e0fe310df79213575eebbd3bbf3db577986ea7ac2f87fb4a1,,,RAW_CSV,21,6:4p,144,keV/u,,,NOT_EXPLICIT_IN_RAW_CSV;NO_FRAME_CONVERSION,NOT_EXPLICITLY_ASSIGNED,He2+,H(2s),H target center:4p,Target excitation cross sections,3.21E-16,UNRESOLVED_NOT_EXPLICIT_IN_RAW_METADATA,Liu2024 AOCC;3-basis mean in paperEq9;raw file no basis columns,,NO_UNCERTAINTY_COLUMN_IN_RAW_CSV,LITERATURE_SUPPORTED,ALL_LITERAL_NONBLANK_RAW_CSV_CELLS_AND_ASSOCIATED_ENERGY_COLUMNS_VERIFIED,BLOCKED_UNIT_AND_FRAME_SEMANTICS;G1_NOT_AUTHORIZED,NOT_RUN,NOT_RUN,NOT_RUN
D-LIU24-4,10.57760/sciencedb.j00113.00114,datasets/liu2024_sciencedb/H2s-Excitation cross sections.csv,03082d6fd21d226e0fe310df79213575eebbd3bbf3db577986ea7ac2f87fb4a1,,,RAW_CSV,21,7:4d,144,keV/u,,,NOT_EXPLICIT_IN_RAW_CSV;NO_FRAME_CONVERSION,NOT_EXPLICITLY_ASSIGNED,He2+,H(2s),H target center:4d,Target excitation cross sections,1.03E-16,UNRESOLVED_NOT_EXPLICIT_IN_RAW_METADATA,Liu2024 AOCC;3-basis mean in paperEq9;raw file no basis columns,,NO_UNCERTAINTY_COLUMN_IN_RAW_CSV,LITERATURE_SUPPORTED,ALL_LITERAL_NONBLANK_RAW_CSV_CELLS_AND_ASSOCIATED_ENERGY_COLUMNS_VERIFIED,BLOCKED_UNIT_AND_FRAME_SEMANTICS;G1_NOT_AUTHORIZED,NOT_RUN,NOT_RUN,NOT_RUN
D-LIU24-4,10.57760/sciencedb.j00113.00114,datasets/liu2024_sciencedb/H2s-Excitation cross sections.csv,03082d6fd21d226e0fe310df79213575eebbd3bbf3db577986ea7ac2f87fb4a1,,,RAW_CSV,21,8:4f,144,keV/u,,,NOT_EXPLICIT_IN_RAW_CSV;NO_FRAME_CONVERSION,NOT_EXPLICITLY_ASSIGNED,He2+,H(2s),H target center:4f,Target excitation cross sections,8.96E-17,UNRESOLVED_NOT_EXPLICIT_IN_RAW_METADATA,Liu2024 AOCC;3-basis mean in paperEq9;raw file no basis columns,,NO_UNCERTAINTY_COLUMN_IN_RAW_CSV,LITERATURE_SUPPORTED,ALL_LITERAL_NONBLANK_RAW_CSV_CELLS_AND_ASSOCIATED_ENERGY_COLUMNS_VERIFIED,BLOCKED_UNIT_AND_FRAME_SEMANTICS;G1_NOT_AUTHORIZED,NOT_RUN,NOT_RUN,NOT_RUN
D-LIU24-4,10.57760/sciencedb.j00113.00114,datasets/liu2024_sciencedb/H2s-Excitation cross sections.csv,03082d6fd21d226e0fe310df79213575eebbd3bbf3db577986ea7ac2f87fb4a1,,,RAW_CSV,22,2:3s,156.25,keV/u,,,NOT_EXPLICIT_IN_RAW_CSV;NO_FRAME_CONVERSION,NOT_EXPLICITLY_ASSIGNED,He2+,H(2s),H target center:3s,Target excitation cross sections,2.48E-16,UNRESOLVED_NOT_EXPLICIT_IN_RAW_METADATA,Liu2024 AOCC;3-basis mean in paperEq9;raw file no basis columns,,NO_UNCERTAINTY_COLUMN_IN_RAW_CSV,LITERATURE_SUPPORTED,ALL_LITERAL_NONBLANK_RAW_CSV_CELLS_AND_ASSOCIATED_ENERGY_COLUMNS_VERIFIED,BLOCKED_UNIT_AND_FRAME_SEMANTICS;G1_NOT_AUTHORIZED,NOT_RUN,NOT_RUN,NOT_RUN
D-LIU24-4,10.57760/sciencedb.j00113.00114,datasets/liu2024_sciencedb/H2s-Excitation cross sections.csv,03082d6fd21d226e0fe310df79213575eebbd3bbf3db577986ea7ac2f87fb4a1,,,RAW_CSV,22,3:3p,156.25,keV/u,,,NOT_EXPLICIT_IN_RAW_CSV;NO_FRAME_CONVERSION,NOT_EXPLICITLY_ASSIGNED,He2+,H(2s),H target center:3p,Target excitation cross sections,1.63E-15,UNRESOLVED_NOT_EXPLICIT_IN_RAW_METADATA,Liu2024 AOCC;3-basis mean in paperEq9;raw file no basis columns,,NO_UNCERTAINTY_COLUMN_IN_RAW_CSV,LITERATURE_SUPPORTED,ALL_LITERAL_NONBLANK_RAW_CSV_CELLS_AND_ASSOCIATED_ENERGY_COLUMNS_VERIFIED,BLOCKED_UNIT_AND_FRAME_SEMANTICS;G1_NOT_AUTHORIZED,NOT_RUN,NOT_RUN,NOT_RUN
D-LIU24-4,10.57760/sciencedb.j00113.00114,datasets/liu2024_sciencedb/H2s-Excitation cross sections.csv,03082d6fd21d226e0fe310df79213575eebbd3bbf3db577986ea7ac2f87fb4a1,,,RAW_CSV,22,4:3d,156.25,keV/u,,,NOT_EXPLICIT_IN_RAW_CSV;NO_FRAME_CONVERSION,NOT_EXPLICITLY_ASSIGNED,He2+,H(2s),H target center:3d,Target excitation cross sections,8.86E-16,UNRESOLVED_NOT_EXPLICIT_IN_RAW_METADATA,Liu2024 AOCC;3-basis mean in paperEq9;raw file no basis columns,,NO_UNCERTAINTY_COLUMN_IN_RAW_CSV,LITERATURE_SUPPORTED,ALL_LITERAL_NONBLANK_RAW_CSV_CELLS_AND_ASSOCIATED_ENERGY_COLUMNS_VERIFIED,BLOCKED_UNIT_AND_FRAME_SEMANTICS;G1_NOT_AUTHORIZED,NOT_RUN,NOT_RUN,NOT_RUN
D-LIU24-4,10.57760/sciencedb.j00113.00114,datasets/liu2024_sciencedb/H2s-Excitation cross sections.csv,03082d6fd21d226e0fe310df79213575eebbd3bbf3db577986ea7ac2f87fb4a1,,,RAW_CSV,22,5:4s,156.25,keV/u,,,NOT_EXPLICIT_IN_RAW_CSV;NO_FRAME_CONVERSION,NOT_EXPLICITLY_ASSIGNED,He2+,H(2s),H target center:4s,Target excitation cross sections,4.88E-17,UNRESOLVED_NOT_EXPLICIT_IN_RAW_METADATA,Liu2024 AOCC;3-basis mean in paperEq9;raw file no basis columns,,NO_UNCERTAINTY_COLUMN_IN_RAW_CSV,LITERATURE_SUPPORTED,ALL_LITERAL_NONBLANK_RAW_CSV_CELLS_AND_ASSOCIATED_ENERGY_COLUMNS_VERIFIED,BLOCKED_UNIT_AND_FRAME_SEMANTICS;G1_NOT_AUTHORIZED,NOT_RUN,NOT_RUN,NOT_RUN
D-LIU24-4,10.57760/sciencedb.j00113.00114,datasets/liu2024_sciencedb/H2s-Excitation cross sections.csv,03082d6fd21d226e0fe310df79213575eebbd3bbf3db577986ea7ac2f87fb4a1,,,RAW_CSV,22,6:4p,156.25,keV/u,,,NOT_EXPLICIT_IN_RAW_CSV;NO_FRAME_CONVERSION,NOT_EXPLICITLY_ASSIGNED,He2+,H(2s),H target center:4p,Target excitation cross sections,3.12E-16,UNRESOLVED_NOT_EXPLICIT_IN_RAW_METADATA,Liu2024 AOCC;3-basis mean in paperEq9;raw file no basis columns,,NO_UNCERTAINTY_COLUMN_IN_RAW_CSV,LITERATURE_SUPPORTED,ALL_LITERAL_NONBLANK_RAW_CSV_CELLS_AND_ASSOCIATED_ENERGY_COLUMNS_VERIFIED,BLOCKED_UNIT_AND_FRAME_SEMANTICS;G1_NOT_AUTHORIZED,NOT_RUN,NOT_RUN,NOT_RUN
D-LIU24-4,10.57760/sciencedb.j00113.00114,datasets/liu2024_sciencedb/H2s-Excitation cross sections.csv,03082d6fd21d226e0fe310df79213575eebbd3bbf3db577986ea7ac2f87fb4a1,,,RAW_CSV,22,7:4d,156.25,keV/u,,,NOT_EXPLICIT_IN_RAW_CSV;NO_FRAME_CONVERSION,NOT_EXPLICITLY_ASSIGNED,He2+,H(2s),H target center:4d,Target excitation cross sections,9.56E-17,UNRESOLVED_NOT_EXPLICIT_IN_RAW_METADATA,Liu2024 AOCC;3-basis mean in paperEq9;raw file no basis columns,,NO_UNCERTAINTY_COLUMN_IN_RAW_CSV,LITERATURE_SUPPORTED,ALL_LITERAL_NONBLANK_RAW_CSV_CELLS_AND_ASSOCIATED_ENERGY_COLUMNS_VERIFIED,BLOCKED_UNIT_AND_FRAME_SEMANTICS;G1_NOT_AUTHORIZED,NOT_RUN,NOT_RUN,NOT_RUN
D-LIU24-4,10.57760/sciencedb.j00113.00114,datasets/liu2024_sciencedb/H2s-Excitation cross sections.csv,03082d6fd21d226e0fe310df79213575eebbd3bbf3db577986ea7ac2f87fb4a1,,,RAW_CSV,22,8:4f,156.25,keV/u,,,NOT_EXPLICIT_IN_RAW_CSV;NO_FRAME_CONVERSION,NOT_EXPLICITLY_ASSIGNED,He2+,H(2s),H target center:4f,Target excitation cross sections,7.45E-17,UNRESOLVED_NOT_EXPLICIT_IN_RAW_METADATA,Liu2024 AOCC;3-basis mean in paperEq9;raw file no basis columns,,NO_UNCERTAINTY_COLUMN_IN_RAW_CSV,LITERATURE_SUPPORTED,ALL_LITERAL_NONBLANK_RAW_CSV_CELLS_AND_ASSOCIATED_ENERGY_COLUMNS_VERIFIED,BLOCKED_UNIT_AND_FRAME_SEMANTICS;G1_NOT_AUTHORIZED,NOT_RUN,NOT_RUN,NOT_RUN
D-LIU24-4,10.57760/sciencedb.j00113.00114,datasets/liu2024_sciencedb/H2s-Excitation cross sections.csv,03082d6fd21d226e0fe310df79213575eebbd3bbf3db577986ea7ac2f87fb4a1,,,RAW_CSV,23,2:3s,169,keV/u,,,NOT_EXPLICIT_IN_RAW_CSV;NO_FRAME_CONVERSION,NOT_EXPLICITLY_ASSIGNED,He2+,H(2s),H target center:3s,Target excitation cross sections,2.33E-16,UNRESOLVED_NOT_EXPLICIT_IN_RAW_METADATA,Liu2024 AOCC;3-basis mean in paperEq9;raw file no basis columns,,NO_UNCERTAINTY_COLUMN_IN_RAW_CSV,LITERATURE_SUPPORTED,ALL_LITERAL_NONBLANK_RAW_CSV_CELLS_AND_ASSOCIATED_ENERGY_COLUMNS_VERIFIED,BLOCKED_UNIT_AND_FRAME_SEMANTICS;G1_NOT_AUTHORIZED,NOT_RUN,NOT_RUN,NOT_RUN
D-LIU24-4,10.57760/sciencedb.j00113.00114,datasets/liu2024_sciencedb/H2s-Excitation cross sections.csv,03082d6fd21d226e0fe310df79213575eebbd3bbf3db577986ea7ac2f87fb4a1,,,RAW_CSV,23,3:3p,169,keV/u,,,NOT_EXPLICIT_IN_RAW_CSV;NO_FRAME_CONVERSION,NOT_EXPLICITLY_ASSIGNED,He2+,H(2s),H target center:3p,Target excitation cross sections,1.56E-15,UNRESOLVED_NOT_EXPLICIT_IN_RAW_METADATA,Liu2024 AOCC;3-basis mean in paperEq9;raw file no basis columns,,NO_UNCERTAINTY_COLUMN_IN_RAW_CSV,LITERATURE_SUPPORTED,ALL_LITERAL_NONBLANK_RAW_CSV_CELLS_AND_ASSOCIATED_ENERGY_COLUMNS_VERIFIED,BLOCKED_UNIT_AND_FRAME_SEMANTICS;G1_NOT_AUTHORIZED,NOT_RUN,NOT_RUN,NOT_RUN
D-LIU24-4,10.57760/sciencedb.j00113.00114,datasets/liu2024_sciencedb/H2s-Excitation cross sections.csv,03082d6fd21d226e0fe310df79213575eebbd3bbf3db577986ea7ac2f87fb4a1,,,RAW_CSV,23,4:3d,169,keV/u,,,NOT_EXPLICIT_IN_RAW_CSV;NO_FRAME_CONVERSION,NOT_EXPLICITLY_ASSIGNED,He2+,H(2s),H target center:3d,Target excitation cross sections,8.37E-16,UNRESOLVED_NOT_EXPLICIT_IN_RAW_METADATA,Liu2024 AOCC;3-basis mean in paperEq9;raw file no basis columns,,NO_UNCERTAINTY_COLUMN_IN_RAW_CSV,LITERATURE_SUPPORTED,ALL_LITERAL_NONBLANK_RAW_CSV_CELLS_AND_ASSOCIATED_ENERGY_COLUMNS_VERIFIED,BLOCKED_UNIT_AND_FRAME_SEMANTICS;G1_NOT_AUTHORIZED,NOT_RUN,NOT_RUN,NOT_RUN
D-LIU24-4,10.57760/sciencedb.j00113.00114,datasets/liu2024_sciencedb/H2s-Excitation cross sections.csv,03082d6fd21d226e0fe310df79213575eebbd3bbf3db577986ea7ac2f87fb4a1,,,RAW_CSV,23,5:4s,169,keV/u,,,NOT_EXPLICIT_IN_RAW_CSV;NO_FRAME_CONVERSION,NOT_EXPLICITLY_ASSIGNED,He2+,H(2s),H target center:4s,Target excitation cross sections,4.56E-17,UNRESOLVED_NOT_EXPLICIT_IN_RAW_METADATA,Liu2024 AOCC;3-basis mean in paperEq9;raw file no basis columns,,NO_UNCERTAINTY_COLUMN_IN_RAW_CSV,LITERATURE_SUPPORTED,ALL_LITERAL_NONBLANK_RAW_CSV_CELLS_AND_ASSOCIATED_ENERGY_COLUMNS_VERIFIED,BLOCKED_UNIT_AND_FRAME_SEMANTICS;G1_NOT_AUTHORIZED,NOT_RUN,NOT_RUN,NOT_RUN
D-LIU24-4,10.57760/sciencedb.j00113.00114,datasets/liu2024_sciencedb/H2s-Excitation cross sections.csv,03082d6fd21d226e0fe310df79213575eebbd3bbf3db577986ea7ac2f87fb4a1,,,RAW_CSV,23,6:4p,169,keV/u,,,NOT_EXPLICIT_IN_RAW_CSV;NO_FRAME_CONVERSION,NOT_EXPLICITLY_ASSIGNED,He2+,H(2s),H target center:4p,Target excitation cross sections,3.04E-16,UNRESOLVED_NOT_EXPLICIT_IN_RAW_METADATA,Liu2024 AOCC;3-basis mean in paperEq9;raw file no basis columns,,NO_UNCERTAINTY_COLUMN_IN_RAW_CSV,LITERATURE_SUPPORTED,ALL_LITERAL_NONBLANK_RAW_CSV_CELLS_AND_ASSOCIATED_ENERGY_COLUMNS_VERIFIED,BLOCKED_UNIT_AND_FRAME_SEMANTICS;G1_NOT_AUTHORIZED,NOT_RUN,NOT_RUN,NOT_RUN
D-LIU24-4,10.57760/sciencedb.j00113.00114,datasets/liu2024_sciencedb/H2s-Excitation cross sections.csv,03082d6fd21d226e0fe310df79213575eebbd3bbf3db577986ea7ac2f87fb4a1,,,RAW_CSV,23,7:4d,169,keV/u,,,NOT_EXPLICIT_IN_RAW_CSV;NO_FRAME_CONVERSION,NOT_EXPLICITLY_ASSIGNED,He2+,H(2s),H target center:4d,Target excitation cross sections,9.24E-17,UNRESOLVED_NOT_EXPLICIT_IN_RAW_METADATA,Liu2024 AOCC;3-basis mean in paperEq9;raw file no basis columns,,NO_UNCERTAINTY_COLUMN_IN_RAW_CSV,LITERATURE_SUPPORTED,ALL_LITERAL_NONBLANK_RAW_CSV_CELLS_AND_ASSOCIATED_ENERGY_COLUMNS_VERIFIED,BLOCKED_UNIT_AND_FRAME_SEMANTICS;G1_NOT_AUTHORIZED,NOT_RUN,NOT_RUN,NOT_RUN
D-LIU24-4,10.57760/sciencedb.j00113.00114,datasets/liu2024_sciencedb/H2s-Excitation cross sections.csv,03082d6fd21d226e0fe310df79213575eebbd3bbf3db577986ea7ac2f87fb4a1,,,RAW_CSV,23,8:4f,169,keV/u,,,NOT_EXPLICIT_IN_RAW_CSV;NO_FRAME_CONVERSION,NOT_EXPLICITLY_ASSIGNED,He2+,H(2s),H target center:4f,Target excitation cross sections,6.87E-17,UNRESOLVED_NOT_EXPLICIT_IN_RAW_METADATA,Liu2024 AOCC;3-basis mean in paperEq9;raw file no basis columns,,NO_UNCERTAINTY_COLUMN_IN_RAW_CSV,LITERATURE_SUPPORTED,ALL_LITERAL_NONBLANK_RAW_CSV_CELLS_AND_ASSOCIATED_ENERGY_COLUMNS_VERIFIED,BLOCKED_UNIT_AND_FRAME_SEMANTICS;G1_NOT_AUTHORIZED,NOT_RUN,NOT_RUN,NOT_RUN
D-LIU24-4,10.57760/sciencedb.j00113.00114,datasets/liu2024_sciencedb/H2s-Excitation cross sections.csv,03082d6fd21d226e0fe310df79213575eebbd3bbf3db577986ea7ac2f87fb4a1,,,RAW_CSV,24,2:3s,182.25,keV/u,,,NOT_EXPLICIT_IN_RAW_CSV;NO_FRAME_CONVERSION,NOT_EXPLICITLY_ASSIGNED,He2+,H(2s),H target center:3s,Target excitation cross sections,2.19E-16,UNRESOLVED_NOT_EXPLICIT_IN_RAW_METADATA,Liu2024 AOCC;3-basis mean in paperEq9;raw file no basis columns,,NO_UNCERTAINTY_COLUMN_IN_RAW_CSV,LITERATURE_SUPPORTED,ALL_LITERAL_NONBLANK_RAW_CSV_CELLS_AND_ASSOCIATED_ENERGY_COLUMNS_VERIFIED,BLOCKED_UNIT_AND_FRAME_SEMANTICS;G1_NOT_AUTHORIZED,NOT_RUN,NOT_RUN,NOT_RUN
D-LIU24-4,10.57760/sciencedb.j00113.00114,datasets/liu2024_sciencedb/H2s-Excitation cross sections.csv,03082d6fd21d226e0fe310df79213575eebbd3bbf3db577986ea7ac2f87fb4a1,,,RAW_CSV,24,3:3p,182.25,keV/u,,,NOT_EXPLICIT_IN_RAW_CSV;NO_FRAME_CONVERSION,NOT_EXPLICITLY_ASSIGNED,He2+,H(2s),H target center:3p,Target excitation cross sections,1.49E-15,UNRESOLVED_NOT_EXPLICIT_IN_RAW_METADATA,Liu2024 AOCC;3-basis mean in paperEq9;raw file no basis columns,,NO_UNCERTAINTY_COLUMN_IN_RAW_CSV,LITERATURE_SUPPORTED,ALL_LITERAL_NONBLANK_RAW_CSV_CELLS_AND_ASSOCIATED_ENERGY_COLUMNS_VERIFIED,BLOCKED_UNIT_AND_FRAME_SEMANTICS;G1_NOT_AUTHORIZED,NOT_RUN,NOT_RUN,NOT_RUN
D-LIU24-4,10.57760/sciencedb.j00113.00114,datasets/liu2024_sciencedb/H2s-Excitation cross sections.csv,03082d6fd21d226e0fe310df79213575eebbd3bbf3db577986ea7ac2f87fb4a1,,,RAW_CSV,24,4:3d,182.25,keV/u,,,NOT_EXPLICIT_IN_RAW_CSV;NO_FRAME_CONVERSION,NOT_EXPLICITLY_ASSIGNED,He2+,H(2s),H target center:3d,Target excitation cross sections,7.91E-16,UNRESOLVED_NOT_EXPLICIT_IN_RAW_METADATA,Liu2024 AOCC;3-basis mean in paperEq9;raw file no basis columns,,NO_UNCERTAINTY_COLUMN_IN_RAW_CSV,LITERATURE_SUPPORTED,ALL_LITERAL_NONBLANK_RAW_CSV_CELLS_AND_ASSOCIATED_ENERGY_COLUMNS_VERIFIED,BLOCKED_UNIT_AND_FRAME_SEMANTICS;G1_NOT_AUTHORIZED,NOT_RUN,NOT_RUN,NOT_RUN
D-LIU24-4,10.57760/sciencedb.j00113.00114,datasets/liu2024_sciencedb/H2s-Excitation cross sections.csv,03082d6fd21d226e0fe310df79213575eebbd3bbf3db577986ea7ac2f87fb4a1,,,RAW_CSV,24,5:4s,182.25,keV/u,,,NOT_EXPLICIT_IN_RAW_CSV;NO_FRAME_CONVERSION,NOT_EXPLICITLY_ASSIGNED,He2+,H(2s),H target center:4s,Target excitation cross sections,4.31E-17,UNRESOLVED_NOT_EXPLICIT_IN_RAW_METADATA,Liu2024 AOCC;3-basis mean in paperEq9;raw file no basis columns,,NO_UNCERTAINTY_COLUMN_IN_RAW_CSV,LITERATURE_SUPPORTED,ALL_LITERAL_NONBLANK_RAW_CSV_CELLS_AND_ASSOCIATED_ENERGY_COLUMNS_VERIFIED,BLOCKED_UNIT_AND_FRAME_SEMANTICS;G1_NOT_AUTHORIZED,NOT_RUN,NOT_RUN,NOT_RUN
D-LIU24-4,10.57760/sciencedb.j00113.00114,datasets/liu2024_sciencedb/H2s-Excitation cross sections.csv,03082d6fd21d226e0fe310df79213575eebbd3bbf3db577986ea7ac2f87fb4a1,,,RAW_CSV,24,6:4p,182.25,keV/u,,,NOT_EXPLICIT_IN_RAW_CSV;NO_FRAME_CONVERSION,NOT_EXPLICITLY_ASSIGNED,He2+,H(2s),H target center:4p,Target excitation cross sections,2.94E-16,UNRESOLVED_NOT_EXPLICIT_IN_RAW_METADATA,Liu2024 AOCC;3-basis mean in paperEq9;raw file no basis columns,,NO_UNCERTAINTY_COLUMN_IN_RAW_CSV,LITERATURE_SUPPORTED,ALL_LITERAL_NONBLANK_RAW_CSV_CELLS_AND_ASSOCIATED_ENERGY_COLUMNS_VERIFIED,BLOCKED_UNIT_AND_FRAME_SEMANTICS;G1_NOT_AUTHORIZED,NOT_RUN,NOT_RUN,NOT_RUN
D-LIU24-4,10.57760/sciencedb.j00113.00114,datasets/liu2024_sciencedb/H2s-Excitation cross sections.csv,03082d6fd21d226e0fe310df79213575eebbd3bbf3db577986ea7ac2f87fb4a1,,,RAW_CSV,24,7:4d,182.25,keV/u,,,NOT_EXPLICIT_IN_RAW_CSV;NO_FRAME_CONVERSION,NOT_EXPLICITLY_ASSIGNED,He2+,H(2s),H target center:4d,Target excitation cross sections,8.95E-17,UNRESOLVED_NOT_EXPLICIT_IN_RAW_METADATA,Liu2024 AOCC;3-basis mean in paperEq9;raw file no basis columns,,NO_UNCERTAINTY_COLUMN_IN_RAW_CSV,LITERATURE_SUPPORTED,ALL_LITERAL_NONBLANK_RAW_CSV_CELLS_AND_ASSOCIATED_ENERGY_COLUMNS_VERIFIED,BLOCKED_UNIT_AND_FRAME_SEMANTICS;G1_NOT_AUTHORIZED,NOT_RUN,NOT_RUN,NOT_RUN
D-LIU24-4,10.57760/sciencedb.j00113.00114,datasets/liu2024_sciencedb/H2s-Excitation cross sections.csv,03082d6fd21d226e0fe310df79213575eebbd3bbf3db577986ea7ac2f87fb4a1,,,RAW_CSV,24,8:4f,182.25,keV/u,,,NOT_EXPLICIT_IN_RAW_CSV;NO_FRAME_CONVERSION,NOT_EXPLICITLY_ASSIGNED,He2+,H(2s),H target center:4f,Target excitation cross sections,6.34E-17,UNRESOLVED_NOT_EXPLICIT_IN_RAW_METADATA,Liu2024 AOCC;3-basis mean in paperEq9;raw file no basis columns,,NO_UNCERTAINTY_COLUMN_IN_RAW_CSV,LITERATURE_SUPPORTED,ALL_LITERAL_NONBLANK_RAW_CSV_CELLS_AND_ASSOCIATED_ENERGY_COLUMNS_VERIFIED,BLOCKED_UNIT_AND_FRAME_SEMANTICS;G1_NOT_AUTHORIZED,NOT_RUN,NOT_RUN,NOT_RUN
D-LIU24-4,10.57760/sciencedb.j00113.00114,datasets/liu2024_sciencedb/H2s-Excitation cross sections.csv,03082d6fd21d226e0fe310df79213575eebbd3bbf3db577986ea7ac2f87fb4a1,,,RAW_CSV,25,2:3s,196,keV/u,,,NOT_EXPLICIT_IN_RAW_CSV;NO_FRAME_CONVERSION,NOT_EXPLICITLY_ASSIGNED,He2+,H(2s),H target center:3s,Target excitation cross sections,2.08E-16,UNRESOLVED_NOT_EXPLICIT_IN_RAW_METADATA,Liu2024 AOCC;3-basis mean in paperEq9;raw file no basis columns,,NO_UNCERTAINTY_COLUMN_IN_RAW_CSV,LITERATURE_SUPPORTED,ALL_LITERAL_NONBLANK_RAW_CSV_CELLS_AND_ASSOCIATED_ENERGY_COLUMNS_VERIFIED,BLOCKED_UNIT_AND_FRAME_SEMANTICS;G1_NOT_AUTHORIZED,NOT_RUN,NOT_RUN,NOT_RUN
D-LIU24-4,10.57760/sciencedb.j00113.00114,datasets/liu2024_sciencedb/H2s-Excitation cross sections.csv,03082d6fd21d226e0fe310df79213575eebbd3bbf3db577986ea7ac2f87fb4a1,,,RAW_CSV,25,3:3p,196,keV/u,,,NOT_EXPLICIT_IN_RAW_CSV;NO_FRAME_CONVERSION,NOT_EXPLICITLY_ASSIGNED,He2+,H(2s),H target center:3p,Target excitation cross sections,1.42E-15,UNRESOLVED_NOT_EXPLICIT_IN_RAW_METADATA,Liu2024 AOCC;3-basis mean in paperEq9;raw file no basis columns,,NO_UNCERTAINTY_COLUMN_IN_RAW_CSV,LITERATURE_SUPPORTED,ALL_LITERAL_NONBLANK_RAW_CSV_CELLS_AND_ASSOCIATED_ENERGY_COLUMNS_VERIFIED,BLOCKED_UNIT_AND_FRAME_SEMANTICS;G1_NOT_AUTHORIZED,NOT_RUN,NOT_RUN,NOT_RUN
D-LIU24-4,10.57760/sciencedb.j00113.00114,datasets/liu2024_sciencedb/H2s-Excitation cross sections.csv,03082d6fd21d226e0fe310df79213575eebbd3bbf3db577986ea7ac2f87fb4a1,,,RAW_CSV,25,4:3d,196,keV/u,,,NOT_EXPLICIT_IN_RAW_CSV;NO_FRAME_CONVERSION,NOT_EXPLICITLY_ASSIGNED,He2+,H(2s),H target center:3d,Target excitation cross sections,7.40E-16,UNRESOLVED_NOT_EXPLICIT_IN_RAW_METADATA,Liu2024 AOCC;3-basis mean in paperEq9;raw file no basis columns,,NO_UNCERTAINTY_COLUMN_IN_RAW_CSV,LITERATURE_SUPPORTED,ALL_LITERAL_NONBLANK_RAW_CSV_CELLS_AND_ASSOCIATED_ENERGY_COLUMNS_VERIFIED,BLOCKED_UNIT_AND_FRAME_SEMANTICS;G1_NOT_AUTHORIZED,NOT_RUN,NOT_RUN,NOT_RUN
D-LIU24-4,10.57760/sciencedb.j00113.00114,datasets/liu2024_sciencedb/H2s-Excitation cross sections.csv,03082d6fd21d226e0fe310df79213575eebbd3bbf3db577986ea7ac2f87fb4a1,,,RAW_CSV,25,5:4s,196,keV/u,,,NOT_EXPLICIT_IN_RAW_CSV;NO_FRAME_CONVERSION,NOT_EXPLICITLY_ASSIGNED,He2+,H(2s),H target center:4s,Target excitation cross sections,4.10E-17,UNRESOLVED_NOT_EXPLICIT_IN_RAW_METADATA,Liu2024 AOCC;3-basis mean in paperEq9;raw file no basis columns,,NO_UNCERTAINTY_COLUMN_IN_RAW_CSV,LITERATURE_SUPPORTED,ALL_LITERAL_NONBLANK_RAW_CSV_CELLS_AND_ASSOCIATED_ENERGY_COLUMNS_VERIFIED,BLOCKED_UNIT_AND_FRAME_SEMANTICS;G1_NOT_AUTHORIZED,NOT_RUN,NOT_RUN,NOT_RUN
D-LIU24-4,10.57760/sciencedb.j00113.00114,datasets/liu2024_sciencedb/H2s-Excitation cross sections.csv,03082d6fd21d226e0fe310df79213575eebbd3bbf3db577986ea7ac2f87fb4a1,,,RAW_CSV,25,6:4p,196,keV/u,,,NOT_EXPLICIT_IN_RAW_CSV;NO_FRAME_CONVERSION,NOT_EXPLICITLY_ASSIGNED,He2+,H(2s),H target center:4p,Target excitation cross sections,2.82E-16,UNRESOLVED_NOT_EXPLICIT_IN_RAW_METADATA,Liu2024 AOCC;3-basis mean in paperEq9;raw file no basis columns,,NO_UNCERTAINTY_COLUMN_IN_RAW_CSV,LITERATURE_SUPPORTED,ALL_LITERAL_NONBLANK_RAW_CSV_CELLS_AND_ASSOCIATED_ENERGY_COLUMNS_VERIFIED,BLOCKED_UNIT_AND_FRAME_SEMANTICS;G1_NOT_AUTHORIZED,NOT_RUN,NOT_RUN,NOT_RUN
D-LIU24-4,10.57760/sciencedb.j00113.00114,datasets/liu2024_sciencedb/H2s-Excitation cross sections.csv,03082d6fd21d226e0fe310df79213575eebbd3bbf3db577986ea7ac2f87fb4a1,,,RAW_CSV,25,7:4d,196,keV/u,,,NOT_EXPLICIT_IN_RAW_CSV;NO_FRAME_CONVERSION,NOT_EXPLICITLY_ASSIGNED,He2+,H(2s),H target center:4d,Target excitation cross sections,8.48E-17,UNRESOLVED_NOT_EXPLICIT_IN_RAW_METADATA,Liu2024 AOCC;3-basis mean in paperEq9;raw file no basis columns,,NO_UNCERTAINTY_COLUMN_IN_RAW_CSV,LITERATURE_SUPPORTED,ALL_LITERAL_NONBLANK_RAW_CSV_CELLS_AND_ASSOCIATED_ENERGY_COLUMNS_VERIFIED,BLOCKED_UNIT_AND_FRAME_SEMANTICS;G1_NOT_AUTHORIZED,NOT_RUN,NOT_RUN,NOT_RUN
D-LIU24-4,10.57760/sciencedb.j00113.00114,datasets/liu2024_sciencedb/H2s-Excitation cross sections.csv,03082d6fd21d226e0fe310df79213575eebbd3bbf3db577986ea7ac2f87fb4a1,,,RAW_CSV,25,8:4f,196,keV/u,,,NOT_EXPLICIT_IN_RAW_CSV;NO_FRAME_CONVERSION,NOT_EXPLICITLY_ASSIGNED,He2+,H(2s),H target center:4f,Target excitation cross sections,5.92E-17,UNRESOLVED_NOT_EXPLICIT_IN_RAW_METADATA,Liu2024 AOCC;3-basis mean in paperEq9;raw file no basis columns,,NO_UNCERTAINTY_COLUMN_IN_RAW_CSV,LITERATURE_SUPPORTED,ALL_LITERAL_NONBLANK_RAW_CSV_CELLS_AND_ASSOCIATED_ENERGY_COLUMNS_VERIFIED,BLOCKED_UNIT_AND_FRAME_SEMANTICS;G1_NOT_AUTHORIZED,NOT_RUN,NOT_RUN,NOT_RUN
D-LIU24-4,10.57760/sciencedb.j00113.00114,datasets/liu2024_sciencedb/H2s-Excitation cross sections.csv,03082d6fd21d226e0fe310df79213575eebbd3bbf3db577986ea7ac2f87fb4a1,,,RAW_CSV,26,2:3s,210.25,keV/u,,,NOT_EXPLICIT_IN_RAW_CSV;NO_FRAME_CONVERSION,NOT_EXPLICITLY_ASSIGNED,He2+,H(2s),H target center:3s,Target excitation cross sections,1.97E-16,UNRESOLVED_NOT_EXPLICIT_IN_RAW_METADATA,Liu2024 AOCC;3-basis mean in paperEq9;raw file no basis columns,,NO_UNCERTAINTY_COLUMN_IN_RAW_CSV,LITERATURE_SUPPORTED,ALL_LITERAL_NONBLANK_RAW_CSV_CELLS_AND_ASSOCIATED_ENERGY_COLUMNS_VERIFIED,BLOCKED_UNIT_AND_FRAME_SEMANTICS;G1_NOT_AUTHORIZED,NOT_RUN,NOT_RUN,NOT_RUN
D-LIU24-4,10.57760/sciencedb.j00113.00114,datasets/liu2024_sciencedb/H2s-Excitation cross sections.csv,03082d6fd21d226e0fe310df79213575eebbd3bbf3db577986ea7ac2f87fb4a1,,,RAW_CSV,26,3:3p,210.25,keV/u,,,NOT_EXPLICIT_IN_RAW_CSV;NO_FRAME_CONVERSION,NOT_EXPLICITLY_ASSIGNED,He2+,H(2s),H target center:3p,Target excitation cross sections,1.35E-15,UNRESOLVED_NOT_EXPLICIT_IN_RAW_METADATA,Liu2024 AOCC;3-basis mean in paperEq9;raw file no basis columns,,NO_UNCERTAINTY_COLUMN_IN_RAW_CSV,LITERATURE_SUPPORTED,ALL_LITERAL_NONBLANK_RAW_CSV_CELLS_AND_ASSOCIATED_ENERGY_COLUMNS_VERIFIED,BLOCKED_UNIT_AND_FRAME_SEMANTICS;G1_NOT_AUTHORIZED,NOT_RUN,NOT_RUN,NOT_RUN
D-LIU24-4,10.57760/sciencedb.j00113.00114,datasets/liu2024_sciencedb/H2s-Excitation cross sections.csv,03082d6fd21d226e0fe310df79213575eebbd3bbf3db577986ea7ac2f87fb4a1,,,RAW_CSV,26,4:3d,210.25,keV/u,,,NOT_EXPLICIT_IN_RAW_CSV;NO_FRAME_CONVERSION,NOT_EXPLICITLY_ASSIGNED,He2+,H(2s),H target center:3d,Target excitation cross sections,6.85E-16,UNRESOLVED_NOT_EXPLICIT_IN_RAW_METADATA,Liu2024 AOCC;3-basis mean in paperEq9;raw file no basis columns,,NO_UNCERTAINTY_COLUMN_IN_RAW_CSV,LITERATURE_SUPPORTED,ALL_LITERAL_NONBLANK_RAW_CSV_CELLS_AND_ASSOCIATED_ENERGY_COLUMNS_VERIFIED,BLOCKED_UNIT_AND_FRAME_SEMANTICS;G1_NOT_AUTHORIZED,NOT_RUN,NOT_RUN,NOT_RUN
D-LIU24-4,10.57760/sciencedb.j00113.00114,datasets/liu2024_sciencedb/H2s-Excitation cross sections.csv,03082d6fd21d226e0fe310df79213575eebbd3bbf3db577986ea7ac2f87fb4a1,,,RAW_CSV,26,5:4s,210.25,keV/u,,,NOT_EXPLICIT_IN_RAW_CSV;NO_FRAME_CONVERSION,NOT_EXPLICITLY_ASSIGNED,He2+,H(2s),H target center:4s,Target excitation cross sections,3.86E-17,UNRESOLVED_NOT_EXPLICIT_IN_RAW_METADATA,Liu2024 AOCC;3-basis mean in paperEq9;raw file no basis columns,,NO_UNCERTAINTY_COLUMN_IN_RAW_CSV,LITERATURE_SUPPORTED,ALL_LITERAL_NONBLANK_RAW_CSV_CELLS_AND_ASSOCIATED_ENERGY_COLUMNS_VERIFIED,BLOCKED_UNIT_AND_FRAME_SEMANTICS;G1_NOT_AUTHORIZED,NOT_RUN,NOT_RUN,NOT_RUN
D-LIU24-4,10.57760/sciencedb.j00113.00114,datasets/liu2024_sciencedb/H2s-Excitation cross sections.csv,03082d6fd21d226e0fe310df79213575eebbd3bbf3db577986ea7ac2f87fb4a1,,,RAW_CSV,26,6:4p,210.25,keV/u,,,NOT_EXPLICIT_IN_RAW_CSV;NO_FRAME_CONVERSION,NOT_EXPLICITLY_ASSIGNED,He2+,H(2s),H target center:4p,Target excitation cross sections,2.70E-16,UNRESOLVED_NOT_EXPLICIT_IN_RAW_METADATA,Liu2024 AOCC;3-basis mean in paperEq9;raw file no basis columns,,NO_UNCERTAINTY_COLUMN_IN_RAW_CSV,LITERATURE_SUPPORTED,ALL_LITERAL_NONBLANK_RAW_CSV_CELLS_AND_ASSOCIATED_ENERGY_COLUMNS_VERIFIED,BLOCKED_UNIT_AND_FRAME_SEMANTICS;G1_NOT_AUTHORIZED,NOT_RUN,NOT_RUN,NOT_RUN
D-LIU24-4,10.57760/sciencedb.j00113.00114,datasets/liu2024_sciencedb/H2s-Excitation cross sections.csv,03082d6fd21d226e0fe310df79213575eebbd3bbf3db577986ea7ac2f87fb4a1,,,RAW_CSV,26,7:4d,210.25,keV/u,,,NOT_EXPLICIT_IN_RAW_CSV;NO_FRAME_CONVERSION,NOT_EXPLICITLY_ASSIGNED,He2+,H(2s),H target center:4d,Target excitation cross sections,7.94E-17,UNRESOLVED_NOT_EXPLICIT_IN_RAW_METADATA,Liu2024 AOCC;3-basis mean in paperEq9;raw file no basis columns,,NO_UNCERTAINTY_COLUMN_IN_RAW_CSV,LITERATURE_SUPPORTED,ALL_LITERAL_NONBLANK_RAW_CSV_CELLS_AND_ASSOCIATED_ENERGY_COLUMNS_VERIFIED,BLOCKED_UNIT_AND_FRAME_SEMANTICS;G1_NOT_AUTHORIZED,NOT_RUN,NOT_RUN,NOT_RUN
D-LIU24-4,10.57760/sciencedb.j00113.00114,datasets/liu2024_sciencedb/H2s-Excitation cross sections.csv,03082d6fd21d226e0fe310df79213575eebbd3bbf3db577986ea7ac2f87fb4a1,,,RAW_CSV,26,8:4f,210.25,keV/u,,,NOT_EXPLICIT_IN_RAW_CSV;NO_FRAME_CONVERSION,NOT_EXPLICITLY_ASSIGNED,He2+,H(2s),H target center:4f,Target excitation cross sections,5.38E-17,UNRESOLVED_NOT_EXPLICIT_IN_RAW_METADATA,Liu2024 AOCC;3-basis mean in paperEq9;raw file no basis columns,,NO_UNCERTAINTY_COLUMN_IN_RAW_CSV,LITERATURE_SUPPORTED,ALL_LITERAL_NONBLANK_RAW_CSV_CELLS_AND_ASSOCIATED_ENERGY_COLUMNS_VERIFIED,BLOCKED_UNIT_AND_FRAME_SEMANTICS;G1_NOT_AUTHORIZED,NOT_RUN,NOT_RUN,NOT_RUN
D-LIU24-4,10.57760/sciencedb.j00113.00114,datasets/liu2024_sciencedb/H2s-Excitation cross sections.csv,03082d6fd21d226e0fe310df79213575eebbd3bbf3db577986ea7ac2f87fb4a1,,,RAW_CSV,27,2:3s,225,keV/u,,,NOT_EXPLICIT_IN_RAW_CSV;NO_FRAME_CONVERSION,NOT_EXPLICITLY_ASSIGNED,He2+,H(2s),H target center:3s,Target excitation cross sections,1.83E-16,UNRESOLVED_NOT_EXPLICIT_IN_RAW_METADATA,Liu2024 AOCC;3-basis mean in paperEq9;raw file no basis columns,,NO_UNCERTAINTY_COLUMN_IN_RAW_CSV,LITERATURE_SUPPORTED,ALL_LITERAL_NONBLANK_RAW_CSV_CELLS_AND_ASSOCIATED_ENERGY_COLUMNS_VERIFIED,BLOCKED_UNIT_AND_FRAME_SEMANTICS;G1_NOT_AUTHORIZED,NOT_RUN,NOT_RUN,NOT_RUN
D-LIU24-4,10.57760/sciencedb.j00113.00114,datasets/liu2024_sciencedb/H2s-Excitation cross sections.csv,03082d6fd21d226e0fe310df79213575eebbd3bbf3db577986ea7ac2f87fb4a1,,,RAW_CSV,27,3:3p,225,keV/u,,,NOT_EXPLICIT_IN_RAW_CSV;NO_FRAME_CONVERSION,NOT_EXPLICITLY_ASSIGNED,He2+,H(2s),H target center:3p,Target excitation cross sections,1.29E-15,UNRESOLVED_NOT_EXPLICIT_IN_RAW_METADATA,Liu2024 AOCC;3-basis mean in paperEq9;raw file no basis columns,,NO_UNCERTAINTY_COLUMN_IN_RAW_CSV,LITERATURE_SUPPORTED,ALL_LITERAL_NONBLANK_RAW_CSV_CELLS_AND_ASSOCIATED_ENERGY_COLUMNS_VERIFIED,BLOCKED_UNIT_AND_FRAME_SEMANTICS;G1_NOT_AUTHORIZED,NOT_RUN,NOT_RUN,NOT_RUN
D-LIU24-4,10.57760/sciencedb.j00113.00114,datasets/liu2024_sciencedb/H2s-Excitation cross sections.csv,03082d6fd21d226e0fe310df79213575eebbd3bbf3db577986ea7ac2f87fb4a1,,,RAW_CSV,27,4:3d,225,keV/u,,,NOT_EXPLICIT_IN_RAW_CSV;NO_FRAME_CONVERSION,NOT_EXPLICITLY_ASSIGNED,He2+,H(2s),H target center:3d,Target excitation cross sections,6.34E-16,UNRESOLVED_NOT_EXPLICIT_IN_RAW_METADATA,Liu2024 AOCC;3-basis mean in paperEq9;raw file no basis columns,,NO_UNCERTAINTY_COLUMN_IN_RAW_CSV,LITERATURE_SUPPORTED,ALL_LITERAL_NONBLANK_RAW_CSV_CELLS_AND_ASSOCIATED_ENERGY_COLUMNS_VERIFIED,BLOCKED_UNIT_AND_FRAME_SEMANTICS;G1_NOT_AUTHORIZED,NOT_RUN,NOT_RUN,NOT_RUN
D-LIU24-4,10.57760/sciencedb.j00113.00114,datasets/liu2024_sciencedb/H2s-Excitation cross sections.csv,03082d6fd21d226e0fe310df79213575eebbd3bbf3db577986ea7ac2f87fb4a1,,,RAW_CSV,27,5:4s,225,keV/u,,,NOT_EXPLICIT_IN_RAW_CSV;NO_FRAME_CONVERSION,NOT_EXPLICITLY_ASSIGNED,He2+,H(2s),H target center:4s,Target excitation cross sections,3.58E-17,UNRESOLVED_NOT_EXPLICIT_IN_RAW_METADATA,Liu2024 AOCC;3-basis mean in paperEq9;raw file no basis columns,,NO_UNCERTAINTY_COLUMN_IN_RAW_CSV,LITERATURE_SUPPORTED,ALL_LITERAL_NONBLANK_RAW_CSV_CELLS_AND_ASSOCIATED_ENERGY_COLUMNS_VERIFIED,BLOCKED_UNIT_AND_FRAME_SEMANTICS;G1_NOT_AUTHORIZED,NOT_RUN,NOT_RUN,NOT_RUN
D-LIU24-4,10.57760/sciencedb.j00113.00114,datasets/liu2024_sciencedb/H2s-Excitation cross sections.csv,03082d6fd21d226e0fe310df79213575eebbd3bbf3db577986ea7ac2f87fb4a1,,,RAW_CSV,27,6:4p,225,keV/u,,,NOT_EXPLICIT_IN_RAW_CSV;NO_FRAME_CONVERSION,NOT_EXPLICITLY_ASSIGNED,He2+,H(2s),H target center:4p,Target excitation cross sections,2.59E-16,UNRESOLVED_NOT_EXPLICIT_IN_RAW_METADATA,Liu2024 AOCC;3-basis mean in paperEq9;raw file no basis columns,,NO_UNCERTAINTY_COLUMN_IN_RAW_CSV,LITERATURE_SUPPORTED,ALL_LITERAL_NONBLANK_RAW_CSV_CELLS_AND_ASSOCIATED_ENERGY_COLUMNS_VERIFIED,BLOCKED_UNIT_AND_FRAME_SEMANTICS;G1_NOT_AUTHORIZED,NOT_RUN,NOT_RUN,NOT_RUN
D-LIU24-4,10.57760/sciencedb.j00113.00114,datasets/liu2024_sciencedb/H2s-Excitation cross sections.csv,03082d6fd21d226e0fe310df79213575eebbd3bbf3db577986ea7ac2f87fb4a1,,,RAW_CSV,27,7:4d,225,keV/u,,,NOT_EXPLICIT_IN_RAW_CSV;NO_FRAME_CONVERSION,NOT_EXPLICITLY_ASSIGNED,He2+,H(2s),H target center:4d,Target excitation cross sections,7.36E-17,UNRESOLVED_NOT_EXPLICIT_IN_RAW_METADATA,Liu2024 AOCC;3-basis mean in paperEq9;raw file no basis columns,,NO_UNCERTAINTY_COLUMN_IN_RAW_CSV,LITERATURE_SUPPORTED,ALL_LITERAL_NONBLANK_RAW_CSV_CELLS_AND_ASSOCIATED_ENERGY_COLUMNS_VERIFIED,BLOCKED_UNIT_AND_FRAME_SEMANTICS;G1_NOT_AUTHORIZED,NOT_RUN,NOT_RUN,NOT_RUN
D-LIU24-4,10.57760/sciencedb.j00113.00114,datasets/liu2024_sciencedb/H2s-Excitation cross sections.csv,03082d6fd21d226e0fe310df79213575eebbd3bbf3db577986ea7ac2f87fb4a1,,,RAW_CSV,27,8:4f,225,keV/u,,,NOT_EXPLICIT_IN_RAW_CSV;NO_FRAME_CONVERSION,NOT_EXPLICITLY_ASSIGNED,He2+,H(2s),H target center:4f,Target excitation cross sections,4.80E-17,UNRESOLVED_NOT_EXPLICIT_IN_RAW_METADATA,Liu2024 AOCC;3-basis mean in paperEq9;raw file no basis columns,,NO_UNCERTAINTY_COLUMN_IN_RAW_CSV,LITERATURE_SUPPORTED,ALL_LITERAL_NONBLANK_RAW_CSV_CELLS_AND_ASSOCIATED_ENERGY_COLUMNS_VERIFIED,BLOCKED_UNIT_AND_FRAME_SEMANTICS;G1_NOT_AUTHORIZED,NOT_RUN,NOT_RUN,NOT_RUN
P08,10.1103/PhysRevA.76.062702,papers/published/P08/PhysRevA.76.062702.pdf,3db45b5bdc7c185ba73e83a51338cece424cbe1fffdc1c729ec73ee4e941d3c2,5,062702-5,II,20keV;107states,1s,20,keV,,,alpha projectile laboratory energy;A4 normalization only conditional;no conversion,alpha particle / proton species;exact masses unspecified,He2+,H(1s),He+(1s);native printed observable,electron_capture_cross_section,0.0223,10^-17 cm^2,107-state coupled-Sturmian;quasisymmetric production,,NO_ROW_CERTIFICATE;151-state n3 unreliable per author;All/beyond3d source-authored threshold/tail correction,LITERATURE_SUPPORTED,TABLEII_20KEV_TWO_ROWS_VISUALLY_VERIFIED_BY_SOURCE_READER_AND_ROOT,NATIVE20KEV_ALPHA_ONLY;CONDITIONAL_A4_ADAPTER;G1_NOT_AUTHORIZED,NOT_RUN,NOT_RUN,NOT_RUN
P08,10.1103/PhysRevA.76.062702,papers/published/P08/PhysRevA.76.062702.pdf,3db45b5bdc7c185ba73e83a51338cece424cbe1fffdc1c729ec73ee4e941d3c2,5,062702-5,II,20keV;107states,2s,20,keV,,,alpha projectile laboratory energy;A4 normalization only conditional;no conversion,alpha particle / proton species;exact masses unspecified,He2+,H(1s),He+(2s);native printed observable,electron_capture_cross_section,21.3,10^-17 cm^2,107-state coupled-Sturmian;quasisymmetric production,,NO_ROW_CERTIFICATE;151-state n3 unreliable per author;All/beyond3d source-authored threshold/tail correction,LITERATURE_SUPPORTED,TABLEII_20KEV_TWO_ROWS_VISUALLY_VERIFIED_BY_SOURCE_READER_AND_ROOT,NATIVE20KEV_ALPHA_ONLY;CONDITIONAL_A4_ADAPTER;G1_NOT_AUTHORIZED,NOT_RUN,NOT_RUN,NOT_RUN
P08,10.1103/PhysRevA.76.062702,papers/published/P08/PhysRevA.76.062702.pdf,3db45b5bdc7c185ba73e83a51338cece424cbe1fffdc1c729ec73ee4e941d3c2,5,062702-5,II,20keV;107states,2p,20,keV,,,alpha projectile laboratory energy;A4 normalization only conditional;no conversion,alpha particle / proton species;exact masses unspecified,He2+,H(1s),He+(2p);native printed observable,electron_capture_cross_section,89.5,10^-17 cm^2,107-state coupled-Sturmian;quasisymmetric production,,NO_ROW_CERTIFICATE;151-state n3 unreliable per author;All/beyond3d source-authored threshold/tail correction,LITERATURE_SUPPORTED,TABLEII_20KEV_TWO_ROWS_VISUALLY_VERIFIED_BY_SOURCE_READER_AND_ROOT,NATIVE20KEV_ALPHA_ONLY;CONDITIONAL_A4_ADAPTER;G1_NOT_AUTHORIZED,NOT_RUN,NOT_RUN,NOT_RUN
P08,10.1103/PhysRevA.76.062702,papers/published/P08/PhysRevA.76.062702.pdf,3db45b5bdc7c185ba73e83a51338cece424cbe1fffdc1c729ec73ee4e941d3c2,5,062702-5,II,20keV;107states,3s,20,keV,,,alpha projectile laboratory energy;A4 normalization only conditional;no conversion,alpha particle / proton species;exact masses unspecified,He2+,H(1s),He+(3s);native printed observable,electron_capture_cross_section,1.1,10^-17 cm^2,107-state coupled-Sturmian;quasisymmetric production,,NO_ROW_CERTIFICATE;151-state n3 unreliable per author;All/beyond3d source-authored threshold/tail correction,LITERATURE_SUPPORTED,TABLEII_20KEV_TWO_ROWS_VISUALLY_VERIFIED_BY_SOURCE_READER_AND_ROOT,NATIVE20KEV_ALPHA_ONLY;CONDITIONAL_A4_ADAPTER;G1_NOT_AUTHORIZED,NOT_RUN,NOT_RUN,NOT_RUN
P08,10.1103/PhysRevA.76.062702,papers/published/P08/PhysRevA.76.062702.pdf,3db45b5bdc7c185ba73e83a51338cece424cbe1fffdc1c729ec73ee4e941d3c2,5,062702-5,II,20keV;107states,3p,20,keV,,,alpha projectile laboratory energy;A4 normalization only conditional;no conversion,alpha particle / proton species;exact masses unspecified,He2+,H(1s),He+(3p);native printed observable,electron_capture_cross_section,3.7,10^-17 cm^2,107-state coupled-Sturmian;quasisymmetric production,,NO_ROW_CERTIFICATE;151-state n3 unreliable per author;All/beyond3d source-authored threshold/tail correction,LITERATURE_SUPPORTED,TABLEII_20KEV_TWO_ROWS_VISUALLY_VERIFIED_BY_SOURCE_READER_AND_ROOT,NATIVE20KEV_ALPHA_ONLY;CONDITIONAL_A4_ADAPTER;G1_NOT_AUTHORIZED,NOT_RUN,NOT_RUN,NOT_RUN
P08,10.1103/PhysRevA.76.062702,papers/published/P08/PhysRevA.76.062702.pdf,3db45b5bdc7c185ba73e83a51338cece424cbe1fffdc1c729ec73ee4e941d3c2,5,062702-5,II,20keV;107states,3d,20,keV,,,alpha projectile laboratory energy;A4 normalization only conditional;no conversion,alpha particle / proton species;exact masses unspecified,He2+,H(1s),He+(3d);native printed observable,electron_capture_cross_section,1.9,10^-17 cm^2,107-state coupled-Sturmian;quasisymmetric production,,NO_ROW_CERTIFICATE;151-state n3 unreliable per author;All/beyond3d source-authored threshold/tail correction,LITERATURE_SUPPORTED,TABLEII_20KEV_TWO_ROWS_VISUALLY_VERIFIED_BY_SOURCE_READER_AND_ROOT,NATIVE20KEV_ALPHA_ONLY;CONDITIONAL_A4_ADAPTER;G1_NOT_AUTHORIZED,NOT_RUN,NOT_RUN,NOT_RUN
P08,10.1103/PhysRevA.76.062702,papers/published/P08/PhysRevA.76.062702.pdf,3db45b5bdc7c185ba73e83a51338cece424cbe1fffdc1c729ec73ee4e941d3c2,5,062702-5,II,20keV;107states,beyond_3d,20,keV,,,alpha projectile laboratory energy;A4 normalization only conditional;no conversion,alpha particle / proton species;exact masses unspecified,He2+,H(1s),He+(beyond_3d);native printed observable,electron_capture_cross_section,1.0,10^-17 cm^2,107-state coupled-Sturmian;quasisymmetric production,,NO_ROW_CERTIFICATE;151-state n3 unreliable per author;All/beyond3d source-authored threshold/tail correction,LITERATURE_SUPPORTED,TABLEII_20KEV_TWO_ROWS_VISUALLY_VERIFIED_BY_SOURCE_READER_AND_ROOT,NATIVE20KEV_ALPHA_ONLY;CONDITIONAL_A4_ADAPTER;G1_NOT_AUTHORIZED,NOT_RUN,NOT_RUN,NOT_RUN
P08,10.1103/PhysRevA.76.062702,papers/published/P08/PhysRevA.76.062702.pdf,3db45b5bdc7c185ba73e83a51338cece424cbe1fffdc1c729ec73ee4e941d3c2,5,062702-5,II,20keV;107states,All,20,keV,,,alpha projectile laboratory energy;A4 normalization only conditional;no conversion,alpha particle / proton species;exact masses unspecified,He2+,H(1s),He+(All);native printed observable,electron_capture_cross_section,118,10^-17 cm^2,107-state coupled-Sturmian;quasisymmetric production,,NO_ROW_CERTIFICATE;151-state n3 unreliable per author;All/beyond3d source-authored threshold/tail correction,LITERATURE_SUPPORTED,TABLEII_20KEV_TWO_ROWS_VISUALLY_VERIFIED_BY_SOURCE_READER_AND_ROOT,NATIVE20KEV_ALPHA_ONLY;CONDITIONAL_A4_ADAPTER;G1_NOT_AUTHORIZED,NOT_RUN,NOT_RUN,NOT_RUN
P08,10.1103/PhysRevA.76.062702,papers/published/P08/PhysRevA.76.062702.pdf,3db45b5bdc7c185ba73e83a51338cece424cbe1fffdc1c729ec73ee4e941d3c2,5,062702-5,II,20keV;151states,1s,20,keV,,,alpha projectile laboratory energy;A4 normalization only conditional;no conversion,alpha particle / proton species;exact masses unspecified,He2+,H(1s),He+(1s);native printed observable,electron_capture_cross_section,0.0222,10^-17 cm^2,151-state coupled-Sturmian;asymmetric comparison; projectile centered,,NO_ROW_CERTIFICATE;151-state n3 unreliable per author;All/beyond3d source-authored threshold/tail correction,LITERATURE_SUPPORTED,TABLEII_20KEV_TWO_ROWS_VISUALLY_VERIFIED_BY_SOURCE_READER_AND_ROOT,NATIVE20KEV_ALPHA_ONLY;CONDITIONAL_A4_ADAPTER;G1_NOT_AUTHORIZED,NOT_RUN,NOT_RUN,NOT_RUN
P08,10.1103/PhysRevA.76.062702,papers/published/P08/PhysRevA.76.062702.pdf,3db45b5bdc7c185ba73e83a51338cece424cbe1fffdc1c729ec73ee4e941d3c2,5,062702-5,II,20keV;151states,2s,20,keV,,,alpha projectile laboratory energy;A4 normalization only conditional;no conversion,alpha particle / proton species;exact masses unspecified,He2+,H(1s),He+(2s);native printed observable,electron_capture_cross_section,21.9,10^-17 cm^2,151-state coupled-Sturmian;asymmetric comparison; projectile centered,,NO_ROW_CERTIFICATE;151-state n3 unreliable per author;All/beyond3d source-authored threshold/tail correction,LITERATURE_SUPPORTED,TABLEII_20KEV_TWO_ROWS_VISUALLY_VERIFIED_BY_SOURCE_READER_AND_ROOT,NATIVE20KEV_ALPHA_ONLY;CONDITIONAL_A4_ADAPTER;G1_NOT_AUTHORIZED,NOT_RUN,NOT_RUN,NOT_RUN
P08,10.1103/PhysRevA.76.062702,papers/published/P08/PhysRevA.76.062702.pdf,3db45b5bdc7c185ba73e83a51338cece424cbe1fffdc1c729ec73ee4e941d3c2,5,062702-5,II,20keV;151states,2p,20,keV,,,alpha projectile laboratory energy;A4 normalization only conditional;no conversion,alpha particle / proton species;exact masses unspecified,He2+,H(1s),He+(2p);native printed observable,electron_capture_cross_section,89.4,10^-17 cm^2,151-state coupled-Sturmian;asymmetric comparison; projectile centered,,NO_ROW_CERTIFICATE;151-state n3 unreliable per author;All/beyond3d source-authored threshold/tail correction,LITERATURE_SUPPORTED,TABLEII_20KEV_TWO_ROWS_VISUALLY_VERIFIED_BY_SOURCE_READER_AND_ROOT,NATIVE20KEV_ALPHA_ONLY;CONDITIONAL_A4_ADAPTER;G1_NOT_AUTHORIZED,NOT_RUN,NOT_RUN,NOT_RUN
P08,10.1103/PhysRevA.76.062702,papers/published/P08/PhysRevA.76.062702.pdf,3db45b5bdc7c185ba73e83a51338cece424cbe1fffdc1c729ec73ee4e941d3c2,5,062702-5,II,20keV;151states,3s,20,keV,,,alpha projectile laboratory energy;A4 normalization only conditional;no conversion,alpha particle / proton species;exact masses unspecified,He2+,H(1s),He+(3s);native printed observable,electron_capture_cross_section,1.9,10^-17 cm^2,151-state coupled-Sturmian;asymmetric comparison; projectile centered,,NO_ROW_CERTIFICATE;151-state n3 unreliable per author;All/beyond3d source-authored threshold/tail correction,LITERATURE_SUPPORTED,TABLEII_20KEV_TWO_ROWS_VISUALLY_VERIFIED_BY_SOURCE_READER_AND_ROOT,NATIVE20KEV_ALPHA_ONLY;CONDITIONAL_A4_ADAPTER;G1_NOT_AUTHORIZED,NOT_RUN,NOT_RUN,NOT_RUN
P08,10.1103/PhysRevA.76.062702,papers/published/P08/PhysRevA.76.062702.pdf,3db45b5bdc7c185ba73e83a51338cece424cbe1fffdc1c729ec73ee4e941d3c2,5,062702-5,II,20keV;151states,3p,20,keV,,,alpha projectile laboratory energy;A4 normalization only conditional;no conversion,alpha particle / proton species;exact masses unspecified,He2+,H(1s),He+(3p);native printed observable,electron_capture_cross_section,4.5,10^-17 cm^2,151-state coupled-Sturmian;asymmetric comparison; projectile centered,,NO_ROW_CERTIFICATE;151-state n3 unreliable per author;All/beyond3d source-authored threshold/tail correction,LITERATURE_SUPPORTED,TABLEII_20KEV_TWO_ROWS_VISUALLY_VERIFIED_BY_SOURCE_READER_AND_ROOT,NATIVE20KEV_ALPHA_ONLY;CONDITIONAL_A4_ADAPTER;G1_NOT_AUTHORIZED,NOT_RUN,NOT_RUN,NOT_RUN
P08,10.1103/PhysRevA.76.062702,papers/published/P08/PhysRevA.76.062702.pdf,3db45b5bdc7c185ba73e83a51338cece424cbe1fffdc1c729ec73ee4e941d3c2,5,062702-5,II,20keV;151states,3d,20,keV,,,alpha projectile laboratory energy;A4 normalization only conditional;no conversion,alpha particle / proton species;exact masses unspecified,He2+,H(1s),He+(3d);native printed observable,electron_capture_cross_section,2.7,10^-17 cm^2,151-state coupled-Sturmian;asymmetric comparison; projectile centered,,NO_ROW_CERTIFICATE;151-state n3 unreliable per author;All/beyond3d source-authored threshold/tail correction,LITERATURE_SUPPORTED,TABLEII_20KEV_TWO_ROWS_VISUALLY_VERIFIED_BY_SOURCE_READER_AND_ROOT,NATIVE20KEV_ALPHA_ONLY;CONDITIONAL_A4_ADAPTER;G1_NOT_AUTHORIZED,NOT_RUN,NOT_RUN,NOT_RUN
P08,10.1103/PhysRevA.76.062702,papers/published/P08/PhysRevA.76.062702.pdf,3db45b5bdc7c185ba73e83a51338cece424cbe1fffdc1c729ec73ee4e941d3c2,5,062702-5,II,20keV;151states,beyond_3d,20,keV,,,alpha projectile laboratory energy;A4 normalization only conditional;no conversion,alpha particle / proton species;exact masses unspecified,He2+,H(1s),He+(beyond_3d);native printed observable,electron_capture_cross_section,1.7,10^-17 cm^2,151-state coupled-Sturmian;asymmetric comparison; projectile centered,,NO_ROW_CERTIFICATE;151-state n3 unreliable per author;All/beyond3d source-authored threshold/tail correction,LITERATURE_SUPPORTED,TABLEII_20KEV_TWO_ROWS_VISUALLY_VERIFIED_BY_SOURCE_READER_AND_ROOT,NATIVE20KEV_ALPHA_ONLY;CONDITIONAL_A4_ADAPTER;G1_NOT_AUTHORIZED,NOT_RUN,NOT_RUN,NOT_RUN
P08,10.1103/PhysRevA.76.062702,papers/published/P08/PhysRevA.76.062702.pdf,3db45b5bdc7c185ba73e83a51338cece424cbe1fffdc1c729ec73ee4e941d3c2,5,062702-5,II,20keV;151states,All,20,keV,,,alpha projectile laboratory energy;A4 normalization only conditional;no conversion,alpha particle / proton species;exact masses unspecified,He2+,H(1s),He+(All);native printed observable,electron_capture_cross_section,122,10^-17 cm^2,151-state coupled-Sturmian;asymmetric comparison; projectile centered,,NO_ROW_CERTIFICATE;151-state n3 unreliable per author;All/beyond3d source-authored threshold/tail correction,LITERATURE_SUPPORTED,TABLEII_20KEV_TWO_ROWS_VISUALLY_VERIFIED_BY_SOURCE_READER_AND_ROOT,NATIVE20KEV_ALPHA_ONLY;CONDITIONAL_A4_ADAPTER;G1_NOT_AUTHORIZED,NOT_RUN,NOT_RUN,NOT_RUN
